25.06.2017 00:34:23;sgscl1n2;         64;          8;          8;          8;          1;        512;      95232;   1.000;1.35599995;35.08000088;.00000000;114.55600357;290.73199463;139.43600464;151.29600525;.00000000;256.00000000;.00000000;.00000000;2834587648;1271967744;      0;      0;      0;      0;      0;      0;      0;      0;;;;;;;;;;;;;;;;;;;;;;;;;;;;;;;;;;;;;;;;;;;;;;;;;;;;;;;;;;;;   0.000;   0.000;   0.000;   0.710;   0.000;   0.000;   0.700;   0.010;   0.000; 1; 1; 1;       8;       1;       1;
25.06.2017 00:34:23;sgscl1n2;         64;          8;          8;          8;          1;        512;      95232;   1.000;1.38000001;35.27199984;.00799942;112.99200439;290.03601074;140.23599243;149.80000305;.00000000;256.00000000;.00000000;.00000000;2834067456;1271447552;      0;      2;      0;*******;      0;      1;      0;      1;;;;;;;;;;;;;;;;;;;;;;;;;;;;;;;;;;;;;;;;;;;;;;;;;;;;;;;;;;;;   0.000;   0.000;   0.000;   0.720;   0.000;   0.000;   0.700;   0.010;   0.010; 1; 1; 1;       8;       1;       1;
25.06.2017 00:34:23;sgscl1n2;         64;          8;          8;          8;          1;        512;      95232;   1.000;1.39199996;27.74399972;.00000000;100.99200630;290.67599487;160.25999451;130.41600037;.00000000;256.00000000;.00000000;.00000000;2845335552;1282715648;      0;      0;      0;      0;      0;      0;      0;      0;;;;;;;;;;;;;;;;;;;;;;;;;;;;;;;;;;;;;;;;;;;;;;;;;;;;;;;;;;;;   0.000;   0.000;   0.000;   0.700;   0.000;   0.000;   0.690;   0.000;   0.000; 1; 1; 1;       8;       1;       1;
25.06.2017 00:34:23;sgscl1n2;         64;          8;          8;          8;          1;        512;      95232;   1.000;1.39999998;28.60000002;.00000000;100.49600220;290.69598389;159.91999817;130.77600098;.00000000;256.00000000;.00000000;.00000000;2844717056;1282097152;      0;      0;      0;      0;      0;      0;      0;      0;;;;;;;;;;;;;;;;;;;;;;;;;;;;;;;;;;;;;;;;;;;;;;;;;;;;;;;;;;;;   0.000;   0.000;   0.000;   0.700;   0.000;   0.000;   0.710;   0.000;   0.000; 1; 1; 1;       8;       1;       1;
25.06.2017 00:34:23;sgscl1n2;         64;          8;          8;          8;          1;        512;      95232;   1.000;1.41600001;28.29599988;.00000000;102.12000084;290.66000366;158.55999756;132.10000610;.00000000;256.00000000;.00000000;.00000000;2859253760;1296633856;      0;      0;      0;      0;      0;      0;      0;      0;;;;;;;;;;;;;;;;;;;;;;;;;;;;;;;;;;;;;;;;;;;;;;;;;;;;;;;;;;;;   0.000;   0.000;   0.000;   0.710;   0.000;   0.000;   0.710;   0.010;   0.000; 1; 1; 1;       8;       1;       1;
25.06.2017 00:34:23;sgscl1n2;         64;          8;          8;          8;          1;        512;      95232;   1.000;1.45199997;28.78000009;.00000000;101.92000580;290.68798828;158.21600342;132.47200012;.00000000;256.00000000;.00000000;.00000000;2862395392;1299775488;      0;      0;      0;      0;      0;      0;      0;      0;;;;;;;;;;;;;;;;;;;;;;;;;;;;;;;;;;;;;;;;;;;;;;;;;;;;;;;;;;;;   0.000;   0.000;   0.000;   0.740;   0.000;   0.000;   0.710;   0.000;   0.000; 1; 1; 1;       8;       1;       1;
25.06.2017 00:34:23;sgscl1n2;         64;          8;          8;          8;          1;        512;      95232;   1.000;1.47599995;28.04800022;.00000000;101.30800056;290.69598389;159.56799316;131.12800598;.00000000;256.00000000;.00000000;.00000000;2879102976;1316483072;      0;      0;      0;      0;      0;      0;      0;      0;;;;;;;;;;;;;;;;;;;;;;;;;;;;;;;;;;;;;;;;;;;;;;;;;;;;;;;;;;;;   0.000;   0.000;   0.000;   0.700;   0.000;   0.000;   0.710;   0.010;   0.000; 1; 1; 1;       8;       1;       1;
25.06.2017 00:34:23;sgscl1n2;         64;          8;          8;          8;          1;        512;      95232;   1.000;1.48000002;28.51999998;.00000000;99.83200073;290.71200562;160.57200623;130.13999939;.00000000;256.00000000;.00000000;.00000000;2882334720;1319714816;      0;      0;      0;      0;      0;      0;      0;      0;;;;;;;;;;;;;;;;;;;;;;;;;;;;;;;;;;;;;;;;;;;;;;;;;;;;;;;;;;;;   0.000;   0.000;   0.000;   0.730;   0.000;   0.000;   0.700;   0.000;   0.010; 1; 1; 1;       8;       1;       1;
25.06.2017 00:34:23;sgscl1n3;         64;          8;          8;          8;          1;        512;      95232;   1.000;1.35200000;14.99999928;.00000000;81.29199791;290.65200806;192.77200317;97.87999725;.00000000;256.00000000;.00000000;.00000000;2895044608;1332424704;      0;      0;      0;      0;      0;      0;      0;      0;;;;;;;;;;;;;;;;;;;;;;;;;;;;;;;;;;;;;;;;;;;;;;;;;;;;;;;;;;;;   0.000;   0.000;   0.000;   0.730;   0.000;   0.000;   0.710;   0.020;   0.000; 1; 1; 1;       8;       1;       1;
25.06.2017 00:34:23;sgscl1n3;         64;          8;          8;          8;          1;        512;      95232;   1.000;1.36800003;28.46400070;.00000000;101.22399902;290.70397949;159.37199402;131.33200073;.00000000;256.00000000;.00000000;.00000000;2840416256;1277796352;      0;      0;      0;      0;      0;      0;      0;      0;;;;;;;;;;;;;;;;;;;;;;;;;;;;;;;;;;;;;;;;;;;;;;;;;;;;;;;;;;;;   0.000;   0.000;   0.000;   0.740;   0.000;   0.000;   0.700;   0.000;   0.010; 1; 1; 1;       8;       1;       1;
25.06.2017 00:34:23;sgscl1n3;         64;          8;          8;          8;          1;        512;      95232;   1.000;1.40400004;15.41199994;.00000000;81.03199959;290.55599976;192.42399597;98.13200378;.00000000;256.00000000;.00000000;.00000000;2912829440;1350209536;      0;      0;      0;      0;      0;      0;      0;      0;;;;;;;;;;;;;;;;;;;;;;;;;;;;;;;;;;;;;;;;;;;;;;;;;;;;;;;;;;;;   0.000;   0.000;   0.000;   0.720;   0.000;   0.000;   0.700;   0.000;   0.000; 1; 1; 1;       8;       1;       1;
25.06.2017 00:34:23;sgscl1n3;         64;          8;          8;          8;          1;        512;      95232;   1.000;1.40400004;16.23599935;.00000000;81.55200195;291.00000000;191.18800354;99.81199646;.00000000;256.00000000;.00000000;.00000000;2871017472;1308397568;      0;      0;      0;      0;      0;      0;      0;      0;;;;;;;;;;;;;;;;;;;;;;;;;;;;;;;;;;;;;;;;;;;;;;;;;;;;;;;;;;;;   0.000;   0.000;   0.000;   0.730;   0.000;   0.000;   0.680;   0.010;   0.010; 1; 1; 1;       8;       1;       1;
25.06.2017 00:34:23;sgscl1n3;         64;          8;          8;          8;          1;        512;      95232;   1.000;1.42800004;28.46000016;.00000000;99.32000542;290.72399902;161.22799683;129.49600220;.00000000;256.00000000;.00000000;.00000000;2839494656;1276874752;      0;      0;      0;      0;      0;      0;      0;      0;;;;;;;;;;;;;;;;;;;;;;;;;;;;;;;;;;;;;;;;;;;;;;;;;;;;;;;;;;;;   0.000;   0.000;   0.000;   0.730;   0.000;   0.000;   0.730;   0.000;   0.010; 1; 1; 1;       8;       1;       1;
25.06.2017 00:34:23;sgscl1n3;         64;          8;          8;          8;          1;        512;      95232;   1.000;1.44400001;17.89600015;.00000000;81.38399887;290.62799072;189.68800354;100.94000244;.00000000;256.00000000;.00000000;.00000000;2869628928;1307009024;      0;      0;      0;      0;      0;      0;      0;      0;;;;;;;;;;;;;;;;;;;;;;;;;;;;;;;;;;;;;;;;;;;;;;;;;;;;;;;;;;;;   0.000;   0.000;   0.000;   0.740;   0.000;   0.000;   0.680;   0.000;   0.010; 1; 1; 1;       8;       1;       1;
25.06.2017 00:34:23;sgscl1n3;         64;          8;          8;          8;          1;        512;      95232;   1.000;1.44799995;16.27199936;.00000000;80.37200356;290.65600586;192.28799438;98.36799622;.00000000;256.00000000;.00000000;.00000000;2926264320;1363644416;      0;      0;      0;      0;      0;      0;      0;      0;;;;;;;;;;;;;;;;;;;;;;;;;;;;;;;;;;;;;;;;;;;;;;;;;;;;;;;;;;;;   0.000;   0.000;   0.000;   0.740;   0.000;   0.000;   0.690;   0.010;   0.000; 1; 1; 1;       8;       1;       1;
25.06.2017 00:34:23;sgscl1n3;         64;          8;          8;          8;          1;        512;      95232;   1.000;1.46399999;16.02800059;.00000000;77.89200211;291.20001221;195.03199768;96.16799927;.00000000;256.00000000;.00000000;.00000000;2893651968;1331032064;      0;      0;      0;      0;      0;      0;      0;      0;;;;;;;;;;;;;;;;;;;;;;;;;;;;;;;;;;;;;;;;;;;;;;;;;;;;;;;;;;;;   0.000;   0.000;   0.000;   0.730;   0.000;   0.000;   0.640;   0.000;   0.010; 1; 1; 1;       8;       1;       1;
25.06.2017 00:34:23;sgscl1n4;         64;          8;          8;          8;          1;        512;      95232;   1.000;1.28400004;17.31600034;.00000000;79.52799797;290.88800049;192.46000671;98.42800140;.00000000;256.00000000;.00000000;.00000000;2908704768;1346084864;      0;      0;      0;      0;      0;      0;      0;      0;;;;;;;;;;;;;;;;;;;;;;;;;;;;;;;;;;;;;;;;;;;;;;;;;;;;;;;;;;;;   0.000;   0.000;   0.000;   0.710;   0.000;   0.000;   0.770;   0.000;   0.010; 1; 1; 1;       8;       1;       1;
25.06.2017 00:34:23;sgscl1n4;         64;          8;          8;          8;          1;        512;      95232;   1.000;1.29600000;16.95199919;.00000000;82.56800270;290.93200684;189.82000732;101.11199951;.00000000;256.00000000;.00000000;.00000000;2942517248;1379897344;      0;      0;      0;      0;      0;      0;      0;      0;;;;;;;;;;;;;;;;;;;;;;;;;;;;;;;;;;;;;;;;;;;;;;;;;;;;;;;;;;;;   0.000;   0.000;   0.000;   0.720;   0.000;   0.000;   0.770;   0.000;   0.000; 1; 1; 1;       8;       1;       1;
25.06.2017 00:34:23;sgscl1n4;         64;          8;          8;          8;          1;        512;      95232;   1.000;1.33200002;17.75199962;.00000000;81.94000244;290.91198730;189.60000610;101.31199646;.00000000;256.00000000;.00000000;.00000000;2893459456;1330839552;      0;      0;      0;      0;      0;      0;      0;      0;;;;;;;;;;;;;;;;;;;;;;;;;;;;;;;;;;;;;;;;;;;;;;;;;;;;;;;;;;;;   0.000;   0.000;   0.000;   0.720;   0.000;   0.000;   0.770;   0.000;   0.000; 1; 1; 1;       8;       1;       1;
25.06.2017 00:34:23;sgscl1n4;         64;          8;          8;          8;          1;        512;      95232;   1.000;1.34399998;16.60799968;.00000000;81.92000198;291.18798828;191.03599548;100.15200043;.00000000;256.00000000;.00000000;.00000000;2921009152;1358389248;      0;      0;      0;      0;      0;      0;      0;      0;;;;;;;;;;;;;;;;;;;;;;;;;;;;;;;;;;;;;;;;;;;;;;;;;;;;;;;;;;;;   0.000;   0.000;   0.000;   0.660;   0.000;   0.000;   0.760;   0.000;   0.010; 1; 1; 1;       8;       1;       1;
25.06.2017 00:34:23;sgscl1n4;         64;          8;          8;          8;          1;        512;      95232;   1.000;1.36399996;28.42000043;.00000000;100.04400253;290.85198975;160.76800537;130.08399963;.00000000;256.00000000;.00000000;.00000000;2857537536;1294917632;      0;      0;      0;      0;      0;      0;      0;      0;;;;;;;;;;;;;;;;;;;;;;;;;;;;;;;;;;;;;;;;;;;;;;;;;;;;;;;;;;;;   0.000;   0.000;   0.000;   0.720;   0.000;   0.000;   0.760;   0.000;   0.000; 1; 1; 1;       8;       1;       1;
25.06.2017 00:34:23;sgscl1n4;         64;          8;          8;          8;          1;        512;      95232;   1.000;1.36800003;16.28000069;.00000000;77.53599739;291.10800171;195.66000366;95.44799805;.00000000;256.00000000;.00000000;.00000000;2956263424;1277059072;      0;      0;      0;      0;      0;      0;      0;      0;;;;;;;;;;;;;;;;;;;;;;;;;;;;;;;;;;;;;;;;;;;;;;;;;;;;;;;;;;;;   0.000;   0.000;   0.000;   0.680;   0.000;   0.000;   0.760;   0.000;   0.000; 1; 1; 1;       8;       1;       1;
25.06.2017 00:34:23;sgscl1n4;         64;          8;          8;          8;          1;        512;      95232;   1.000;1.38400001;28.35999918;.00000000;101.40399361;290.89999390;159.44799805;131.45199585;.00000000;256.00000000;.00000000;.00000000;2865025024;1302405120;      0;      0;      0;      0;      0;      0;      0;      0;;;;;;;;;;;;;;;;;;;;;;;;;;;;;;;;;;;;;;;;;;;;;;;;;;;;;;;;;;;;   0.000;   0.000;   0.000;   0.700;   0.000;   0.000;   0.780;   0.000;   0.000; 1; 1; 1;       8;       1;       1;
25.06.2017 00:34:23;sgscl1n4;         64;          8;          8;          8;          1;        512;      95232;   1.000;1.42000002;16.99200034;.00000000;79.65999603;290.76000977;192.38000488;98.37999725;.00000000;256.00000000;.00000000;.00000000;2924699648;1362079744;      0;      0;      0;      0;      0;      0;      0;      0;;;;;;;;;;;;;;;;;;;;;;;;;;;;;;;;;;;;;;;;;;;;;;;;;;;;;;;;;;;;   0.000;   0.000;   0.000;   0.720;   0.000;   0.000;   0.750;   0.000;   0.000; 1; 1; 1;       8;       1;       1;
25.06.2017 00:34:23;sgscl1n5;         64;          8;          8;          8;          1;        512;      95232;   1.000;1.35599995;27.03200054;.00000000;101.49200439;291.02801514;160.86799622;130.16000366;.00000000;256.00000000;.00000000;.00000000;2890006528;1327386624;      0;      0;      0;      0;      0;      0;      0;      0;;;;;;;;;;;;;;;;;;;;;;;;;;;;;;;;;;;;;;;;;;;;;;;;;;;;;;;;;;;;   0.000;   0.000;   0.000;   0.630;   0.000;   0.000;   0.700;   0.020;   0.000; 1; 1; 1;       8;       1;       1;
25.06.2017 00:34:23;sgscl1n5;         64;          8;          8;          8;          1;        512;      95232;   1.000;1.38000000;15.75999939;.00000000;81.41200256;291.14001465;192.31199646;98.82800293;.00000000;256.00000000;.00000000;.00000000;2973548544;1410928640;      0;      0;      0;      0;      0;      0;      0;      0;;;;;;;;;;;;;;;;;;;;;;;;;;;;;;;;;;;;;;;;;;;;;;;;;;;;;;;;;;;;   0.000;   0.000;   0.000;   0.670;   0.000;   0.000;   0.740;   0.000;   0.010; 1; 1; 1;       8;       1;       1;
25.06.2017 00:34:23;sgscl1n5;         64;          8;          8;          8;          1;        512;      95232;   1.000;1.38000000;17.22799981;.00000000;79.74399757;290.79199219;192.17999268;98.61199951;.00000000;256.00000000;.00000000;.00000000;2947575808;1384955904;      0;      0;      0;      0;      0;      0;      0;      0;;;;;;;;;;;;;;;;;;;;;;;;;;;;;;;;;;;;;;;;;;;;;;;;;;;;;;;;;;;;   0.000;   0.000;   0.000;   0.680;   0.000;   0.000;   0.730;   0.010;   0.010; 1; 1; 1;       8;       1;       1;
25.06.2017 00:34:23;sgscl1n5;         64;          8;          8;          8;          1;        512;      95232;   1.000;1.39199996;16.51199937;.00000000;81.76799774;291.07199097;190.86799622;100.20400238;.00000000;256.00000000;.00000000;.00000000;2947092480;1384472576;      0;      0;      0;      0;      0;      0;      0;      0;;;;;;;;;;;;;;;;;;;;;;;;;;;;;;;;;;;;;;;;;;;;;;;;;;;;;;;;;;;;   0.000;   0.000;   0.000;   0.720;   0.000;   0.000;   0.700;   0.000;   0.000; 1; 1; 1;       8;       1;       1;
25.06.2017 00:34:23;sgscl1n5;         64;          8;          8;          8;          1;        512;      95232;   1.000;1.39199996;28.00000024;.00000000;100.45199394;290.82800293;160.70799255;130.11999512;.00000000;256.00000000;.00000000;.00000000;2884599808;1321979904;      0;      0;      0;      0;      0;      0;      0;      0;;;;;;;;;;;;;;;;;;;;;;;;;;;;;;;;;;;;;;;;;;;;;;;;;;;;;;;;;;;;   0.000;   0.000;   0.000;   0.700;   0.000;   0.000;   0.700;   0.000;   0.010; 1; 1; 1;       8;       1;       1;
25.06.2017 00:34:23;sgscl1n5;         64;          8;          8;          8;          1;        512;      95232;   1.000;1.41999996;16.61599934;.00000000;80.99599838;291.33599854;191.64399719;99.69200134;.00000000;256.00000000;.00000000;.00000000;2987356160;1424736256;      0;      0;      0;      0;      0;      0;      0;      0;;;;;;;;;;;;;;;;;;;;;;;;;;;;;;;;;;;;;;;;;;;;;;;;;;;;;;;;;;;;   0.000;   0.000;   0.000;   0.670;   0.000;   0.000;   0.670;   0.000;   0.000; 1; 1; 1;       8;       1;       1;
25.06.2017 00:34:23;sgscl1n5;         64;          8;          8;          8;          1;        512;      95232;   1.000;1.42400002;15.63999915;.00000000;80.14000320;291.02401733;193.54400635;97.48000336;.00000000;256.00000000;.00000000;.00000000;2921148416;1358528512;      0;      0;      0;      0;      0;      0;      0;      0;;;;;;;;;;;;;;;;;;;;;;;;;;;;;;;;;;;;;;;;;;;;;;;;;;;;;;;;;;;;   0.000;   0.000;   0.000;   0.670;   0.000;   0.000;   0.700;   0.010;   0.000; 1; 1; 1;       8;       1;       1;
25.06.2017 00:34:23;sgscl1n5;         64;          8;          8;          8;          1;        512;      95232;   1.000;1.44799995;16.77600098;.00000000;80.57600212;291.13598633;191.82400513;99.31199646;.00000000;256.00000000;.00000000;.00000000;2915876864;1353256960;      0;      0;      0;      0;      0;      0;      0;      0;;;;;;;;;;;;;;;;;;;;;;;;;;;;;;;;;;;;;;;;;;;;;;;;;;;;;;;;;;;;   0.000;   0.000;   0.000;   0.730;   0.000;   0.000;   0.680;   0.010;   0.010; 1; 1; 1;       8;       1;       1;
25.06.2017 00:34:23;sgscl1n6;         64;          8;          8;          8;          1;        512;      95232;   1.000;1.27199996;17.17999971;.00000000;79.15600204;290.62399292;192.81199646;97.81199646;.00000000;256.00000000;.00000000;.00000000;2947846144;1385226240;      0;      0;      0;      0;      0;      0;      0;      0;;;;;;;;;;;;;;;;;;;;;;;;;;;;;;;;;;;;;;;;;;;;;;;;;;;;;;;;;;;;   0.000;   0.000;   0.000;   0.720;   0.000;   0.000;   0.750;   0.010;   0.010; 1; 1; 1;       8;       1;       1;
25.06.2017 00:34:23;sgscl1n6;         64;          8;          8;          8;          1;        512;      95232;   1.000;1.27999997;14.57999969;.00000000;79.80799961;290.71600342;194.87199402;95.84400177;.00000000;256.00000000;.00000000;.00000000;2943213568;1380593664;      0;      0;      0;      0;      0;      0;      0;      0;;;;;;;;;;;;;;;;;;;;;;;;;;;;;;;;;;;;;;;;;;;;;;;;;;;;;;;;;;;;   0.000;   0.000;   0.000;   0.730;   0.000;   0.000;   0.700;   0.000;   0.010; 1; 1; 1;       8;       1;       1;
25.06.2017 00:34:23;sgscl1n6;         64;          8;          8;          8;          1;        512;      95232;   1.000;1.34800005;15.73199987;.00000000;80.03599739;290.59997559;193.28799438;97.31199646;.00000000;256.00000000;.00000000;.00000000;2980208640;1417588736;      0;      0;      0;      0;      0;      0;      0;      0;;;;;;;;;;;;;;;;;;;;;;;;;;;;;;;;;;;;;;;;;;;;;;;;;;;;;;;;;;;;   0.000;   0.000;   0.000;   0.680;   0.000;   0.000;   0.710;   0.000;   0.000; 1; 1; 1;       8;       1;       1;
25.06.2017 00:34:23;sgscl1n6;         64;          8;          8;          8;          1;        512;      95232;   1.000;1.36800003;14.78800011;.00000000;81.01199913;290.73999023;193.36000061;97.37999725;.00000000;256.00000000;.00000000;.00000000;2911940608;1349320704;      0;      0;      0;      0;      0;      0;      0;      0;;;;;;;;;;;;;;;;;;;;;;;;;;;;;;;;;;;;;;;;;;;;;;;;;;;;;;;;;;;;   0.000;   0.000;   0.000;   0.720;   0.000;   0.000;   0.700;   0.000;   0.010; 1; 1; 1;       8;       1;       1;
25.06.2017 00:34:23;sgscl1n6;         64;          8;          8;          8;          1;        512;      95232;   1.000;1.37999994;17.26400077;.00000000;83.42000008;291.21200562;188.67599487;102.53600311;.00000000;256.00000000;.00000000;.00000000;2983743488;1421123584;      0;      0;      0;      0;      0;      0;      0;      0;;;;;;;;;;;;;;;;;;;;;;;;;;;;;;;;;;;;;;;;;;;;;;;;;;;;;;;;;;;;   0.000;   0.000;   0.000;   0.690;   0.000;   0.000;   0.680;   0.000;   0.000; 1; 1; 1;       8;       1;       1;
25.06.2017 00:34:23;sgscl1n6;         64;          8;          8;          8;          1;        512;      95232;   1.000;1.38399994;27.05600059;.00000000;99.36400032;290.96398926;163.02400208;127.94000244;.00000000;256.00000000;.00000000;.00000000;2884345856;1321725952;      0;      0;      0;      0;      0;      0;      0;      0;;;;;;;;;;;;;;;;;;;;;;;;;;;;;;;;;;;;;;;;;;;;;;;;;;;;;;;;;;;;   0.000;   0.000;   0.000;   0.660;   0.000;   0.000;   0.690;   0.000;   0.010; 1; 1; 1;       8;       1;       1;
25.06.2017 00:34:23;sgscl1n6;         64;          8;          8;          8;          1;        512;      95232;   1.000;1.39600003;28.29199970;.00000000;101.92000198;290.62799072;158.88400269;131.74400330;.00000000;256.00000000;.00000000;.00000000;2891272192;1328652288;      0;      0;      0;      0;      0;      0;      0;      0;;;;;;;;;;;;;;;;;;;;;;;;;;;;;;;;;;;;;;;;;;;;;;;;;;;;;;;;;;;;   0.000;   0.000;   0.000;   0.740;   0.000;   0.000;   0.700;   0.000;   0.000; 1; 1; 1;       8;       1;       1;
25.06.2017 00:34:23;sgscl1n6;         64;          8;          8;          8;          1;        512;      95232;   1.000;1.41600001;17.23600042;.00000000;82.23200226;290.70001221;189.58799744;101.11199951;.00000000;256.00000000;.00000000;.00000000;2926784512;1364164608;      0;      0;      0;      0;      0;      0;      0;      0;;;;;;;;;;;;;;;;;;;;;;;;;;;;;;;;;;;;;;;;;;;;;;;;;;;;;;;;;;;;   0.000;   0.000;   0.000;   0.700;   0.000;   0.000;   0.750;   0.000;   0.000; 1; 1; 1;       8;       1;       1;
25.06.2017 00:34:23;sgscl1n7;         64;          8;          8;          8;          1;        512;      95232;   1.000;1.07200003;15.71600008;.00000000;80.50000191;290.73599243;193.17199707;97.56400299;.00000000;256.00000000;.00000000;.00000000;2920951808;1358331904;      0;      0;      0;      0;      0;      0;      0;      0;;;;;;;;;;;;;;;;;;;;;;;;;;;;;;;;;;;;;;;;;;;;;;;;;;;;;;;;;;;;   0.000;   0.000;   0.000;   0.700;   0.000;   0.000;   0.740;   0.000;   0.000; 1; 1; 1;       8;       1;       1;
25.06.2017 00:34:23;sgscl1n7;         64;          8;          8;          8;          1;        512;      95232;   1.000;1.08800006;16.94799924;.00000000;81.24399948;290.62799072;191.09199524;99.53600311;.00000000;256.00000000;.00000000;.00000000;2935050240;1372430336;      0;      0;      0;      0;      0;      0;      0;      0;;;;;;;;;;;;;;;;;;;;;;;;;;;;;;;;;;;;;;;;;;;;;;;;;;;;;;;;;;;;   0.000;   0.000;   0.000;   0.700;   0.000;   0.000;   0.740;   0.010;   0.010; 1; 1; 1;       8;       1;       1;
25.06.2017 00:34:23;sgscl1n7;         64;          8;          8;          8;          1;        512;      95232;   1.000;1.13199997;16.36800003;.00000000;81.55599976;290.83200073;191.46400452;99.36799622;.00000000;256.00000000;.00000000;.00000000;2942402560;1379782656;      0;      0;      0;      0;      0;      0;      0;      0;;;;;;;;;;;;;;;;;;;;;;;;;;;;;;;;;;;;;;;;;;;;;;;;;;;;;;;;;;;;   0.000;   0.000;   0.000;   0.670;   0.000;   0.000;   0.710;   0.010;   0.010; 1; 1; 1;       8;       1;       1;
25.06.2017 00:34:23;sgscl1n7;         64;          8;          8;          8;          1;        512;      95232;   1.000;1.13999999;17.02799928;.00000000;81.75600433;290.65600586;190.46800232;100.18800354;.00000000;256.00000000;.00000000;.00000000;2940100608;1377480704;      0;      0;      0;      0;      0;      0;      0;      0;;;;;;;;;;;;;;;;;;;;;;;;;;;;;;;;;;;;;;;;;;;;;;;;;;;;;;;;;;;;   0.000;   0.000;   0.000;   0.710;   0.000;   0.000;   0.750;   0.000;   0.000; 1; 1; 1;       8;       1;       1;
25.06.2017 00:34:23;sgscl1n7;         64;          8;          8;          8;          1;        512;      95232;   1.000;1.13999999;28.21600091;.00000000;101.75599861;290.68402100;159.29200745;131.39199829;.00000000;256.00000000;.00000000;.00000000;2866753536;1304133632;      0;      0;      0;      0;      0;      0;      0;      0;;;;;;;;;;;;;;;;;;;;;;;;;;;;;;;;;;;;;;;;;;;;;;;;;;;;;;;;;;;;   0.000;   0.000;   0.000;   0.730;   0.000;   0.000;   0.750;   0.000;   0.000; 1; 1; 1;       8;       1;       1;
25.06.2017 00:34:23;sgscl1n7;         64;          8;          8;          8;          1;        512;      95232;   1.000;1.14000005;16.88799953;.00000000;81.87199974;290.59600830;190.41600037;100.18000031;.00000000;256.00000000;.00000000;.00000000;2890780672;1328160768;      0;      0;      0;      0;      0;      0;      0;      0;;;;;;;;;;;;;;;;;;;;;;;;;;;;;;;;;;;;;;;;;;;;;;;;;;;;;;;;;;;;   0.000;   0.000;   0.000;   0.710;   0.000;   0.000;   0.720;   0.000;   0.000; 1; 1; 1;       8;       1;       1;
25.06.2017 00:34:23;sgscl1n7;         64;          8;          8;          8;          1;        512;      95232;   1.000;1.16000003;28.56800032;.00000000;102.02799416;291.01202393;158.96800232;132.04400635;.00000000;256.00000000;.00000000;.00000000;2858201088;1295581184;      0;      0;      0;      0;      0;      0;      0;      0;;;;;;;;;;;;;;;;;;;;;;;;;;;;;;;;;;;;;;;;;;;;;;;;;;;;;;;;;;;;   0.000;   0.000;   0.000;   0.650;   0.000;   0.000;   0.750;   0.000;   0.010; 1; 1; 1;       8;       1;       1;
25.06.2017 00:34:23;sgscl1n7;         64;          8;          8;          8;          1;        512;      95232;   1.000;1.17199995;16.07200086;.00000000;80.38000298;290.80001831;192.87600708;97.92400360;.00000000;256.00000000;.00000000;.00000000;2906902528;1344282624;      0;      0;      0;      0;      0;      0;      0;      0;;;;;;;;;;;;;;;;;;;;;;;;;;;;;;;;;;;;;;;;;;;;;;;;;;;;;;;;;;;;   0.000;   0.000;   0.000;   0.730;   0.000;   0.000;   0.740;   0.010;   0.010; 1; 1; 1;       8;       1;       1;
25.06.2017 00:34:23;sgscl1n8;         64;          8;          8;          8;          1;        512;      95232;   1.000;1.33200002;17.22000003;.00000000;80.50799751;290.02398682;190.69999695;99.32399750;.00000000;256.00000000;.00000000;.00000000;2866024448;1303404544;      0;      0;      0;      0;      0;      0;      0;      0;;;;;;;;;;;;;;;;;;;;;;;;;;;;;;;;;;;;;;;;;;;;;;;;;;;;;;;;;;;;   0.000;   0.000;   0.000;   0.700;   0.000;   0.000;   0.730;   0.000;   0.000; 1; 1; 1;       8;       1;       1;
25.06.2017 00:34:23;sgscl1n8;         64;          8;          8;          8;          1;        512;      95232;   1.000;1.34399998;17.34799945;.00000000;78.49600410;290.17599487;192.66799927;97.50800323;.00000000;256.00000000;.00000000;.00000000;2901061632;1338441728;      0;      0;      0;      0;      0;      0;      0;      0;;;;;;;;;;;;;;;;;;;;;;;;;;;;;;;;;;;;;;;;;;;;;;;;;;;;;;;;;;;;   0.000;   0.000;   0.000;   0.720;   0.000;   0.000;   0.730;   0.000;   0.010; 1; 1; 1;       8;       1;       1;
25.06.2017 00:34:23;sgscl1n8;         64;          8;          8;          8;          1;        512;      95232;   1.000;1.35200000;28.41599965;.00399971;100.95199966;289.95202637;158.93200684;131.02000427;.00000000;256.00000000;.00000000;.00000000;2844209152;1281589248;      0;      0;      0;      0;      0;      0;      0;      0;;;;;;;;;;;;;;;;;;;;;;;;;;;;;;;;;;;;;;;;;;;;;;;;;;;;;;;;;;;;   0.000;   0.000;   0.000;   0.690;   0.000;   0.000;   0.740;   0.000;   0.000; 1; 1; 1;       8;       1;       1;
25.06.2017 00:34:23;sgscl1n8;         64;          8;          8;          8;          1;        512;      95232;   1.000;1.36000001;17.17599928;.00000000;82.57200241;290.69201660;189.02799988;101.66400146;.00000000;256.00000000;.00000000;.00000000;2890186752;1327566848;      0;      0;      0;      0;      0;      0;      0;      0;;;;;;;;;;;;;;;;;;;;;;;;;;;;;;;;;;;;;;;;;;;;;;;;;;;;;;;;;;;;   0.000;   0.000;   0.000;   0.680;   0.000;   0.000;   0.690;   0.000;   0.010; 1; 1; 1;       8;       1;       1;
25.06.2017 00:34:23;sgscl1n8;         64;          8;          8;          8;          1;        512;      95232;   1.000;1.37600005;17.28000009;.00000000;81.65199852;290.14401245;189.18800354;100.95600128;.00000000;256.00000000;.00000000;.00000000;2870452224;1307832320;      0;      0;      0;      0;      0;      0;      0;      0;;;;;;;;;;;;;;;;;;;;;;;;;;;;;;;;;;;;;;;;;;;;;;;;;;;;;;;;;;;;   0.000;   0.000;   0.000;   0.690;   0.000;   0.000;   0.680;   0.000;   0.010; 1; 1; 1;       8;       1;       1;
25.06.2017 00:34:23;sgscl1n8;         64;          8;          8;          8;          1;        512;      95232;   1.000;1.38000000;16.25999939;.00000000;78.96399689;289.38000488;192.48399353;96.89600372;.00000000;256.00000000;.00000000;.00000000;2914873344;1352253440;      0;      0;      0;      0;      0;      0;      0;      0;;;;;;;;;;;;;;;;;;;;;;;;;;;;;;;;;;;;;;;;;;;;;;;;;;;;;;;;;;;;   0.000;   0.000;   0.000;   0.730;   0.000;   0.000;   0.740;   0.000;   0.000; 1; 1; 1;       8;       1;       1;
25.06.2017 00:34:23;sgscl1n8;         64;          8;          8;          8;          1;        512;      95232;   1.000;1.39199996;27.95599961;.00399971;100.04799461;289.72799683;160.05599976;129.67199707;.00000000;256.00000000;.00000000;.00000000;2841227264;1278607360;      0;      0;      0;      0;      0;      0;      0;      0;;;;;;;;;;;;;;;;;;;;;;;;;;;;;;;;;;;;;;;;;;;;;;;;;;;;;;;;;;;;   0.000;   0.000;   0.000;   0.720;   0.000;   0.000;   0.740;   0.000;   0.000; 1; 1; 1;       8;       1;       1;
25.06.2017 00:34:23;sgscl1n8;         64;          8;          8;          8;          1;        512;      95232;   1.000;1.42000002;16.34799933;.00000000;77.21200180;290.11199951;194.83599854;95.27600098;.00000000;256.00000000;.00000000;.00000000;2924580864;1361960960;      0;      0;      0;      0;      0;      0;      0;      0;;;;;;;;;;;;;;;;;;;;;;;;;;;;;;;;;;;;;;;;;;;;;;;;;;;;;;;;;;;;   0.000;   0.000;   0.000;   0.720;   0.000;   0.000;   0.730;   0.010;   0.010; 1; 1; 1;       8;       1;       1;
25.06.2017 00:34:23;sgscl1n9;         64;          8;          8;          8;          1;        512;      95232;   1.000;1.29200006;36.14799857;.00000000;115.97999954;290.83599854;137.22799683;153.60800171;.00000000;256.00000000;.00000000;.00000000;2820370432;1257750528;      0;      0;      0;      0;      0;      0;      0;      0;;;;;;;;;;;;;;;;;;;;;;;;;;;;;;;;;;;;;;;;;;;;;;;;;;;;;;;;;;;;   0.000;   0.000;   0.000;   0.700;   0.000;   0.000;   0.700;   0.010;   0.010; 1; 1; 1;       8;       1;       1;
25.06.2017 00:34:23;sgscl1n9;         64;          8;          8;          8;          1;        512;      95232;   1.000;1.35599995;28.36399937;.00000000;101.89599800;290.84399414;159.02000427;131.82400513;.00000000;256.00000000;.00000000;.00000000;2840887296;1278267392;      0;      0;      0;      0;      0;      0;      0;      0;;;;;;;;;;;;;;;;;;;;;;;;;;;;;;;;;;;;;;;;;;;;;;;;;;;;;;;;;;;;   0.000;   0.000;   0.000;   0.760;   0.000;   0.000;   0.720;   0.000;   0.000; 1; 1; 1;       8;       1;       1;
25.06.2017 00:34:23;sgscl1n9;         64;          8;          8;          8;          1;        512;      95232;   1.000;1.37600005;28.24400079;.00000000;101.56800270;290.83200073;159.44400024;131.38800049;.00000000;256.00000000;.00000000;.00000000;2877652992;1315033088;      0;      0;      0;      0;      0;      0;      0;      0;;;;;;;;;;;;;;;;;;;;;;;;;;;;;;;;;;;;;;;;;;;;;;;;;;;;;;;;;;;;   0.000;   0.000;   0.000;   0.760;   0.000;   0.000;   0.690;   0.000;   0.000; 1; 1; 1;       8;       1;       1;
25.06.2017 00:34:23;sgscl1n9;         64;          8;          8;          8;          1;        512;      95232;   1.000;1.37600005;28.59200037;.00000000;102.66800117;290.87200928;158.04800415;132.82400513;.00000000;256.00000000;.00000000;.00000000;2849656832;1287036928;      0;      0;      0;      0;      0;      0;      0;      0;;;;;;;;;;;;;;;;;;;;;;;;;;;;;;;;;;;;;;;;;;;;;;;;;;;;;;;;;;;;   0.000;   0.000;   0.000;   0.710;   0.000;   0.000;   0.710;   0.010;   0.000; 1; 1; 1;       8;       1;       1;
25.06.2017 00:34:23;sgscl1n9;         64;          8;          8;          8;          1;        512;      95232;   1.000;1.38000000;28.61200058;.00000000;103.08800125;290.84802246;157.57600403;133.27200317;.00000000;256.00000000;.00000000;.00000000;2858655744;1296035840;      0;      0;      0;      0;      0;      0;      0;      0;;;;;;;;;;;;;;;;;;;;;;;;;;;;;;;;;;;;;;;;;;;;;;;;;;;;;;;;;;;;   0.000;   0.000;   0.000;   0.740;   0.000;   0.000;   0.700;   0.000;   0.010; 1; 1; 1;       8;       1;       1;
25.06.2017 00:34:23;sgscl1n9;         64;          8;          8;          8;          1;        512;      95232;   1.000;1.38800001;36.16399813;.00000000;115.74000931;291.18402100;137.38400269;153.80000305;.00000000;256.00000000;.00000000;.00000000;2824429568;1261809664;      0;      0;      0;      0;      0;      0;      0;      0;;;;;;;;;;;;;;;;;;;;;;;;;;;;;;;;;;;;;;;;;;;;;;;;;;;;;;;;;;;;   0.000;   0.000;   0.000;   0.710;   0.000;   0.000;   0.670;   0.010;   0.010; 1; 1; 1;       8;       1;       1;
25.06.2017 00:34:23;sgscl1n9;         64;          8;          8;          8;          1;        512;      95232;   1.000;1.39600003;27.97999942;.00000000;101.98400116;290.85198975;159.32400513;131.52799988;.00000000;256.00000000;.00000000;.00000000;2876305408;1313685504;      0;      0;      0;      0;      0;      0;      0;      0;;;;;;;;;;;;;;;;;;;;;;;;;;;;;;;;;;;;;;;;;;;;;;;;;;;;;;;;;;;;   0.000;   0.000;   0.000;   0.700;   0.000;   0.000;   0.720;   0.000;   0.000; 1; 1; 1;       8;       1;       1;
25.06.2017 00:34:23;sgscl1n9;         64;          8;          8;          8;          1;        512;      95232;   1.000;1.43200004;28.37600052;.00000000;102.01600456;290.77999878;158.74800110;132.03199768;.00000000;256.00000000;.00000000;.00000000;2879143936;1316524032;      0;      0;      0;      0;      0;      0;      0;      0;;;;;;;;;;;;;;;;;;;;;;;;;;;;;;;;;;;;;;;;;;;;;;;;;;;;;;;;;;;;   0.000;   0.000;   0.000;   0.740;   0.000;   0.000;   0.720;   0.020;   0.000; 1; 1; 1;       8;       1;       1;
25.06.2017 00:40:02;sgscl1n2;         64;          8;          8;          8;          1;        512;      95232;   1.000;1.27599997;34.94399905;.00000000;145.22000122;334.62399292;152.95599365;181.66799927;.00000000;128.00000000;128.00000000;.00000000;2922684416;1360064512;      0;      0;      0;      0;      0;      0;      0;      0;;;;;;;;;;;;;;;;;;;;;;;;;;;;;;;;;;;;;;;;;;;;;;;;;;;;;;;;;;;;   0.000;   0.000;   0.000;   0.750;   0.000;   0.000;   0.740;   0.010;   0.000; 1; 1; 1;       2;       1;       1;
25.06.2017 00:40:02;sgscl1n2;         64;          8;          8;          8;          1;        512;      95232;   1.000;1.30000002;24.48799980;.00000000;114.02800751;334.47601318;194.39999390;140.07600403;.00000000;128.00000000;128.00000000;.00000000;3066339328;1503719424;      0;      0;      0;      0;      0;      0;      0;      0;;;;;;;;;;;;;;;;;;;;;;;;;;;;;;;;;;;;;;;;;;;;;;;;;;;;;;;;;;;;   0.000;   0.000;   0.000;   0.720;   0.000;   0.000;   0.780;   0.010;   0.010; 1; 1; 1;       2;       1;       1;
25.06.2017 00:40:02;sgscl1n2;         64;          8;          8;          8;          1;        512;      95232;   1.000;1.31599998;23.91200066;.00000000;108.76400375;334.48797607;200.25199890;134.23599243;.00000000;128.00000000;128.00000000;.00000000;3066101760;1503481856;      0;      0;      0;      0;      0;      0;      0;      0;;;;;;;;;;;;;;;;;;;;;;;;;;;;;;;;;;;;;;;;;;;;;;;;;;;;;;;;;;;;   0.000;   0.000;   0.000;   0.720;   0.000;   0.000;   0.740;   0.000;   0.000; 1; 1; 1;       2;       1;       1;
25.06.2017 00:40:02;sgscl1n2;         64;          8;          8;          8;          1;        512;      95232;   1.000;1.31999995;30.24800026;.00000000;129.02400589;334.51199341;173.69599915;160.81599426;.00000000;128.00000000;128.00000000;.00000000;2981044224;1418424320;      0;      0;      0;      0;      0;      0;      0;      0;;;;;;;;;;;;;;;;;;;;;;;;;;;;;;;;;;;;;;;;;;;;;;;;;;;;;;;;;;;;   0.000;   0.000;   0.000;   0.710;   0.000;   0.000;   0.740;   0.000;   0.010; 1; 1; 1;       2;       1;       1;
25.06.2017 00:40:02;sgscl1n2;         64;          8;          8;          8;          1;        512;      95232;   1.000;1.32799995;30.21600068;.00000000;127.80400658;335.11602783;175.04400635;160.07200623;.00000000;128.00000000;128.00000000;.00000000;2989830144;1427210240;      0;      0;      0;      0;      0;      0;      0;      0;;;;;;;;;;;;;;;;;;;;;;;;;;;;;;;;;;;;;;;;;;;;;;;;;;;;;;;;;;;;   0.000;   0.000;   0.000;   0.740;   0.000;   0.000;   0.690;   0.000;   0.010; 1; 1; 1;       2;       1;       1;
25.06.2017 00:40:02;sgscl1n2;         64;          8;          8;          8;          1;        512;      95232;   1.000;1.37600005;30.48000085;.00000000;129.89599800;334.58398438;172.62399292;161.96000671;.00000000;128.00000000;128.00000000;.00000000;2981408768;1418788864;      0;      0;      0;      0;      0;      0;      0;      0;;;;;;;;;;;;;;;;;;;;;;;;;;;;;;;;;;;;;;;;;;;;;;;;;;;;;;;;;;;;   0.000;   0.000;   0.000;   0.750;   0.000;   0.000;   0.750;   0.000;   0.010; 1; 1; 1;       2;       1;       1;
25.06.2017 00:40:02;sgscl1n2;         64;          8;          8;          8;          1;        512;      95232;   1.000;1.39999998;32.66800082;.00799942;141.28799820;333.44000244;157.96000671;175.47999573;.00000000;128.00000000;128.00000000;.00000000;2934837248;1372217344;      0;      2;      0;*******;      0;      1;      1;      1;;;;;;;;;;;;;;;;;;;;;;;;;;;;;;;;;;;;;;;;;;;;;;;;;;;;;;;;;;;;   0.000;   0.000;   0.000;   0.740;   0.000;   0.000;   0.780;   0.000;   0.000; 1; 1; 1;       2;       1;       1;
25.06.2017 00:40:02;sgscl1n2;         64;          8;          8;          8;          1;        512;      95232;   1.000;1.40400004;29.90800023;.00000000;130.98000717;334.68798828;172.01199341;162.67599487;.00000000;128.00000000;128.00000000;.00000000;2977439744;1414819840;      0;      0;      0;      0;      0;      0;      0;      0;;;;;;;;;;;;;;;;;;;;;;;;;;;;;;;;;;;;;;;;;;;;;;;;;;;;;;;;;;;;   0.000;   0.000;   0.000;   0.710;   0.000;   0.000;   0.700;   0.000;   0.010; 1; 1; 1;       2;       1;       1;
25.06.2017 00:40:02;sgscl1n3;         64;          8;          8;          8;          1;        512;      95232;   1.000;1.24399996;22.84399939;.00000000;107.61599541;333.80798340;201.88400269;131.92399597;.00000000;128.00000000;128.00000000;.00000000;3076558848;1513938944;      0;      0;      0;      0;      0;      0;      0;      0;;;;;;;;;;;;;;;;;;;;;;;;;;;;;;;;;;;;;;;;;;;;;;;;;;;;;;;;;;;;   0.000;   0.000;   0.000;   0.730;   0.000;   0.000;   0.750;   0.000;   0.000; 1; 1; 1;       2;       1;       1;
25.06.2017 00:40:02;sgscl1n3;         64;          8;          8;          8;          1;        512;      95232;   1.000;1.24399996;29.83599997;.00399971;132.11999512;334.28399658;170.28399658;164.00000000;.00000000;128.00000000;128.00000000;.00000000;2985267200;1422647296;      0;      0;      0;      0;      0;      0;      0;      0;;;;;;;;;;;;;;;;;;;;;;;;;;;;;;;;;;;;;;;;;;;;;;;;;;;;;;;;;;;;   0.000;   0.000;   0.000;   0.710;   0.000;   0.000;   0.670;   0.000;   0.010; 1; 1; 1;       2;       1;       1;
25.06.2017 00:40:02;sgscl1n3;         64;          8;          8;          8;          1;        512;      95232;   1.000;1.26399995;33.30800188;.00000000;143.56799316;333.80798340;155.41600037;178.39199829;.00000000;128.00000000;128.00000000;.00000000;2918477824;1355857920;      0;      0;      0;      0;      0;      0;      0;      0;;;;;;;;;;;;;;;;;;;;;;;;;;;;;;;;;;;;;;;;;;;;;;;;;;;;;;;;;;;;   0.000;   0.000;   0.000;   0.740;   0.000;   0.000;   0.740;   0.000;   0.010; 1; 1; 1;       2;       1;       1;
25.06.2017 00:40:02;sgscl1n3;         64;          8;          8;          8;          1;        512;      95232;   1.000;1.28000006;29.33600020;.00000000;130.08800316;334.23999023;172.75199890;161.48800659;.00000000;128.00000000;128.00000000;.00000000;2985963520;1423343616;      0;      0;      0;      0;      0;      0;      0;      0;;;;;;;;;;;;;;;;;;;;;;;;;;;;;;;;;;;;;;;;;;;;;;;;;;;;;;;;;;;;   0.000;   0.000;   0.000;   0.700;   0.000;   0.000;   0.680;   0.000;   0.000; 1; 1; 1;       2;       1;       1;
25.06.2017 00:40:02;sgscl1n3;         64;          8;          8;          8;          1;        512;      95232;   1.000;1.28400004;33.79200017;.00000000;140.01199722;333.75201416;158.44000244;175.31199646;.00000000;128.00000000;128.00000000;.00000000;2918203392;1355583488;      0;      0;      0;      0;      0;      0;      0;      0;;;;;;;;;;;;;;;;;;;;;;;;;;;;;;;;;;;;;;;;;;;;;;;;;;;;;;;;;;;;   0.000;   0.000;   0.000;   0.710;   0.000;   0.000;   0.740;   0.000;   0.000; 1; 1; 1;       2;       1;       1;
25.06.2017 00:40:02;sgscl1n3;         64;          8;          8;          8;          1;        512;      95232;   1.000;1.31600005;29.40800059;.00000000;130.53199387;333.81597900;172.36000061;161.45599365;.00000000;128.00000000;128.00000000;.00000000;2978222080;1355726848;      0;      0;      0;      0;      0;      0;      0;      0;;;;;;;;;;;;;;;;;;;;;;;;;;;;;;;;;;;;;;;;;;;;;;;;;;;;;;;;;;;;   0.000;   0.000;   0.000;   0.740;   0.000;   0.000;   0.740;   0.000;   0.000; 1; 1; 1;       2;       1;       1;
25.06.2017 00:40:02;sgscl1n3;         64;          8;          8;          8;          1;        512;      95232;   1.000;1.33599997;29.65600061;.00000000;129.81599808;333.79602051;172.77999878;161.01600647;.00000000;128.00000000;128.00000000;.00000000;2992037888;1429417984;      0;      0;      0;      0;      0;      0;      0;      0;;;;;;;;;;;;;;;;;;;;;;;;;;;;;;;;;;;;;;;;;;;;;;;;;;;;;;;;;;;;   0.000;   0.000;   0.000;   0.730;   0.000;   0.000;   0.750;   0.000;   0.010; 1; 1; 1;       2;       1;       1;
25.06.2017 00:40:02;sgscl1n3;         64;          8;          8;          8;          1;        512;      95232;   1.000;1.40400004;22.79600072;.00000000;111.87200546;333.76397705;197.45599365;136.30799866;.00000000;128.00000000;128.00000000;.00000000;3068162048;1505542144;      0;      0;      0;      0;      0;      0;      0;      0;;;;;;;;;;;;;;;;;;;;;;;;;;;;;;;;;;;;;;;;;;;;;;;;;;;;;;;;;;;;   0.000;   0.000;   0.000;   0.690;   0.000;   0.000;   0.750;   0.010;   0.010; 1; 1; 1;       2;       1;       1;
25.06.2017 00:40:02;sgscl1n4;         64;          8;          8;          8;          1;        512;      95232;   1.000;1.18000002;23.81599998;.00000000;113.38000488;333.97601318;195.25599670;138.72000122;.00000000;128.00000000;128.00000000;.00000000;3058851840;1496231936;      0;      0;      0;      0;      0;      0;      0;      0;;;;;;;;;;;;;;;;;;;;;;;;;;;;;;;;;;;;;;;;;;;;;;;;;;;;;;;;;;;;   0.000;   0.000;   0.000;   0.740;   0.000;   0.000;   0.740;   0.000;   0.010; 1; 1; 1;       2;       1;       1;
25.06.2017 00:40:02;sgscl1n4;         64;          8;          8;          8;          1;        512;      95232;   1.000;1.18800003;23.97199953;.00000000;112.07199287;333.95599365;196.36399841;137.59199524;.00000000;128.00000000;128.00000000;.00000000;3067564032;1504944128;      0;      0;      0;      0;      0;      0;      0;      0;;;;;;;;;;;;;;;;;;;;;;;;;;;;;;;;;;;;;;;;;;;;;;;;;;;;;;;;;;;;   0.000;   0.000;   0.000;   0.710;   0.000;   0.000;   0.750;   0.000;   0.010; 1; 1; 1;       2;       1;       1;
25.06.2017 00:40:02;sgscl1n4;         64;          8;          8;          8;          1;        512;      95232;   1.000;1.20800001;16.40800083;.00000000;89.89200020;333.91998291;226.06399536;107.85600281;.00000000;128.00000000;128.00000000;.00000000;3177771008;1615151104;      0;      0;      0;      0;      0;      0;      0;      0;;;;;;;;;;;;;;;;;;;;;;;;;;;;;;;;;;;;;;;;;;;;;;;;;;;;;;;;;;;;   0.000;   0.000;   0.000;   0.740;   0.000;   0.000;   0.740;   0.000;   0.000; 1; 1; 1;       2;       1;       1;
25.06.2017 00:40:02;sgscl1n4;         64;          8;          8;          8;          1;        512;      95232;   1.000;1.21600003;23.72000051;.00000000;112.27600288;333.99600220;196.41600037;137.58000183;.00000000;128.00000000;128.00000000;.00000000;3061907456;1499287552;      0;      0;      0;      0;      0;      0;      0;      0;;;;;;;;;;;;;;;;;;;;;;;;;;;;;;;;;;;;;;;;;;;;;;;;;;;;;;;;;;;;   0.000;   0.000;   0.000;   0.730;   0.000;   0.000;   0.750;   0.000;   0.000; 1; 1; 1;       2;       1;       1;
25.06.2017 00:40:02;sgscl1n4;         64;          8;          8;          8;          1;        512;      95232;   1.000;1.23199996;14.85200071;.00000000;86.26000214;334.34799194;231.61999512;102.72799683;.00000000;128.00000000;128.00000000;.00000000;3177172992;1535328256;      0;      0;      0;      0;      0;      0;      0;      0;;;;;;;;;;;;;;;;;;;;;;;;;;;;;;;;;;;;;;;;;;;;;;;;;;;;;;;;;;;;   0.000;   0.000;   0.000;   0.710;   0.000;   0.000;   0.750;   0.000;   0.000; 1; 1; 1;       2;       1;       1;
25.06.2017 00:40:02;sgscl1n4;         64;          8;          8;          8;          1;        512;      95232;   1.000;1.24399997;28.51599967;.00000000;130.89600182;333.95599365;172.94000244;161.01600647;.00000000;128.00000000;128.00000000;.00000000;2979938304;1417318400;      0;      0;      0;      0;      0;      0;      0;      0;;;;;;;;;;;;;;;;;;;;;;;;;;;;;;;;;;;;;;;;;;;;;;;;;;;;;;;;;;;;   0.000;   0.000;   0.000;   0.740;   0.000;   0.000;   0.750;   0.000;   0.000; 1; 1; 1;       2;       1;       1;
25.06.2017 00:40:02;sgscl1n4;         64;          8;          8;          8;          1;        512;      95232;   1.000;1.27999997;29.63600039;.00000000;130.61999512;334.01202393;172.16000366;161.85200500;.00000000;128.00000000;128.00000000;.00000000;2991771648;1429151744;      0;      0;      0;      0;      0;      0;      0;      0;;;;;;;;;;;;;;;;;;;;;;;;;;;;;;;;;;;;;;;;;;;;;;;;;;;;;;;;;;;;   0.000;   0.000;   0.000;   0.740;   0.000;   0.000;   0.730;   0.000;   0.000; 1; 1; 1;       2;       1;       1;
25.06.2017 00:40:02;sgscl1n4;         64;          8;          8;          8;          1;        512;      95232;   1.000;1.30800004;24.15600038;.00000000;114.87599373;334.00402832;193.29200745;140.71200562;.00000000;128.00000000;128.00000000;.00000000;3064111104;1439338496;      0;      0;      0;      0;      0;      0;      0;      0;;;;;;;;;;;;;;;;;;;;;;;;;;;;;;;;;;;;;;;;;;;;;;;;;;;;;;;;;;;;   0.000;   0.000;   0.000;   0.720;   0.000;   0.000;   0.750;   0.000;   0.010; 1; 1; 1;       2;       1;       1;
25.06.2017 00:40:02;sgscl1n5;         64;          8;          8;          8;          1;        512;      95232;   1.000;1.22000003;23.67599988;.00000000;111.22799301;333.76800537;197.43200684;136.33599854;.00000000;128.00000000;128.00000000;.00000000;3066994688;1504374784;      0;      0;      0;      0;      0;      0;      0;      0;;;;;;;;;;;;;;;;;;;;;;;;;;;;;;;;;;;;;;;;;;;;;;;;;;;;;;;;;;;;   0.000;   0.000;   0.000;   0.700;   0.000;   0.000;   0.730;   0.000;   0.000; 1; 1; 1;       2;       1;       1;
25.06.2017 00:40:02;sgscl1n5;         64;          8;          8;          8;          1;        512;      95232;   1.000;1.27600002;29.91199970;.00399971;130.90800667;333.80401611;171.46000671;162.34399414;.00000000;128.00000000;128.00000000;.00000000;2977390592;1414770688;      0;      0;      0;      0;      0;      0;      0;      0;;;;;;;;;;;;;;;;;;;;;;;;;;;;;;;;;;;;;;;;;;;;;;;;;;;;;;;;;;;;   0.000;   0.000;   0.000;   0.760;   0.000;   0.000;   0.750;   0.010;   0.000; 1; 1; 1;       2;       1;       1;
25.06.2017 00:40:02;sgscl1n5;         64;          8;          8;          8;          1;        512;      95232;   1.000;1.27999997;16.87200046;.00000000;91.91999817;333.66400146;223.34800720;110.31600189;.00000000;128.00000000;128.00000000;.00000000;3172990976;1530400768;      0;      0;      0;      0;      0;      0;      0;      0;;;;;;;;;;;;;;;;;;;;;;;;;;;;;;;;;;;;;;;;;;;;;;;;;;;;;;;;;;;;   0.000;   0.000;   0.000;   0.720;   0.000;   0.000;   0.720;   0.010;   0.000; 1; 1; 1;       2;       1;       1;
25.06.2017 00:40:02;sgscl1n5;         64;          8;          8;          8;          1;        512;      95232;   1.000;1.27999997;23.93599963;.00000000;113.48399734;333.77999878;194.85600281;138.92399597;.00000000;128.00000000;128.00000000;.00000000;3064590336;1501970432;      0;      0;      0;      0;      0;      0;      0;      0;;;;;;;;;;;;;;;;;;;;;;;;;;;;;;;;;;;;;;;;;;;;;;;;;;;;;;;;;;;;   0.000;   0.000;   0.000;   0.720;   0.000;   0.000;   0.710;   0.010;   0.000; 1; 1; 1;       2;       1;       1;
25.06.2017 00:40:02;sgscl1n5;         64;          8;          8;          8;          1;        512;      95232;   1.000;1.29200006;29.63599944;.00000000;128.41599464;333.73999023;174.15600586;159.58399963;.00000000;128.00000000;128.00000000;.00000000;2978553856;1415933952;      0;      0;      0;      0;      0;      0;      0;      0;;;;;;;;;;;;;;;;;;;;;;;;;;;;;;;;;;;;;;;;;;;;;;;;;;;;;;;;;;;;   0.000;   0.000;   0.000;   0.700;   0.000;   0.000;   0.730;   0.000;   0.000; 1; 1; 1;       2;       1;       1;
25.06.2017 00:40:02;sgscl1n5;         64;          8;          8;          8;          1;        512;      95232;   1.000;1.30799997;23.03599989;.00000000;110.97600746;333.85601807;198.30400085;135.55200195;.00000000;128.00000000;128.00000000;.00000000;3071369216;1508749312;      0;      0;      0;      0;      0;      0;      0;      0;;;;;;;;;;;;;;;;;;;;;;;;;;;;;;;;;;;;;;;;;;;;;;;;;;;;;;;;;;;;   0.000;   0.000;   0.000;   0.770;   0.000;   0.000;   0.740;   0.000;   0.000; 1; 1; 1;       2;       1;       1;
25.06.2017 00:40:02;sgscl1n5;         64;          8;          8;          8;          1;        512;      95232;   1.000;1.39599998;23.47999918;.00000000;116.19200706;334.31201172;193.00399780;141.30799866;.00000000;128.00000000;128.00000000;.00000000;3059388416;1496768512;      0;      0;      0;      0;      0;      0;      0;      0;;;;;;;;;;;;;;;;;;;;;;;;;;;;;;;;;;;;;;;;;;;;;;;;;;;;;;;;;;;;   0.000;   0.000;   0.000;   0.690;   0.000;   0.000;   0.760;   0.010;   0.000; 1; 1; 1;       2;       1;       1;
25.06.2017 00:40:02;sgscl1n5;         64;          8;          8;          8;          1;        512;      95232;   1.000;1.41999996;16.48800099;.00000000;90.61600113;334.27600098;225.53999329;108.73600006;.00000000;128.00000000;128.00000000;.00000000;3174739968;1612120064;      0;      0;      0;      0;      0;      0;      0;      0;;;;;;;;;;;;;;;;;;;;;;;;;;;;;;;;;;;;;;;;;;;;;;;;;;;;;;;;;;;;   0.000;   0.000;   0.000;   0.690;   0.000;   0.000;   0.720;   0.000;   0.000; 1; 1; 1;       2;       1;       1;
25.06.2017 00:40:02;sgscl1n6;         64;          8;          8;          8;          1;        512;      95232;   1.000;1.14000005;15.54799938;.00000000;86.82000160;333.79998779;229.94400024;103.85600281;.00000000;128.00000000;128.00000000;.00000000;3179331584;1616711680;      0;      0;      0;      0;      0;      0;      0;      0;;;;;;;;;;;;;;;;;;;;;;;;;;;;;;;;;;;;;;;;;;;;;;;;;;;;;;;;;;;;   0.000;   0.000;   0.000;   0.740;   0.000;   0.000;   0.710;   0.010;   0.010; 1; 1; 1;       2;       1;       1;
25.06.2017 00:40:02;sgscl1n6;         64;          8;          8;          8;          1;        512;      95232;   1.000;1.16400005;24.24000061;.00000000;110.59599495;333.96798706;197.62399292;136.34399414;.00000000;128.00000000;128.00000000;.00000000;3068514304;1505894400;      0;      0;      0;      0;      0;      0;      0;      0;;;;;;;;;;;;;;;;;;;;;;;;;;;;;;;;;;;;;;;;;;;;;;;;;;;;;;;;;;;;   0.000;   0.000;   0.000;   0.730;   0.000;   0.000;   0.750;   0.000;   0.010; 1; 1; 1;       2;       1;       1;
25.06.2017 00:40:02;sgscl1n6;         64;          8;          8;          8;          1;        512;      95232;   1.000;1.19600005;23.42400050;.00000000;109.59999847;333.96398926;199.39199829;134.57200623;.00000000;128.00000000;128.00000000;.00000000;3069751296;1507131392;      0;      0;      0;      0;      0;      0;      0;      0;;;;;;;;;;;;;;;;;;;;;;;;;;;;;;;;;;;;;;;;;;;;;;;;;;;;;;;;;;;;   0.000;   0.000;   0.000;   0.750;   0.000;   0.000;   0.730;   0.000;   0.000; 1; 1; 1;       2;       1;       1;
25.06.2017 00:40:02;sgscl1n6;         64;          8;          8;          8;          1;        512;      95232;   1.000;1.22799994;23.98399937;.00000000;112.53599739;334.34802246;196.26800537;138.08000183;.00000000;128.00000000;128.00000000;.00000000;3065344000;1502724096;      0;      0;      0;      0;      0;      0;      0;      0;;;;;;;;;;;;;;;;;;;;;;;;;;;;;;;;;;;;;;;;;;;;;;;;;;;;;;;;;;;;   0.000;   0.000;   0.000;   0.690;   0.000;   0.000;   0.710;   0.010;   0.010; 1; 1; 1;       2;       1;       1;
25.06.2017 00:40:02;sgscl1n6;         64;          8;          8;          8;          1;        512;      95232;   1.000;1.23199994;28.52400029;.00000000;128.10000038;333.96801758;175.76800537;158.19999695;.00000000;128.00000000;128.00000000;.00000000;2977943552;1415323648;      0;      0;      0;      0;      0;      0;      0;      0;;;;;;;;;;;;;;;;;;;;;;;;;;;;;;;;;;;;;;;;;;;;;;;;;;;;;;;;;;;;   0.000;   0.000;   0.000;   0.750;   0.000;   0.000;   0.750;   0.000;   0.000; 1; 1; 1;       2;       1;       1;
25.06.2017 00:40:02;sgscl1n6;         64;          8;          8;          8;          1;        512;      95232;   1.000;1.26000001;29.10799944;.00000000;129.40799713;334.37200928;174.22399902;160.14799500;.00000000;128.00000000;128.00000000;.00000000;2991042560;1428422656;      0;      0;      0;      0;      0;      0;      0;      0;;;;;;;;;;;;;;;;;;;;;;;;;;;;;;;;;;;;;;;;;;;;;;;;;;;;;;;;;;;;   0.000;   0.000;   0.000;   0.690;   0.000;   0.000;   0.720;   0.000;   0.000; 1; 1; 1;       2;       1;       1;
25.06.2017 00:40:02;sgscl1n6;         64;          8;          8;          8;          1;        512;      95232;   1.000;1.27999997;15.70800090;.00000000;88.13599968;333.95999146;228.50399780;105.45600128;.00000000;128.00000000;128.00000000;.00000000;3172683776;1610063872;      0;      0;      0;      0;      0;      0;      0;      0;;;;;;;;;;;;;;;;;;;;;;;;;;;;;;;;;;;;;;;;;;;;;;;;;;;;;;;;;;;;   0.000;   0.000;   0.000;   0.720;   0.000;   0.000;   0.740;   0.010;   0.000; 1; 1; 1;       2;       1;       1;
25.06.2017 00:40:02;sgscl1n6;         64;          8;          8;          8;          1;        512;      95232;   1.000;1.36000001;24.14799941;.00000000;115.30799484;333.93600464;192.76800537;141.16799927;.00000000;128.00000000;128.00000000;.00000000;3059433472;1496813568;      0;      0;      0;      0;      0;      0;      0;      0;;;;;;;;;;;;;;;;;;;;;;;;;;;;;;;;;;;;;;;;;;;;;;;;;;;;;;;;;;;;   0.000;   0.000;   0.000;   0.740;   0.000;   0.000;   0.750;   0.000;   0.010; 1; 1; 1;       2;       1;       1;
25.06.2017 00:40:02;sgscl1n7;         64;          8;          8;          8;          1;        512;      95232;   1.000;1.18400003;23.34800088;.00000000;111.04000092;333.96002197;198.02799988;135.93200684;.00000000;128.00000000;128.00000000;.00000000;3068760064;1506140160;      0;      0;      0;      0;      0;      0;      0;      0;;;;;;;;;;;;;;;;;;;;;;;;;;;;;;;;;;;;;;;;;;;;;;;;;;;;;;;;;;;;   0.000;   0.000;   0.000;   0.720;   0.000;   0.000;   0.750;   0.010;   0.010; 1; 1; 1;       2;       1;       1;
25.06.2017 00:40:02;sgscl1n7;         64;          8;          8;          8;          1;        512;      95232;   1.000;1.28800000;15.79199934;.00000000;88.11600304;334.01199341;228.51199341;105.50000000;.00000000;128.00000000;128.00000000;.00000000;3170152448;1607532544;      0;      0;      0;      0;      0;      0;      0;      0;;;;;;;;;;;;;;;;;;;;;;;;;;;;;;;;;;;;;;;;;;;;;;;;;;;;;;;;;;;;   0.000;   0.000;   0.000;   0.730;   0.000;   0.000;   0.760;   0.000;   0.000; 1; 1; 1;       2;       1;       1;
25.06.2017 00:40:02;sgscl1n7;         64;          8;          8;          8;          1;        512;      95232;   1.000;1.28800000;22.88000059;.00000000;113.36800575;334.02398682;196.13600159;137.88800049;.00000000;128.00000000;128.00000000;.00000000;3064053760;1501433856;      0;      0;      0;      0;      0;      0;      0;      0;;;;;;;;;;;;;;;;;;;;;;;;;;;;;;;;;;;;;;;;;;;;;;;;;;;;;;;;;;;;   0.000;   0.000;   0.000;   0.780;   0.000;   0.000;   0.730;   0.000;   0.000; 1; 1; 1;       2;       1;       1;
25.06.2017 00:40:02;sgscl1n7;         64;          8;          8;          8;          1;        512;      95232;   1.000;1.29200000;16.74800062;.00000000;92.66799736;334.29998779;222.96000671;111.33999634;.00000000;128.00000000;128.00000000;.00000000;3172888576;1555427328;      0;      0;      0;      0;      0;      0;      0;      0;;;;;;;;;;;;;;;;;;;;;;;;;;;;;;;;;;;;;;;;;;;;;;;;;;;;;;;;;;;;   0.000;   0.000;   0.000;   0.780;   0.000;   0.000;   0.710;   0.010;   0.010; 1; 1; 1;       2;       1;       1;
25.06.2017 00:40:02;sgscl1n7;         64;          8;          8;          8;          1;        512;      95232;   1.000;1.30799997;23.16000044;.00000000;114.02400398;334.70800781;195.67999268;139.02799988;.00000000;128.00000000;128.00000000;.00000000;3064414208;1501794304;      0;      0;      0;      0;      0;      0;      0;      0;;;;;;;;;;;;;;;;;;;;;;;;;;;;;;;;;;;;;;;;;;;;;;;;;;;;;;;;;;;;   0.000;   0.000;   0.000;   0.660;   0.000;   0.000;   0.720;   0.000;   0.000; 1; 1; 1;       2;       1;       1;
25.06.2017 00:40:02;sgscl1n7;         64;          8;          8;          8;          1;        512;      95232;   1.000;1.32799997;23.59599924;.00000000;110.59999847;334.34002686;198.15600586;136.18400574;.00000000;128.00000000;128.00000000;.00000000;3066798080;1504178176;      0;      0;      0;      0;      0;      0;      0;      0;;;;;;;;;;;;;;;;;;;;;;;;;;;;;;;;;;;;;;;;;;;;;;;;;;;;;;;;;;;;   0.000;   0.000;   0.000;   0.730;   0.000;   0.000;   0.700;   0.000;   0.020; 1; 1; 1;       2;       1;       1;
25.06.2017 00:40:02;sgscl1n7;         64;          8;          8;          8;          1;        512;      95232;   1.000;1.38000001;29.82399988;.00000000;131.31599998;333.98400879;171.06799316;162.91600037;.00000000;128.00000000;128.00000000;.00000000;2977062912;1316130816;      0;      0;      0;      0;      0;      0;      0;      0;;;;;;;;;;;;;;;;;;;;;;;;;;;;;;;;;;;;;;;;;;;;;;;;;;;;;;;;;;;;   0.000;   0.000;   0.000;   0.740;   0.000;   0.000;   0.740;   0.000;   0.010; 1; 1; 1;       2;       1;       1;
25.06.2017 00:40:02;sgscl1n7;         64;          8;          8;          8;          1;        512;      95232;   1.000;1.39599998;29.21199954;.00000000;131.46400452;334.35601807;171.91600037;162.44000244;.00000000;128.00000000;128.00000000;.00000000;2990927872;1428307968;      0;      0;      0;      0;      0;      0;      0;      0;;;;;;;;;;;;;;;;;;;;;;;;;;;;;;;;;;;;;;;;;;;;;;;;;;;;;;;;;;;;   0.000;   0.000;   0.000;   0.670;   0.000;   0.000;   0.760;   0.000;   0.010; 1; 1; 1;       2;       1;       1;
25.06.2017 00:40:02;sgscl1n8;         64;          8;          8;          8;          1;        512;      95232;   1.000;1.16000003;33.97200155;.00000000;144.10800171;334.16400146;154.36799622;179.79600525;.00000000;128.00000000;128.00000000;.00000000;2916950016;1354330112;      0;      0;      0;      0;      0;      0;      0;      0;;;;;;;;;;;;;;;;;;;;;;;;;;;;;;;;;;;;;;;;;;;;;;;;;;;;;;;;;;;;   0.000;   0.000;   0.000;   0.750;   0.000;   0.000;   0.710;   0.000;   0.000; 1; 1; 1;       2;       1;       1;
25.06.2017 00:40:02;sgscl1n8;         64;          8;          8;          8;          1;        512;      95232;   1.000;1.17999996;24.25999999;.00000000;114.59600639;333.82000732;193.47999573;140.33999634;.00000000;128.00000000;128.00000000;.00000000;3062939648;1500319744;      0;      0;      0;      0;      0;      0;      0;      0;;;;;;;;;;;;;;;;;;;;;;;;;;;;;;;;;;;;;;;;;;;;;;;;;;;;;;;;;;;;   0.000;   0.000;   0.000;   0.750;   0.000;   0.000;   0.740;   0.000;   0.000; 1; 1; 1;       2;       1;       1;
25.06.2017 00:40:02;sgscl1n8;         64;          8;          8;          8;          1;        512;      95232;   1.000;1.20399994;29.68400025;.00000000;132.18000603;334.32000732;170.52799988;163.79200745;.00000000;128.00000000;128.00000000;.00000000;2982363136;1419743232;      0;      0;      0;      0;      0;      0;      0;      0;;;;;;;;;;;;;;;;;;;;;;;;;;;;;;;;;;;;;;;;;;;;;;;;;;;;;;;;;;;;   0.000;   0.000;   0.000;   0.720;   0.000;   0.000;   0.700;   0.010;   0.000; 1; 1; 1;       2;       1;       1;
25.06.2017 00:40:02;sgscl1n8;         64;          8;          8;          8;          1;        512;      95232;   1.000;1.22800004;29.26800025;.00000000;129.27600288;333.98400879;173.85200500;160.13200378;.00000000;128.00000000;128.00000000;.00000000;2994094080;1431474176;      0;      0;      0;      0;      0;      0;      0;      0;;;;;;;;;;;;;;;;;;;;;;;;;;;;;;;;;;;;;;;;;;;;;;;;;;;;;;;;;;;;   0.000;   0.000;   0.000;   0.760;   0.000;   0.000;   0.760;   0.010;   0.000; 1; 1; 1;       2;       1;       1;
25.06.2017 00:40:02;sgscl1n8;         64;          8;          8;          8;          1;        512;      95232;   1.000;1.25999999;24.02800012;.00000000;114.04400063;333.94000244;194.27999878;139.66000366;.00000000;128.00000000;128.00000000;.00000000;3064471552;1501851648;      0;      0;      0;      0;      0;      0;      0;      0;;;;;;;;;;;;;;;;;;;;;;;;;;;;;;;;;;;;;;;;;;;;;;;;;;;;;;;;;;;;   0.000;   0.000;   0.000;   0.750;   0.000;   0.000;   0.740;   0.010;   0.000; 1; 1; 1;       2;       1;       1;
25.06.2017 00:40:02;sgscl1n8;         64;          8;          8;          8;          1;        512;      95232;   1.000;1.27999999;29.97200024;.00000000;132.66399574;333.98800659;169.74000549;164.24800110;.00000000;128.00000000;128.00000000;.00000000;2985226240;1422606336;      0;      0;      0;      0;      0;      0;      0;      0;;;;;;;;;;;;;;;;;;;;;;;;;;;;;;;;;;;;;;;;;;;;;;;;;;;;;;;;;;;;   0.000;   0.000;   0.000;   0.760;   0.000;   0.000;   0.740;   0.010;   0.000; 1; 1; 1;       2;       1;       1;
25.06.2017 00:40:02;sgscl1n8;         64;          8;          8;          8;          1;        512;      95232;   1.000;1.32799995;34.29199898;.00000000;145.08799362;333.99600220;152.92399597;181.07200623;.00000000;128.00000000;128.00000000;.00000000;2917081088;1354461184;      0;      0;      0;      0;      0;      0;      0;      0;;;;;;;;;;;;;;;;;;;;;;;;;;;;;;;;;;;;;;;;;;;;;;;;;;;;;;;;;;;;   0.000;   0.000;   0.000;   0.730;   0.000;   0.000;   0.750;   0.000;   0.000; 1; 1; 1;       2;       1;       1;
25.06.2017 00:40:02;sgscl1n8;         64;          8;          8;          8;          1;        512;      95232;   1.000;1.34800005;29.75999975;.00000000;131.85600471;334.05200195;170.75599670;163.29600525;.00000000;128.00000000;128.00000000;.00000000;2990858240;1428238336;      0;      0;      0;      0;      0;      0;      0;      0;;;;;;;;;;;;;;;;;;;;;;;;;;;;;;;;;;;;;;;;;;;;;;;;;;;;;;;;;;;;   0.000;   0.000;   0.000;   0.780;   0.000;   0.000;   0.770;   0.000;   0.000; 1; 1; 1;       2;       1;       1;
25.06.2017 00:40:02;sgscl1n9;         64;          8;          8;          8;          1;        512;      95232;   1.000;1.14400005;23.94399929;.00000000;113.47999382;333.87597656;194.97999573;138.89599609;.00000000;128.00000000;128.00000000;.00000000;3063799808;1501179904;      0;      0;      0;      0;      0;      0;      0;      0;;;;;;;;;;;;;;;;;;;;;;;;;;;;;;;;;;;;;;;;;;;;;;;;;;;;;;;;;;;;   0.000;   0.000;   0.000;   0.730;   0.000;   0.000;   0.740;   0.000;   0.000; 1; 1; 1;       2;       1;       1;
25.06.2017 00:40:02;sgscl1n9;         64;          8;          8;          8;          1;        512;      95232;   1.000;1.21599998;33.94399929;.00400162;144.49200058;333.89999390;153.92399597;179.97599792;.00000000;128.00000000;128.00000000;.00000000;2926723072;1364103168;      0;      0;      0;      0;      0;      0;      0;      0;;;;;;;;;;;;;;;;;;;;;;;;;;;;;;;;;;;;;;;;;;;;;;;;;;;;;;;;;;;;   0.000;   0.000;   0.000;   0.690;   0.000;   0.000;   0.740;   0.000;   0.020; 1; 1; 1;       2;       1;       1;
25.06.2017 00:40:02;sgscl1n9;         64;          8;          8;          8;          1;        512;      95232;   1.000;1.22800004;34.36399901;.00000000;145.54000473;333.94400024;152.47200012;181.47200012;.00000000;128.00000000;128.00000000;.00000000;2916605952;1353986048;      0;      0;      0;      0;      0;      0;      0;      0;;;;;;;;;;;;;;;;;;;;;;;;;;;;;;;;;;;;;;;;;;;;;;;;;;;;;;;;;;;;   0.000;   0.000;   0.000;   0.710;   0.000;   0.000;   0.730;   0.000;   0.010; 1; 1; 1;       2;       1;       1;
25.06.2017 00:40:02;sgscl1n9;         64;          8;          8;          8;          1;        512;      95232;   1.000;1.24800003;23.82400048;.00000000;112.84399986;333.91198730;195.61599731;138.29600525;.00000000;128.00000000;128.00000000;.00000000;3061489664;1498869760;      0;      0;      0;      0;      0;      0;      0;      0;;;;;;;;;;;;;;;;;;;;;;;;;;;;;;;;;;;;;;;;;;;;;;;;;;;;;;;;;;;;   0.000;   0.000;   0.000;   0.710;   0.000;   0.000;   0.710;   0.000;   0.010; 1; 1; 1;       2;       1;       1;
25.06.2017 00:40:02;sgscl1n9;         64;          8;          8;          8;          1;        512;      95232;   1.000;1.25999999;29.74799943;.00000000;123.56400681;333.95599365;179.04800415;154.90800476;.00000000;128.00000000;128.00000000;.00000000;2986885120;1424265216;      0;      0;      0;      0;      0;      0;      0;      0;;;;;;;;;;;;;;;;;;;;;;;;;;;;;;;;;;;;;;;;;;;;;;;;;;;;;;;;;;;;   0.000;   0.000;   0.000;   0.730;   0.000;   0.000;   0.730;   0.010;   0.000; 1; 1; 1;       2;       1;       1;
25.06.2017 00:40:02;sgscl1n9;         64;          8;          8;          8;          1;        512;      95232;   1.000;1.26000006;29.85600078;.00399971;125.49199677;334.17199707;177.00399780;157.16799927;.00000000;128.00000000;128.00000000;.00000000;2977370112;1414750208;      0;      0;      0;      0;      0;      0;      0;      0;;;;;;;;;;;;;;;;;;;;;;;;;;;;;;;;;;;;;;;;;;;;;;;;;;;;;;;;;;;;   0.000;   0.000;   0.000;   0.730;   0.000;   0.000;   0.720;   0.000;   0.000; 1; 1; 1;       2;       1;       1;
25.06.2017 00:40:02;sgscl1n9;         64;          8;          8;          8;          1;        512;      95232;   1.000;1.28000004;30.11599958;.00000000;130.47600746;333.98400879;171.74800110;162.23599243;.00000000;128.00000000;128.00000000;.00000000;2979471360;1416851456;      0;      0;      0;      0;      0;      0;      0;      0;;;;;;;;;;;;;;;;;;;;;;;;;;;;;;;;;;;;;;;;;;;;;;;;;;;;;;;;;;;;   0.000;   0.000;   0.000;   0.730;   0.000;   0.000;   0.720;   0.010;   0.010; 1; 1; 1;       2;       1;       1;
25.06.2017 00:40:02;sgscl1n9;         64;          8;          8;          8;          1;        512;      95232;   1.000;1.29999997;30.42000067;.00000000;134.02000046;333.94400024;167.84399414;166.10000610;.00000000;128.00000000;128.00000000;.00000000;2979061760;1416441856;      0;      0;      0;      0;      0;      0;      0;      0;;;;;;;;;;;;;;;;;;;;;;;;;;;;;;;;;;;;;;;;;;;;;;;;;;;;;;;;;;;;   0.000;   0.000;   0.000;   0.710;   0.000;   0.000;   0.730;   0.000;   0.010; 1; 1; 1;       2;       1;       1;
