10.07.2017 15:28:18;helium;          2;          2;          1;          1;          1;          2;          4;   3.000;.02800000;.01200000;.00400000;.06800000;9.60000038;9.47200012;.12800001;.00000000;.00000000;.00000000;.00000000;482029568;220590080;      0;      2;      0;*******;      0;      1;      1;      1;;;;;;;;;;;;;;;;;;;;;;;;;;;;;;;;;;;;;;;;;;;;;;;;;;;;;;;;;;;;   0.000;   0.000;   0.000;   0.000;   0.000;   0.000;   0.000;   0.000;   0.000; 1; 1; 1;       1;       1;       1;       2;       1;       1;0
10.07.2017 15:28:18;helium;          2;          2;          1;          1;          1;          2;          4;   3.000;.04800000;.00400000;.00000000;.00400000;9.85199928;9.79599953;.05600000;.00000000;.00000000;.00000000;.00000000;482164736;220577792;      0;      0;      0;      0;      0;      0;      0;      0;;;;;;;;;;;;;;;;;;;;;;;;;;;;;;;;;;;;;;;;;;;;;;;;;;;;;;;;;;;;   0.000;   0.000;   0.000;   0.000;   0.000;   0.000;   0.000;   0.000;   0.010; 1; 1; 1;       1;       1;       1;       2;       1;       1;0
10.07.2017 15:28:41;helium;          4;          4;          1;          1;          1;          4;         16;   3.000;.03200000;.00400000;.00000000;.01600000;20.24799919;20.19199944;.05600000;.00000000;.00000000;.00000000;.00000000;491327488;215592960;      0;      0;      0;      0;      0;      0;      0;      0;;;;;;;;;;;;;;;;;;;;;;;;;;;;;;;;;;;;;;;;;;;;;;;;;;;;;;;;;;;;   0.000;   0.000;   0.000;   0.000;   0.000;   0.000;   0.000;   0.000;   0.000; 1; 1; 1;       1;       1;       1;       4;       1;       1;0
10.07.2017 15:28:41;helium;          4;          4;          1;          1;          1;          4;         16;   3.000;.03600000;.00000000;.00000000;.02400000;20.26000023;20.18400002;.07600000;.00000000;.00000000;.00000000;.00000000;492036096;215842816;      0;      0;      0;      0;      0;      0;      0;      0;;;;;;;;;;;;;;;;;;;;;;;;;;;;;;;;;;;;;;;;;;;;;;;;;;;;;;;;;;;;   0.000;   0.000;   0.000;   0.010;   0.000;   0.000;   0.000;   0.000;   0.000; 1; 1; 1;       1;       1;       1;       4;       1;       1;0
10.07.2017 15:28:41;helium;          4;          4;          1;          1;          1;          4;         16;   3.000;.05200000;.00400000;.00000000;.09200000;20.01199913;19.84799957;.16400000;.00000000;.00000000;.00000000;.00000000;491134976;215498752;      0;      2;      0;*******;      0;      2;      2;      2;;;;;;;;;;;;;;;;;;;;;;;;;;;;;;;;;;;;;;;;;;;;;;;;;;;;;;;;;;;;   0.000;   0.000;   0.000;   0.000;   0.000;   0.000;   0.000;   0.000;   0.000; 1; 1; 1;       1;       1;       1;       4;       1;       1;0
10.07.2017 15:28:41;helium;          4;          4;          1;          1;          1;          4;         16;   3.000;.08800000;.00000000;.00000000;.02000000;20.26799965;20.14399910;.12400000;.00000000;.00000000;.00000000;.00000000;491929600;216125440;      0;      0;      0;      0;      0;      0;      0;      0;;;;;;;;;;;;;;;;;;;;;;;;;;;;;;;;;;;;;;;;;;;;;;;;;;;;;;;;;;;;   0.000;   0.000;   0.000;   0.000;   0.000;   0.000;   0.000;   0.000;   0.000; 1; 1; 1;       1;       1;       1;       4;       1;       1;0
10.07.2017 15:29:00;helium;          8;          8;          1;          1;          1;          8;         64;   3.000;.02800000;.00000000;.00000000;.00800000;15.99200058;15.93200016;.06000000;.00000000;.00000000;.00000000;.00000000;510328832;217604096;      0;      0;      0;      0;      0;      0;      0;      0;;;;;;;;;;;;;;;;;;;;;;;;;;;;;;;;;;;;;;;;;;;;;;;;;;;;;;;;;;;;   0.000;   0.000;   0.000;   0.000;   0.000;   0.000;   0.000;   0.000;   0.000; 1; 1; 1;       1;       1;       1;       8;       1;       1;0
10.07.2017 15:29:00;helium;          8;          8;          1;          1;          1;          8;         64;   3.000;.02800000;.00400000;.00000000;.01200000;15.96799946;15.91199970;.05600000;.00000000;.00000000;.00000000;.00000000;511365120;217915392;      0;      0;      0;      0;      0;      0;      0;      0;;;;;;;;;;;;;;;;;;;;;;;;;;;;;;;;;;;;;;;;;;;;;;;;;;;;;;;;;;;;   0.000;   0.000;   0.000;   0.000;   0.000;   0.000;   0.000;   0.000;   0.000; 1; 1; 1;       1;       1;       1;       8;       1;       1;0
10.07.2017 15:29:00;helium;          8;          8;          1;          1;          1;          8;         64;   3.000;.03600000;.00400000;.00000000;.01600000;15.96800041;15.90400028;.06400000;.00000000;.00000000;.00000000;.00000000;509693952;225325056;      0;      0;      0;      0;      0;      0;      0;      0;;;;;;;;;;;;;;;;;;;;;;;;;;;;;;;;;;;;;;;;;;;;;;;;;;;;;;;;;;;;   0.000;   0.000;   0.000;   0.010;   0.000;   0.000;   0.000;   0.000;   0.000; 1; 1; 1;       1;       1;       1;       8;       1;       1;0
10.07.2017 15:29:00;helium;          8;          8;          1;          1;          1;          8;         64;   3.000;.03600000;.00800000;.00000000;.05200000;15.74400043;15.64000034;.10400000;.00000000;.00000000;.00000000;.00000000;510164992;225480704;      0;      2;      0;*******;      0;      2;      2;      2;;;;;;;;;;;;;;;;;;;;;;;;;;;;;;;;;;;;;;;;;;;;;;;;;;;;;;;;;;;;   0.000;   0.000;   0.000;   0.010;   0.000;   0.000;   0.000;   0.000;   0.000; 1; 1; 1;       1;       1;       1;       8;       1;       1;0
10.07.2017 15:29:00;helium;          8;          8;          1;          1;          1;          8;         64;   3.000;.05600000;.00400000;.00000000;.00799999;15.97599983;15.88399982;.09200000;.00000000;.00000000;.00000000;.00000000;510316544;218783744;      0;      0;      0;      0;      0;      0;      0;      0;;;;;;;;;;;;;;;;;;;;;;;;;;;;;;;;;;;;;;;;;;;;;;;;;;;;;;;;;;;;   0.000;   0.000;   0.000;   0.000;   0.000;   0.000;   0.000;   0.000;   0.000; 1; 1; 1;       1;       1;       1;       8;       1;       1;0
10.07.2017 15:29:00;helium;          8;          8;          1;          1;          1;          8;         64;   3.000;.06400000;.00000000;.00000000;.00799999;15.98799992;15.90799999;.08000000;.00000000;.00000000;.00000000;.00000000;510324736;217833472;      0;      0;      0;      0;      0;      0;      0;      0;;;;;;;;;;;;;;;;;;;;;;;;;;;;;;;;;;;;;;;;;;;;;;;;;;;;;;;;;;;;   0.000;   0.000;   0.000;   0.000;   0.000;   0.000;   0.000;   0.000;   0.000; 1; 1; 1;       1;       1;       1;       8;       1;       1;0
10.07.2017 15:29:00;helium;          8;          8;          1;          1;          1;          8;         64;   3.000;.08000000;.00800000;.00000000;.01600000;15.98400021;15.85599995;.12800001;.00000000;.00000000;.00000000;.00000000;510275584;217620480;      0;      0;      0;      0;      0;      0;      0;      0;;;;;;;;;;;;;;;;;;;;;;;;;;;;;;;;;;;;;;;;;;;;;;;;;;;;;;;;;;;;   0.000;   0.000;   0.000;   0.010;   0.000;   0.000;   0.000;   0.000;   0.000; 1; 1; 1;       1;       1;       1;       8;       1;       1;0
10.07.2017 15:29:00;helium;          8;          8;          1;          1;          1;          8;         64;   3.000;.09200000;.00800000;.00000000;.01600000;16.00399971;15.87199974;.13200000;.00000000;.00000000;.00000000;.00000000;510509056;217935872;      0;      0;      0;      0;      0;      0;      0;      0;;;;;;;;;;;;;;;;;;;;;;;;;;;;;;;;;;;;;;;;;;;;;;;;;;;;;;;;;;;;   0.000;   0.000;   0.000;   0.000;   0.000;   0.000;   0.000;   0.000;   0.010; 1; 1; 1;       1;       1;       1;       8;       1;       1;0
10.07.2017 15:29:20;helium;         16;         16;          1;          1;          1;         16;        256;   3.000;.03200000;.00400000;.00000000;.02000000;17.82799911;17.74399948;.08400000;.00000000;.00000000;.00000000;.00000000;552095744;227487744;      0;      0;      0;      0;      0;      0;      0;      0;;;;;;;;;;;;;;;;;;;;;;;;;;;;;;;;;;;;;;;;;;;;;;;;;;;;;;;;;;;;   0.000;   0.000;   0.000;   0.000;   0.000;   0.000;   0.000;   0.000;   0.000; 1; 1; 1;       1;       1;       1;      16;       1;       1;0
10.07.2017 15:29:20;helium;         16;         16;          1;          1;          1;         16;        256;   3.000;.05200000;.00400000;.00000000;.04800001;17.83600044;17.68400002;.15200000;.00000000;.00000000;.00000000;.00000000;550854656;227028992;      0;      0;      0;      0;      0;      0;      0;      0;;;;;;;;;;;;;;;;;;;;;;;;;;;;;;;;;;;;;;;;;;;;;;;;;;;;;;;;;;;;   0.000;   0.000;   0.000;   0.000;   0.000;   0.000;   0.000;   0.000;   0.000; 1; 1; 1;       1;       1;       1;      16;       1;       1;0
10.07.2017 15:29:20;helium;         16;         16;          1;          1;          1;         16;        256;   3.000;.05600000;.00000000;.00000000;.00400000;17.79199982;17.69599915;.09600000;.00000000;.00000000;.00000000;.00000000;552710144;224210944;      0;      0;      0;      0;      0;      0;      0;      0;;;;;;;;;;;;;;;;;;;;;;;;;;;;;;;;;;;;;;;;;;;;;;;;;;;;;;;;;;;;   0.000;   0.000;   0.000;   0.000;   0.000;   0.000;   0.000;   0.000;   0.000; 1; 1; 1;       1;       1;       1;      16;       1;       1;0
10.07.2017 15:29:20;helium;         16;         16;          1;          1;          1;         16;        256;   3.000;.05600000;.00400000;.00000000;.04400000;17.80800056;17.67600060;.13200000;.00000000;.00000000;.00000000;.00000000;550854656;223633408;      0;      0;      0;      0;      0;      0;      0;      0;;;;;;;;;;;;;;;;;;;;;;;;;;;;;;;;;;;;;;;;;;;;;;;;;;;;;;;;;;;;   0.000;   0.000;   0.000;   0.010;   0.000;   0.000;   0.000;   0.000;   0.000; 1; 1; 1;       1;       1;       1;      16;       1;       1;0
10.07.2017 15:29:20;helium;         16;         16;          1;          1;          1;         16;        256;   3.000;.06000000;.00000000;.00000000;.01200000;17.84000015;17.74399948;.09600000;.00000000;.00000000;.00000000;.00000000;551530496;223514624;      0;      0;      0;      0;      0;      0;      0;      0;;;;;;;;;;;;;;;;;;;;;;;;;;;;;;;;;;;;;;;;;;;;;;;;;;;;;;;;;;;;   0.000;   0.000;   0.000;   0.000;   0.000;   0.000;   0.000;   0.000;   0.000; 1; 1; 1;       1;       1;       1;      16;       1;       1;0
10.07.2017 15:29:20;helium;         16;         16;          1;          1;          1;         16;        256;   3.000;.06000000;.00399999;.00000000;.02800000;17.79599953;17.66799927;.12800001;.00000000;.00000000;.00000000;.00000000;550821888;223592448;      0;      0;      0;      0;      0;      0;      0;      0;;;;;;;;;;;;;;;;;;;;;;;;;;;;;;;;;;;;;;;;;;;;;;;;;;;;;;;;;;;;   0.000;   0.000;   0.000;   0.000;   0.000;   0.000;   0.000;   0.000;   0.000; 1; 1; 1;       1;       1;       1;      16;       1;       1;0
10.07.2017 15:29:20;helium;         16;         16;          1;          1;          1;         16;        256;   3.000;.06000000;.00400000;.00000000;.00799999;17.78000069;17.68400002;.09600000;.00000000;.00000000;.00000000;.00000000;549687296;222957568;      0;      0;      0;      0;      0;      0;      0;      0;;;;;;;;;;;;;;;;;;;;;;;;;;;;;;;;;;;;;;;;;;;;;;;;;;;;;;;;;;;;   0.000;   0.000;   0.000;   0.010;   0.000;   0.000;   0.000;   0.000;   0.000; 1; 1; 1;       1;       1;       1;      16;       1;       1;0
10.07.2017 15:29:20;helium;         16;         16;          1;          1;          1;         16;        256;   3.000;.06400000;.01199999;.00000000;.07600000;17.60400009;17.41200066;.19200000;.00000000;.00000000;.00000000;.00000000;549793792;223338496;      0;      2;      0;*******;      0;      2;      2;      2;;;;;;;;;;;;;;;;;;;;;;;;;;;;;;;;;;;;;;;;;;;;;;;;;;;;;;;;;;;;   0.000;   0.000;   0.000;   0.010;   0.000;   0.000;   0.000;   0.000;   0.000; 1; 1; 1;       1;       1;       1;      16;       1;       1;0
10.07.2017 15:29:20;helium;         16;         16;          1;          1;          1;         16;        256;   3.000;.06800000;.00000000;.00000000;.02000000;17.80399895;17.69599915;.10800000;.00000000;.00000000;.00000000;.00000000;550830080;223358976;      0;      0;      0;      0;      0;      0;      0;      0;;;;;;;;;;;;;;;;;;;;;;;;;;;;;;;;;;;;;;;;;;;;;;;;;;;;;;;;;;;;   0.000;   0.000;   0.000;   0.000;   0.000;   0.000;   0.000;   0.000;   0.000; 1; 1; 1;       1;       1;       1;      16;       1;       1;0
10.07.2017 15:29:20;helium;         16;         16;          1;          1;          1;         16;        256;   3.000;.06800000;.00400000;.00000000;.03200001;17.84399986;17.69599915;.14800000;.00000000;.00000000;.00000000;.00000000;551624704;227012608;      0;      0;      0;      0;      0;      0;      0;      0;;;;;;;;;;;;;;;;;;;;;;;;;;;;;;;;;;;;;;;;;;;;;;;;;;;;;;;;;;;;   0.000;   0.000;   0.000;   0.010;   0.000;   0.000;   0.000;   0.000;   0.000; 1; 1; 1;       1;       1;       1;      16;       1;       1;0
10.07.2017 15:29:20;helium;         16;         16;          1;          1;          1;         16;        256;   3.000;.07200000;.00000000;.00000000;.01200000;17.82399940;17.70800018;.11600000;.00000000;.00000000;.00000000;.00000000;550940672;223375360;      0;      0;      0;      0;      0;      0;      0;      0;;;;;;;;;;;;;;;;;;;;;;;;;;;;;;;;;;;;;;;;;;;;;;;;;;;;;;;;;;;;   0.000;   0.000;   0.000;   0.000;   0.000;   0.000;   0.000;   0.000;   0.000; 1; 1; 1;       1;       1;       1;      16;       1;       1;0
10.07.2017 15:29:20;helium;         16;         16;          1;          1;          1;         16;        256;   3.000;.07600000;.00000000;.00000000;.02800000;17.79999924;17.66399956;.13600001;.00000000;.00000000;.00000000;.00000000;552108032;223629312;      0;      0;      0;      0;      0;      0;      0;      0;;;;;;;;;;;;;;;;;;;;;;;;;;;;;;;;;;;;;;;;;;;;;;;;;;;;;;;;;;;;   0.000;   0.000;   0.000;   0.010;   0.000;   0.000;   0.000;   0.000;   0.000; 1; 1; 1;       1;       1;       1;      16;       1;       1;0
10.07.2017 15:29:20;helium;         16;         16;          1;          1;          1;         16;        256;   3.000;.08000000;.00000000;.00000000;.03200000;17.87199974;17.72800064;.14399999;.00000000;.00000000;.00000000;.00000000;550838272;227045376;      0;      0;      0;      0;      0;      0;      0;      0;;;;;;;;;;;;;;;;;;;;;;;;;;;;;;;;;;;;;;;;;;;;;;;;;;;;;;;;;;;;   0.000;   0.000;   0.000;   0.000;   0.000;   0.000;   0.000;   0.000;   0.000; 1; 1; 1;       1;       1;       1;      16;       1;       1;0
10.07.2017 15:29:20;helium;         16;         16;          1;          1;          1;         16;        256;   3.000;.08800000;.00000000;.00000000;.02000000;17.80800056;17.67200089;.13600001;.00000000;.00000000;.00000000;.00000000;551002112;228536320;      0;      0;      0;      0;      0;      0;      0;      0;;;;;;;;;;;;;;;;;;;;;;;;;;;;;;;;;;;;;;;;;;;;;;;;;;;;;;;;;;;;   0.000;   0.000;   0.000;   0.010;   0.000;   0.000;   0.000;   0.000;   0.000; 1; 1; 1;       1;       1;       1;      16;       1;       1;0
10.07.2017 15:29:20;helium;         16;         16;          1;          1;          1;         16;        256;   3.000;.10000000;.00400000;.00000000;.02000000;17.80800056;17.65200043;.15600000;.00000000;.00000000;.00000000;.00000000;550846464;223358976;      0;      0;      0;      0;      0;      0;      0;      0;;;;;;;;;;;;;;;;;;;;;;;;;;;;;;;;;;;;;;;;;;;;;;;;;;;;;;;;;;;;   0.000;   0.000;   0.000;   0.010;   0.000;   0.000;   0.000;   0.000;   0.000; 1; 1; 1;       1;       1;       1;      16;       1;       1;0
10.07.2017 15:29:20;helium;         16;         16;          1;          1;          1;         16;        256;   3.000;.12400000;.00400001;.00000000;.01599999;17.83600044;17.65999985;.17600000;.00000000;.00000000;.00000000;.00000000;550981632;223719424;      0;      0;      0;      0;      0;      0;      0;      0;;;;;;;;;;;;;;;;;;;;;;;;;;;;;;;;;;;;;;;;;;;;;;;;;;;;;;;;;;;;   0.000;   0.000;   0.000;   0.000;   0.000;   0.000;   0.000;   0.000;   0.000; 1; 1; 1;       1;       1;       1;      16;       1;       1;0
10.07.2017 15:30:30;helium;         32;         32;          1;          1;          1;         32;       1024;   3.000;1.01600003;.72399998;.00000000;11.99200034;66.17599487;52.36399841;13.81200027;.00000000;128.00000000;.00000000;.00000000;640749568;253181952;      0;      0;      0;      0;      0;      0;      0;      0;;;;;;;;;;;;;;;;;;;;;;;;;;;;;;;;;;;;;;;;;;;;;;;;;;;;;;;;;;;;   0.000;   0.000;   0.000;   0.010;   0.000;   0.000;   0.000;   0.000;   0.010; 1; 1; 1;       1;       1;       1;      32;       1;       1;0
10.07.2017 15:30:30;helium;         32;         32;          1;          1;          1;         32;       1024;   3.000;1.02799995;.86400008;.00000000;18.82800090;66.30799866;45.51200104;20.79599953;.00000000;128.00000000;.00000000;.00000000;640827392;253444096;      0;      0;      0;      0;      0;      0;      0;      0;;;;;;;;;;;;;;;;;;;;;;;;;;;;;;;;;;;;;;;;;;;;;;;;;;;;;;;;;;;;   0.000;   0.000;   0.000;   0.010;   0.000;   0.000;   0.000;   0.000;   0.000; 1; 1; 1;       1;       1;       1;      32;       1;       1;0
10.07.2017 15:30:30;helium;         32;         32;          1;          1;          1;         32;       1024;   3.000;1.08800001;.74000001;.00000000;19.85599971;66.41999817;44.65200043;21.76799965;.00000000;128.00000000;.00000000;.00000000;640565248;252575744;      0;      0;      0;      0;      0;      0;      0;      0;;;;;;;;;;;;;;;;;;;;;;;;;;;;;;;;;;;;;;;;;;;;;;;;;;;;;;;;;;;;   0.000;   0.000;   0.000;   0.010;   0.000;   0.000;   0.000;   0.000;   0.000; 1; 1; 1;       1;       1;       1;      32;       1;       1;0
10.07.2017 15:30:30;helium;         32;         32;          1;          1;          1;         32;       1024;   3.000;1.09200002;.62000000;.00000000;22.09999967;66.36000061;42.45999908;23.89999962;.00000000;128.00000000;.00000000;.00000000;640557056;234856448;      0;      0;      0;      0;      0;      0;      0;      0;;;;;;;;;;;;;;;;;;;;;;;;;;;;;;;;;;;;;;;;;;;;;;;;;;;;;;;;;;;;   0.000;   0.000;   0.000;   0.010;   0.000;   0.000;   0.000;   0.000;   0.000; 1; 1; 1;       1;       1;       1;      32;       1;       1;0
10.07.2017 15:30:30;helium;         32;         32;          1;          1;          1;         32;       1024;   3.000;1.13999999;.68400002;.00000000;20.85200059;66.30000305;43.54800034;22.75200081;.00000000;128.00000000;.00000000;.00000000;640774144;235171840;      0;      0;      0;      0;      0;      0;      0;      0;;;;;;;;;;;;;;;;;;;;;;;;;;;;;;;;;;;;;;;;;;;;;;;;;;;;;;;;;;;;   0.000;   0.000;   0.000;   0.010;   0.000;   0.000;   0.000;   0.000;   0.000; 1; 1; 1;       1;       1;       1;      32;       1;       1;0
10.07.2017 15:30:30;helium;         32;         32;          1;          1;          1;         32;       1024;   3.000;1.16000003;.71200001;.00000000;18.13599908;66.31600189;46.22000122;20.09600067;.00000000;128.00000000;.00000000;.00000000;640643072;234893312;      0;      0;      0;      0;      0;      0;      0;      0;;;;;;;;;;;;;;;;;;;;;;;;;;;;;;;;;;;;;;;;;;;;;;;;;;;;;;;;;;;;   0.000;   0.000;   0.000;   0.010;   0.000;   0.000;   0.000;   0.000;   0.000; 1; 1; 1;       1;       1;       1;      32;       1;       1;0
10.07.2017 15:30:30;helium;         32;         32;          1;          1;          1;         32;       1024;   3.000;1.19600000;.71200001;.00000000;12.08799970;66.34000397;52.24800110;14.09200001;.00000000;128.00000000;.00000000;.00000000;640729088;234815488;      0;      0;      0;      0;      0;      0;      0;      0;;;;;;;;;;;;;;;;;;;;;;;;;;;;;;;;;;;;;;;;;;;;;;;;;;;;;;;;;;;;   0.000;   0.000;   0.000;   0.010;   0.000;   0.000;   0.000;   0.000;   0.000; 1; 1; 1;       1;       1;       1;      32;       1;       1;0
10.07.2017 15:30:30;helium;         32;         32;          1;          1;          1;         32;       1024;   3.000;1.21600003;.61199999;.00000000;20.40400004;66.19599915;43.89599991;22.29999924;.00000000;128.00000000;.00000000;.00000000;642711552;254857216;      0;      0;      0;      0;      0;      0;      0;      0;;;;;;;;;;;;;;;;;;;;;;;;;;;;;;;;;;;;;;;;;;;;;;;;;;;;;;;;;;;;   0.000;   0.000;   0.000;   0.010;   0.000;   0.000;   0.000;   0.000;   0.000; 1; 1; 1;       1;       1;       1;      32;       1;       1;0
10.07.2017 15:30:30;helium;         32;         32;          1;          1;          1;         32;       1024;   3.000;1.24399997;.50800002;.00000000;21.73200059;66.26000214;42.69200134;23.56800079;.00000000;128.00000000;.00000000;.00000000;640643072;252649472;      0;      0;      0;      0;      0;      0;      0;      0;;;;;;;;;;;;;;;;;;;;;;;;;;;;;;;;;;;;;;;;;;;;;;;;;;;;;;;;;;;;   0.000;   0.000;   0.000;   0.010;   0.000;   0.000;   0.000;   0.000;   0.000; 1; 1; 1;       1;       1;       1;      32;       1;       1;0
10.07.2017 15:30:30;helium;         32;         32;          1;          1;          1;         32;       1024;   3.000;1.27199997;.66000009;.00000000;18.09199953;66.38000488;46.27600098;20.10400009;.00000000;128.00000000;.00000000;.00000000;640552960;252571648;      0;      0;      0;      0;      0;      0;      0;      0;;;;;;;;;;;;;;;;;;;;;;;;;;;;;;;;;;;;;;;;;;;;;;;;;;;;;;;;;;;;   0.000;   0.000;   0.000;   0.010;   0.000;   0.000;   0.000;   0.000;   0.000; 1; 1; 1;       1;       1;       1;      32;       1;       1;0
10.07.2017 15:30:30;helium;         32;         32;          1;          1;          1;         32;       1024;   3.000;1.30400002;.73199999;.00000000;17.99599957;66.38800049;46.29600143;20.09199905;.00000000;128.00000000;.00000000;.00000000;640823296;253227008;      0;      0;      0;      0;      0;      0;      0;      0;;;;;;;;;;;;;;;;;;;;;;;;;;;;;;;;;;;;;;;;;;;;;;;;;;;;;;;;;;;;   0.000;   0.000;   0.000;   0.010;   0.000;   0.000;   0.000;   0.000;   0.000; 1; 1; 1;       1;       1;       1;      32;       1;       1;0
10.07.2017 15:30:30;helium;         32;         32;          1;          1;          1;         32;       1024;   3.000;1.34400005;.75199986;.00000000;19.81200075;65.94000244;43.96400070;21.97599983;.00000000;128.00000000;.00000000;.00000000;640806912;247308288;      0;      2;      0;*******;      0;      2;      2;      2;;;;;;;;;;;;;;;;;;;;;;;;;;;;;;;;;;;;;;;;;;;;;;;;;;;;;;;;;;;;   0.000;   0.000;   0.000;   0.010;   0.000;   0.000;   0.000;   0.000;   0.000; 1; 1; 1;       1;       1;       1;      32;       1;       1;0
10.07.2017 15:30:30;helium;         32;         32;          1;          1;          1;         32;       1024;   3.000;1.36400003;.81200004;.00000000;22.45599961;66.32800293;41.63199997;24.69599915;.00000000;128.00000000;.00000000;.00000000;640704512;234856448;      0;      0;      0;      0;      0;      0;      0;      0;;;;;;;;;;;;;;;;;;;;;;;;;;;;;;;;;;;;;;;;;;;;;;;;;;;;;;;;;;;;   0.000;   0.000;   0.000;   0.010;   0.000;   0.000;   0.000;   0.000;   0.010; 1; 1; 1;       1;       1;       1;      32;       1;       1;0
10.07.2017 15:30:30;helium;         32;         32;          1;          1;          1;         32;       1024;   3.000;1.37200005;.74399984;.00000000;22.16400051;66.27999878;41.93600082;24.34399986;.00000000;128.00000000;.00000000;.00000000;643813376;254480384;      0;      0;      0;      0;      0;      0;      0;      0;;;;;;;;;;;;;;;;;;;;;;;;;;;;;;;;;;;;;;;;;;;;;;;;;;;;;;;;;;;;   0.000;   0.000;   0.000;   0.010;   0.000;   0.000;   0.000;   0.000;   0.000; 1; 1; 1;       1;       1;       1;      32;       1;       1;0
10.07.2017 15:30:30;helium;         32;         32;          1;          1;          1;         32;       1024;   3.000;1.38799996;.82800007;.00000000;18.56000066;66.02400208;45.18000031;20.84399986;.00000000;128.00000000;.00000000;.00000000;640561152;234856448;      0;      0;      0;      0;      0;      0;      0;      0;;;;;;;;;;;;;;;;;;;;;;;;;;;;;;;;;;;;;;;;;;;;;;;;;;;;;;;;;;;;   0.000;   0.000;   0.000;   0.010;   0.000;   0.000;   0.000;   0.000;   0.010; 1; 1; 1;       1;       1;       1;      32;       1;       1;0
10.07.2017 15:30:30;helium;         32;         32;          1;          1;          1;         32;       1024;   3.000;1.39999999;.48000002;.00000000;13.09999990;66.21199799;51.14400101;15.06799984;.00000000;128.00000000;.00000000;.00000000;640581632;234872832;      0;      0;      0;      0;      0;      0;      0;      0;;;;;;;;;;;;;;;;;;;;;;;;;;;;;;;;;;;;;;;;;;;;;;;;;;;;;;;;;;;;   0.000;   0.000;   0.000;   0.020;   0.000;   0.000;   0.000;   0.000;   0.000; 1; 1; 1;       1;       1;       1;      32;       1;       1;0
10.07.2017 15:30:30;helium;         32;         32;          1;          1;          1;         32;       1024;   3.000;1.41200001;.71599996;.00000000;22.47200012;66.26399994;41.58399963;24.68000031;.00000000;128.00000000;.00000000;.00000000;640548864;252547072;      0;      0;      0;      0;      0;      0;      0;      0;;;;;;;;;;;;;;;;;;;;;;;;;;;;;;;;;;;;;;;;;;;;;;;;;;;;;;;;;;;;   0.000;   0.000;   0.000;   0.020;   0.000;   0.000;   0.000;   0.000;   0.000; 1; 1; 1;       1;       1;       1;      32;       1;       1;0
10.07.2017 15:30:30;helium;         32;         32;          1;          1;          1;         32;       1024;   3.000;1.42800004;.86399996;.00000000;20.21199942;66.25999451;43.70399857;22.55599976;.00000000;128.00000000;.00000000;.00000000;640753664;253370368;      0;      0;      0;      0;      0;      0;      0;      0;;;;;;;;;;;;;;;;;;;;;;;;;;;;;;;;;;;;;;;;;;;;;;;;;;;;;;;;;;;;   0.000;   0.000;   0.000;   0.010;   0.000;   0.000;   0.000;   0.000;   0.000; 1; 1; 1;       1;       1;       1;      32;       1;       1;0
10.07.2017 15:30:30;helium;         32;         32;          1;          1;          1;         32;       1024;   3.000;1.43200006;.70000005;.00000000;20.35999990;66.19599915;43.61999893;22.57600021;.00000000;128.00000000;.00000000;.00000000;640552960;234856448;      0;      0;      0;      0;      0;      0;      0;      0;;;;;;;;;;;;;;;;;;;;;;;;;;;;;;;;;;;;;;;;;;;;;;;;;;;;;;;;;;;;   0.000;   0.000;   0.000;   0.010;   0.000;   0.000;   0.000;   0.000;   0.010; 1; 1; 1;       1;       1;       1;      32;       1;       1;0
10.07.2017 15:30:30;helium;         32;         32;          1;          1;          1;         32;       1024;   3.000;1.47199995;.68400013;.00000000;16.57599998;66.07199860;47.25600052;18.81599998;.00000000;128.00000000;.00000000;.00000000;639746048;246312960;      0;      0;      0;      0;      0;      0;      0;      0;;;;;;;;;;;;;;;;;;;;;;;;;;;;;;;;;;;;;;;;;;;;;;;;;;;;;;;;;;;;   0.000;   0.000;   0.000;   0.010;   0.000;   0.000;   0.000;   0.000;   0.000; 1; 1; 1;       1;       1;       1;      32;       1;       1;0
10.07.2017 15:30:30;helium;         32;         32;          1;          1;          1;         32;       1024;   3.000;1.48000002;.65199995;.00000000;18.41600037;66.33200073;45.68799973;20.64399910;.00000000;128.00000000;.00000000;.00000000;640765952;252801024;      0;      0;      0;      0;      0;      0;      0;      0;;;;;;;;;;;;;;;;;;;;;;;;;;;;;;;;;;;;;;;;;;;;;;;;;;;;;;;;;;;;   0.000;   0.000;   0.000;   0.010;   0.000;   0.000;   0.000;   0.000;   0.010; 1; 1; 1;       1;       1;       1;      32;       1;       1;0
10.07.2017 15:30:30;helium;         32;         32;          1;          1;          1;         32;       1024;   3.000;1.51600005;.87600005;.00000000;21.25999975;66.39199829;42.67200089;23.71999931;.00000000;128.00000000;.00000000;.00000000;640585728;252575744;      0;      0;      0;      0;      0;      0;      0;      0;;;;;;;;;;;;;;;;;;;;;;;;;;;;;;;;;;;;;;;;;;;;;;;;;;;;;;;;;;;;   0.000;   0.000;   0.000;   0.010;   0.000;   0.000;   0.000;   0.000;   0.010; 1; 1; 1;       1;       1;       1;      32;       1;       1;0
10.07.2017 15:30:30;helium;         32;         32;          1;          1;          1;         32;       1024;   3.000;.28400001;.55999997;.00000000;13.43599975;66.05999756;51.69599915;14.36400032;.00000000;128.00000000;.00000000;.00000000;640765952;234889216;      0;      0;      0;      0;      0;      0;      0;      0;;;;;;;;;;;;;;;;;;;;;;;;;;;;;;;;;;;;;;;;;;;;;;;;;;;;;;;;;;;;   0.000;   0.000;   0.000;   0.010;   0.000;   0.000;   0.000;   0.000;   0.000; 1; 1; 1;       1;       1;       1;      32;       1;       1;0
10.07.2017 15:30:30;helium;         32;         32;          1;          1;          1;         32;       1024;   3.000;.48000000;.58399996;.00000000;16.91199958;66.12400055;48.07199860;18.05200005;.00000000;128.00000000;.00000000;.00000000;642154496;252735488;      0;      0;      0;      0;      0;      0;      0;      0;;;;;;;;;;;;;;;;;;;;;;;;;;;;;;;;;;;;;;;;;;;;;;;;;;;;;;;;;;;;   0.000;   0.000;   0.000;   0.010;   0.000;   0.000;   0.000;   0.000;   0.000; 1; 1; 1;       1;       1;       1;      32;       1;       1;0
10.07.2017 15:30:30;helium;         32;         32;          1;          1;          1;         32;       1024;   3.000;.60000002;.86399996;.00000000;9.62400031;65.96400452;54.82400131;11.14000034;.00000000;128.00000000;.00000000;.00000000;640806912;235229184;      0;      0;      0;      0;      0;      0;      0;      0;;;;;;;;;;;;;;;;;;;;;;;;;;;;;;;;;;;;;;;;;;;;;;;;;;;;;;;;;;;;   0.000;   0.000;   0.000;   0.000;   0.000;   0.000;   0.000;   0.000;   0.000; 1; 1; 1;       1;       1;       1;      32;       1;       1;0
10.07.2017 15:30:30;helium;         32;         32;          1;          1;          1;         32;       1024;   3.000;.60800002;.57599998;.00000000;12.20799971;66.05200195;52.56399918;13.48799992;.00000000;128.00000000;.00000000;.00000000;640753664;252772352;      0;      0;      0;      0;      0;      0;      0;      0;;;;;;;;;;;;;;;;;;;;;;;;;;;;;;;;;;;;;;;;;;;;;;;;;;;;;;;;;;;;   0.000;   0.000;   0.000;   0.010;   0.000;   0.000;   0.000;   0.000;   0.000; 1; 1; 1;       1;       1;       1;      32;       1;       1;0
10.07.2017 15:30:30;helium;         32;         32;          1;          1;          1;         32;       1024;   3.000;.62400003;.58800000;.00000000;18.36799932;66.04000092;46.36000061;19.68000031;.00000000;128.00000000;.00000000;.00000000;642244608;234905600;      0;      0;      0;      0;      0;      0;      0;      0;;;;;;;;;;;;;;;;;;;;;;;;;;;;;;;;;;;;;;;;;;;;;;;;;;;;;;;;;;;;   0.000;   0.000;   0.000;   0.010;   0.000;   0.000;   0.000;   0.000;   0.000; 1; 1; 1;       1;       1;       1;      32;       1;       1;0
10.07.2017 15:30:30;helium;         32;         32;          1;          1;          1;         32;       1024;   3.000;.65200002;.31599998;.00000000;9.59599984;66.23200226;55.57600021;10.65600014;.00000000;128.00000000;.00000000;.00000000;640552960;252547072;      0;      0;      0;      0;      0;      0;      0;      0;;;;;;;;;;;;;;;;;;;;;;;;;;;;;;;;;;;;;;;;;;;;;;;;;;;;;;;;;;;;   0.000;   0.000;   0.000;   0.010;   0.000;   0.000;   0.000;   0.000;   0.000; 1; 1; 1;       1;       1;       1;      32;       1;       1;0
10.07.2017 15:30:30;helium;         32;         32;          1;          1;          1;         32;       1024;   3.000;.76400000;.40000004;.00000000;13.38800001;66.18000031;51.54800034;14.63199997;.00000000;128.00000000;.00000000;.00000000;643272704;234835968;      0;      0;      0;      0;      0;      0;      0;      0;;;;;;;;;;;;;;;;;;;;;;;;;;;;;;;;;;;;;;;;;;;;;;;;;;;;;;;;;;;;   0.000;   0.000;   0.000;   0.020;   0.000;   0.000;   0.000;   0.000;   0.000; 1; 1; 1;       1;       1;       1;      32;       1;       1;0
10.07.2017 15:30:30;helium;         32;         32;          1;          1;          1;         32;       1024;   3.000;.78400000;.57600003;.00000000;14.49600029;66.28399658;50.32799911;15.95600033;.00000000;128.00000000;.00000000;.00000000;640811008;253538304;      0;      0;      0;      0;      0;      0;      0;      0;;;;;;;;;;;;;;;;;;;;;;;;;;;;;;;;;;;;;;;;;;;;;;;;;;;;;;;;;;;;   0.000;   0.000;   0.000;   0.010;   0.000;   0.000;   0.000;   0.000;   0.000; 1; 1; 1;       1;       1;       1;      32;       1;       1;0
10.07.2017 15:30:30;helium;         32;         32;          1;          1;          1;         32;       1024;   3.000;.86399998;.70800006;.00000000;14.99600017;66.32399750;49.68799973;16.63599968;.00000000;128.00000000;.00000000;.00000000;640593920;234872832;      0;      0;      0;      0;      0;      0;      0;      0;;;;;;;;;;;;;;;;;;;;;;;;;;;;;;;;;;;;;;;;;;;;;;;;;;;;;;;;;;;;   0.000;   0.000;   0.000;   0.010;   0.000;   0.000;   0.000;   0.000;   0.010; 1; 1; 1;       1;       1;       1;      32;       1;       1;0
10.07.2017 15:30:30;helium;         32;         32;          1;          1;          1;         32;       1024;   3.000;.97200001;.68399996;.00000000;20.37199962;66.35199738;44.23600006;22.11599922;.00000000;128.00000000;.00000000;.00000000;642146304;235147264;      0;      0;      0;      0;      0;      0;      0;      0;;;;;;;;;;;;;;;;;;;;;;;;;;;;;;;;;;;;;;;;;;;;;;;;;;;;;;;;;;;;   0.000;   0.000;   0.000;   0.010;   0.000;   0.000;   0.000;   0.000;   0.010; 1; 1; 1;       1;       1;       1;      32;       1;       1;0
10.07.2017 15:30:43;helium;          2;          2;          1;          1;          1;          2;          8;   3.000;.04400000;.00400000;.00000000;.01200000;10.17199993;10.09599972;.07600000;.00000000;.00000000;.00000000;.00000000;481935360;220364800;      0;      0;      0;      0;      0;      0;      0;      0;;;;;;;;;;;;;;;;;;;;;;;;;;;;;;;;;;;;;;;;;;;;;;;;;;;;;;;;;;;;   0.000;   0.000;   0.000;   0.000;   0.000;   0.000;   0.000;   0.000;   0.000; 1; 1; 1;       1;       1;       1;       2;       1;       1;0
10.07.2017 15:30:43;helium;          2;          2;          1;          1;          1;          2;          8;   3.000;.04800000;.01600000;.00000000;.06800000;9.93200016;9.77999973;.15200000;.00000000;.00000000;.00000000;.00000000;481755136;220229632;      0;      2;      0;*******;      0;      1;      1;      1;;;;;;;;;;;;;;;;;;;;;;;;;;;;;;;;;;;;;;;;;;;;;;;;;;;;;;;;;;;;   0.000;   0.000;   0.000;   0.000;   0.000;   0.000;   0.000;   0.000;   0.000; 1; 1; 1;       1;       1;       1;       2;       1;       1;0
10.07.2017 15:31:09;helium;          4;          4;          1;          1;          1;          4;         64;   3.000;.02400000;.00000000;.00000000;.04000000;23.55599976;23.47599983;.08000000;.00000000;.00000000;.00000000;.00000000;494002176;217284608;      0;      0;      0;      0;      0;      0;      0;      0;;;;;;;;;;;;;;;;;;;;;;;;;;;;;;;;;;;;;;;;;;;;;;;;;;;;;;;;;;;;   0.000;   0.000;   0.000;   0.010;   0.000;   0.000;   0.000;   0.000;   0.000; 1; 1; 1;       1;       1;       1;       4;       1;       1;0
10.07.2017 15:31:09;helium;          4;          4;          1;          1;          1;          4;         64;   3.000;.04000000;.00800000;.00000000;.08800000;23.31999969;23.16799927;.15200000;.00000000;.00000000;.00000000;.00000000;492646400;216834048;      0;      2;      0;*******;      0;      2;      2;      2;;;;;;;;;;;;;;;;;;;;;;;;;;;;;;;;;;;;;;;;;;;;;;;;;;;;;;;;;;;;   0.000;   0.000;   0.000;   0.010;   0.000;   0.000;   0.000;   0.000;   0.000; 1; 1; 1;       1;       1;       1;       4;       1;       1;0
10.07.2017 15:31:09;helium;          4;          4;          1;          1;          1;          4;         64;   3.000;.04400000;.00400000;.00000000;.02400000;23.54400063;23.46400070;.08000000;.00000000;.00000000;.00000000;.00000000;492670976;217292800;      0;      0;      0;      0;      0;      0;      0;      0;;;;;;;;;;;;;;;;;;;;;;;;;;;;;;;;;;;;;;;;;;;;;;;;;;;;;;;;;;;;   0.000;   0.000;   0.000;   0.000;   0.000;   0.000;   0.000;   0.000;   0.000; 1; 1; 1;       1;       1;       1;       4;       1;       1;0
10.07.2017 15:31:09;helium;          4;          4;          1;          1;          1;          4;         64;   3.000;.07600000;.00400000;.00000000;.02000000;23.57600021;23.46400070;.11200000;.00000000;.00000000;.00000000;.00000000;494067712;218226688;      0;      0;      0;      0;      0;      0;      0;      0;;;;;;;;;;;;;;;;;;;;;;;;;;;;;;;;;;;;;;;;;;;;;;;;;;;;;;;;;;;;   0.000;   0.000;   0.000;   0.000;   0.000;   0.000;   0.000;   0.000;   0.010; 1; 1; 1;       1;       1;       1;       4;       1;       1;0
10.07.2017 15:31:40;helium;          8;          8;          1;          1;          1;          8;        512;   3.000;.04000000;.00400000;.00000000;.01200000;28.81199837;28.74799919;.06400000;.00000000;.00000000;.00000000;.00000000;523010048;225378304;      0;      0;      0;      0;      0;      0;      0;      0;;;;;;;;;;;;;;;;;;;;;;;;;;;;;;;;;;;;;;;;;;;;;;;;;;;;;;;;;;;;   0.000;   0.000;   0.000;   0.010;   0.000;   0.000;   0.000;   0.000;   0.000; 1; 1; 1;       1;       1;       1;       8;       1;       1;0
10.07.2017 15:31:40;helium;          8;          8;          1;          1;          1;          8;        512;   3.000;.04400000;.00000000;.00000000;.01600000;28.80799866;28.74399948;.06400000;.00000000;.00000000;.00000000;.00000000;521359360;231669760;      0;      0;      0;      0;      0;      0;      0;      0;;;;;;;;;;;;;;;;;;;;;;;;;;;;;;;;;;;;;;;;;;;;;;;;;;;;;;;;;;;;   0.000;   0.000;   0.000;   0.010;   0.000;   0.000;   0.000;   0.000;   0.000; 1; 1; 1;       1;       1;       1;       8;       1;       1;0
10.07.2017 15:31:40;helium;          8;          8;          1;          1;          1;          8;        512;   3.000;.05200000;.00000000;.00000000;.00800000;28.82400131;28.75600052;.06800000;.00000000;.00000000;.00000000;.00000000;522665984;225079296;      0;      0;      0;      0;      0;      0;      0;      0;;;;;;;;;;;;;;;;;;;;;;;;;;;;;;;;;;;;;;;;;;;;;;;;;;;;;;;;;;;;   0.000;   0.000;   0.000;   0.020;   0.000;   0.000;   0.000;   0.000;   0.000; 1; 1; 1;       1;       1;       1;       8;       1;       1;0
10.07.2017 15:31:40;helium;          8;          8;          1;          1;          1;          8;        512;   3.000;.05200000;.00000000;.00000000;.01600000;28.77599907;28.69599915;.08000000;.00000000;.00000000;.00000000;.00000000;522678272;236826624;      0;      0;      0;      0;      0;      0;      0;      0;;;;;;;;;;;;;;;;;;;;;;;;;;;;;;;;;;;;;;;;;;;;;;;;;;;;;;;;;;;;   0.000;   0.000;   0.000;   0.010;   0.000;   0.000;   0.000;   0.000;   0.000; 1; 1; 1;       1;       1;       1;       8;       1;       1;0
10.07.2017 15:31:40;helium;          8;          8;          1;          1;          1;          8;        512;   3.000;.06800000;.00000000;.00399999;.08000000;28.59200096;28.41600037;.17600000;.00000000;.00000000;.00000000;.00000000;521646080;231960576;      0;      2;      0;*******;      0;      2;      2;      2;;;;;;;;;;;;;;;;;;;;;;;;;;;;;;;;;;;;;;;;;;;;;;;;;;;;;;;;;;;;   0.000;   0.000;   0.000;   0.010;   0.000;   0.000;   0.000;   0.000;   0.000; 1; 1; 1;       1;       1;       1;       8;       1;       1;0
10.07.2017 15:31:40;helium;          8;          8;          1;          1;          1;          8;        512;   3.000;.09200000;.00000000;.00000000;.01600000;28.82399940;28.68799973;.13600001;.00000000;.00000000;.00000000;.00000000;522612736;225042432;      0;      0;      0;      0;      0;      0;      0;      0;;;;;;;;;;;;;;;;;;;;;;;;;;;;;;;;;;;;;;;;;;;;;;;;;;;;;;;;;;;;   0.000;   0.000;   0.000;   0.020;   0.000;   0.000;   0.000;   0.000;   0.000; 1; 1; 1;       1;       1;       1;       8;       1;       1;0
10.07.2017 15:31:40;helium;          8;          8;          1;          1;          1;          8;        512;   3.000;.09600000;.00000000;.00000000;.02000001;28.84799957;28.69599915;.15200000;.00000000;.00000000;.00000000;.00000000;522833920;225177600;      0;      0;      0;      0;      0;      0;      0;      0;;;;;;;;;;;;;;;;;;;;;;;;;;;;;;;;;;;;;;;;;;;;;;;;;;;;;;;;;;;;   0.000;   0.000;   0.000;   0.020;   0.000;   0.000;   0.000;   0.000;   0.000; 1; 1; 1;       1;       1;       1;       8;       1;       1;0
10.07.2017 15:31:40;helium;          8;          8;          1;          1;          1;          8;        512;   3.000;.14399999;.01200001;.00000000;.01199999;28.83199883;28.64399910;.18799999;.00000000;.00000000;.00000000;.00000000;522698752;225128448;      0;      0;      0;      0;      0;      0;      0;      0;;;;;;;;;;;;;;;;;;;;;;;;;;;;;;;;;;;;;;;;;;;;;;;;;;;;;;;;;;;;   0.000;   0.000;   0.000;   0.010;   0.000;   0.000;   0.000;   0.000;   0.000; 1; 1; 1;       1;       1;       1;       8;       1;       1;0
10.07.2017 15:32:59;helium;         16;         16;          1;          1;          1;         16;       4096;   3.000;.06800000;.00799999;.00000000;.03600001;75.86399841;75.72000122;.14399999;.00000000;.00000000;.00000000;.00000000;643616768;282165248;      0;      0;      0;      0;      0;      0;      0;      0;;;;;;;;;;;;;;;;;;;;;;;;;;;;;;;;;;;;;;;;;;;;;;;;;;;;;;;;;;;;   0.000;   0.000;   0.000;   0.070;   0.000;   0.000;   0.000;   0.000;   0.000; 1; 1; 1;       1;       1;       1;      16;       1;       1;0
10.07.2017 15:32:59;helium;         16;         16;          1;          1;          1;         16;       4096;   3.000;.09200000;.00800000;.00000000;.02800000;75.88000488;75.70400238;.17600000;.00000000;.00000000;.00000000;.00000000;643657728;281772032;      0;      0;      0;      0;      0;      0;      0;      0;;;;;;;;;;;;;;;;;;;;;;;;;;;;;;;;;;;;;;;;;;;;;;;;;;;;;;;;;;;;   0.000;   0.000;   0.000;   0.070;   0.000;   0.000;   0.000;   0.000;   0.000; 1; 1; 1;       1;       1;       1;      16;       1;       1;0
10.07.2017 15:32:59;helium;         16;         16;          1;          1;          1;         16;       4096;   3.000;.09600000;.00000000;.00400000;.15200001;75.72000122;75.42800140;.29200000;.00000000;.00000000;.00000000;.00000000;646086656;292061184;      0;      2;      0;*******;      0;      2;      2;      2;;;;;;;;;;;;;;;;;;;;;;;;;;;;;;;;;;;;;;;;;;;;;;;;;;;;;;;;;;;;   0.000;   0.000;   0.000;   0.070;   0.000;   0.000;   0.000;   0.000;   0.000; 1; 1; 1;       1;       1;       1;      16;       1;       1;0
10.07.2017 15:32:59;helium;         16;         16;          1;          1;          1;         16;       4096;   3.000;.09600000;.00800000;.00000000;.04400000;75.89200592;75.70400238;.18799999;.00000000;.00000000;.00000000;.00000000;643964928;281878528;      0;      0;      0;      0;      0;      0;      0;      0;;;;;;;;;;;;;;;;;;;;;;;;;;;;;;;;;;;;;;;;;;;;;;;;;;;;;;;;;;;;   0.000;   0.000;   0.000;   0.070;   0.000;   0.000;   0.000;   0.000;   0.000; 1; 1; 1;       1;       1;       1;      16;       1;       1;0
10.07.2017 15:32:59;helium;         16;         16;          1;          1;          1;         16;       4096;   3.000;.11200000;.01200000;.00000000;.02400000;75.89999390;75.69999695;.20000000;.00000000;.00000000;.00000000;.00000000;643657728;281772032;      0;      0;      0;      0;      0;      0;      0;      0;;;;;;;;;;;;;;;;;;;;;;;;;;;;;;;;;;;;;;;;;;;;;;;;;;;;;;;;;;;;   0.000;   0.000;   0.000;   0.070;   0.000;   0.000;   0.000;   0.000;   0.010; 1; 1; 1;       1;       1;       1;      16;       1;       1;0
10.07.2017 15:32:59;helium;         16;         16;          1;          1;          1;         16;       4096;   3.000;.11600000;.01200001;.00000000;.03199999;75.90000153;75.69599915;.20400000;.00000000;.00000000;.00000000;.00000000;643969024;281939968;      0;      0;      0;      0;      0;      0;      0;      0;;;;;;;;;;;;;;;;;;;;;;;;;;;;;;;;;;;;;;;;;;;;;;;;;;;;;;;;;;;;   0.000;   0.000;   0.000;   0.080;   0.000;   0.000;   0.000;   0.000;   0.000; 1; 1; 1;       1;       1;       1;      16;       1;       1;0
10.07.2017 15:32:59;helium;         16;         16;          1;          1;          1;         16;       4096;   3.000;.12400000;.00400001;.00000000;.02800000;75.94799805;75.73600006;.21200000;.00000000;.00000000;.00000000;.00000000;643743744;284864512;      0;      0;      0;      0;      0;      0;      0;      0;;;;;;;;;;;;;;;;;;;;;;;;;;;;;;;;;;;;;;;;;;;;;;;;;;;;;;;;;;;;   0.000;   0.000;   0.000;   0.080;   0.000;   0.000;   0.000;   0.000;   0.000; 1; 1; 1;       1;       1;       1;      16;       1;       1;0
10.07.2017 15:32:59;helium;         16;         16;          1;          1;          1;         16;       4096;   3.000;.14400000;.00399999;.00000000;.02400000;75.89599609;75.68399811;.21200000;.00000000;.00000000;.00000000;.00000000;643842048;281812992;      0;      0;      0;      0;      0;      0;      0;      0;;;;;;;;;;;;;;;;;;;;;;;;;;;;;;;;;;;;;;;;;;;;;;;;;;;;;;;;;;;;   0.000;   0.000;   0.000;   0.070;   0.000;   0.000;   0.000;   0.000;   0.000; 1; 1; 1;       1;       1;       1;      16;       1;       1;0
10.07.2017 15:32:59;helium;         16;         16;          1;          1;          1;         16;       4096;   3.000;.38400001;.00799999;.00000000;.03600001;75.91200256;75.41200256;.50000000;.00000000;.00000000;.00000000;.00000000;643760128;281817088;      0;      0;      0;      0;      0;      0;      0;      0;;;;;;;;;;;;;;;;;;;;;;;;;;;;;;;;;;;;;;;;;;;;;;;;;;;;;;;;;;;;   0.000;   0.000;   0.000;   0.070;   0.000;   0.000;   0.000;   0.000;   0.000; 1; 1; 1;       1;       1;       1;      16;       1;       1;0
10.07.2017 15:32:59;helium;         16;         16;          1;          1;          1;         16;       4096;   3.000;.46800001;.00399998;.00000000;.02000001;75.90799713;75.35199738;.55599999;.00000000;.00000000;.00000000;.00000000;643768320;281825280;      0;      0;      0;      0;      0;      0;      0;      0;;;;;;;;;;;;;;;;;;;;;;;;;;;;;;;;;;;;;;;;;;;;;;;;;;;;;;;;;;;;   0.000;   0.000;   0.000;   0.080;   0.000;   0.000;   0.000;   0.000;   0.000; 1; 1; 1;       1;       1;       1;      16;       1;       1;0
10.07.2017 15:32:59;helium;         16;         16;          1;          1;          1;         16;       4096;   3.000;.47600000;.00400001;.00000000;.03199998;75.91199493;75.33999634;.57200003;.00000000;.00000000;.00000000;.00000000;643940352;281915392;      0;      0;      0;      0;      0;      0;      0;      0;;;;;;;;;;;;;;;;;;;;;;;;;;;;;;;;;;;;;;;;;;;;;;;;;;;;;;;;;;;;   0.000;   0.000;   0.000;   0.080;   0.000;   0.000;   0.000;   0.000;   0.000; 1; 1; 1;       1;       1;       1;      16;       1;       1;0
10.07.2017 15:32:59;helium;         16;         16;          1;          1;          1;         16;       4096;   3.000;.49599999;.00400001;.00000000;.04000002;75.93199921;75.35600281;.57599998;.00000000;.00000000;.00000000;.00000000;645177344;281894912;      0;      0;      0;      0;      0;      0;      0;      0;;;;;;;;;;;;;;;;;;;;;;;;;;;;;;;;;;;;;;;;;;;;;;;;;;;;;;;;;;;;   0.000;   0.000;   0.000;   0.070;   0.000;   0.000;   0.000;   0.000;   0.000; 1; 1; 1;       1;       1;       1;      16;       1;       1;0
10.07.2017 15:32:59;helium;         16;         16;          1;          1;          1;         16;       4096;   3.000;.54400003;.01199996;.00000000;.00800002;75.89600372;75.26399994;.63200003;.00000000;.00000000;.00000000;.00000000;643715072;281772032;      0;      0;      0;      0;      0;      0;      0;      0;;;;;;;;;;;;;;;;;;;;;;;;;;;;;;;;;;;;;;;;;;;;;;;;;;;;;;;;;;;;   0.000;   0.000;   0.000;   0.060;   0.000;   0.000;   0.000;   0.000;   0.010; 1; 1; 1;       1;       1;       1;      16;       1;       1;0
10.07.2017 15:32:59;helium;         16;         16;          1;          1;          1;         16;       4096;   3.000;.61600001;.01199996;.00000000;.02400005;75.89200592;75.18800354;.70400000;.00000000;.00000000;.00000000;.00000000;645980160;282398720;      0;      0;      0;      0;      0;      0;      0;      0;;;;;;;;;;;;;;;;;;;;;;;;;;;;;;;;;;;;;;;;;;;;;;;;;;;;;;;;;;;;   0.000;   0.000;   0.000;   0.070;   0.000;   0.000;   0.000;   0.000;   0.000; 1; 1; 1;       1;       1;       1;      16;       1;       1;0
10.07.2017 15:32:59;helium;         16;         16;          1;          1;          1;         16;       4096;   3.000;.69199998;.00400001;.00000000;.02000004;75.88800049;75.12400055;.76400000;.00000000;.00000000;.00000000;.00000000;643788800;281702400;      0;      0;      0;      0;      0;      0;      0;      0;;;;;;;;;;;;;;;;;;;;;;;;;;;;;;;;;;;;;;;;;;;;;;;;;;;;;;;;;;;;   0.000;   0.000;   0.000;   0.070;   0.000;   0.000;   0.000;   0.000;   0.010; 1; 1; 1;       1;       1;       1;      16;       1;       1;0
10.07.2017 15:32:59;helium;         16;         16;          1;          1;          1;         16;       4096;   3.000;.72399998;.00400001;.00000000;.04000002;75.89199829;75.08799744;.80400002;.00000000;.00000000;.00000000;.00000000;644034560;281952256;      0;      0;      0;      0;      0;      0;      0;      0;;;;;;;;;;;;;;;;;;;;;;;;;;;;;;;;;;;;;;;;;;;;;;;;;;;;;;;;;;;;   0.000;   0.000;   0.000;   0.070;   0.000;   0.000;   0.000;   0.000;   0.000; 1; 1; 1;       1;       1;       1;      16;       1;       1;0
10.07.2017 15:41:02;helium;         32;         32;          1;          1;          1;         32;      32768;   3.000;5.35600003;2.56799984;.00000000;139.68799305;478.50399780;330.39599609;148.10800171;256.00000000;256.00000000;.00000000;.00000000;1393029120;569925632;      0;      0;      0;      0;      0;      0;      0;      0;;;;;;;;;;;;;;;;;;;;;;;;;;;;;;;;;;;;;;;;;;;;;;;;;;;;;;;;;;;;   0.000;   0.000;   0.000;   0.780;   0.000;   0.000;   0.000;   0.000;   0.020; 1; 1; 1;       1;       1;       1;      32;       1;       1;0
10.07.2017 15:41:02;helium;         32;         32;          1;          1;          1;         32;      32768;   3.000;5.90400018;1.78399992;.00000000;144.02000332;478.81201172;326.61599731;152.19599915;256.00000000;256.00000000;.00000000;.00000000;1393246208;570142720;      0;      0;      0;      0;      0;      0;      0;      0;;;;;;;;;;;;;;;;;;;;;;;;;;;;;;;;;;;;;;;;;;;;;;;;;;;;;;;;;;;;   0.000;   0.000;   0.000;   0.500;   0.000;   0.000;   0.000;   0.000;   0.010; 1; 1; 1;       1;       1;       1;      32;       1;       1;0
10.07.2017 15:41:02;helium;         32;         32;          1;          1;          1;         32;      32768;   3.000;6.14799995;2.47600031;.00000000;152.75200462;478.51199341;316.67999268;161.83200073;256.00000000;256.00000000;.00000000;.00000000;1392201728;564133888;      0;      0;      0;      0;      0;      0;      0;      0;;;;;;;;;;;;;;;;;;;;;;;;;;;;;;;;;;;;;;;;;;;;;;;;;;;;;;;;;;;;   0.000;   0.000;   0.000;   0.510;   0.000;   0.000;   0.000;   0.000;   0.010; 1; 1; 1;       1;       1;       1;      32;       1;       1;0
10.07.2017 15:41:02;helium;         32;         32;          1;          1;          1;         32;      32768;   3.000;6.14800014;2.32399940;.00000000;26.01599884;478.39599609;443.51998901;34.87599945;512.00000000;.00000000;.00000000;.00000000;1393172480;571871232;      0;      0;      0;      0;      0;      0;      0;      0;;;;;;;;;;;;;;;;;;;;;;;;;;;;;;;;;;;;;;;;;;;;;;;;;;;;;;;;;;;;   0.000;   0.000;   0.000;   0.750;   0.000;   0.000;   0.000;   0.000;   0.020; 1; 1; 1;       1;       1;       1;      32;       1;       1;0
10.07.2017 15:41:02;helium;         32;         32;          1;          1;          1;         32;      32768;   3.000;6.18799991;2.41200018;.00000000;145.47600174;478.53997803;324.02398682;154.51600647;256.00000000;256.00000000;.00000000;.00000000;1394425856;569843712;      0;      0;      0;      0;      0;      0;      0;      0;;;;;;;;;;;;;;;;;;;;;;;;;;;;;;;;;;;;;;;;;;;;;;;;;;;;;;;;;;;;   0.000;   0.000;   0.000;   0.500;   0.000;   0.000;   0.000;   0.000;   0.000; 1; 1; 1;       1;       1;       1;      32;       1;       1;0
10.07.2017 15:41:02;helium;         32;         32;          1;          1;          1;         32;      32768;   3.000;6.24799985;2.81999969;.00000000;149.87999630;478.20001221;318.50000000;159.69999695;256.00000000;256.00000000;.00000000;.00000000;1394356224;571858944;      0;      0;      0;      0;      0;      0;      0;      0;;;;;;;;;;;;;;;;;;;;;;;;;;;;;;;;;;;;;;;;;;;;;;;;;;;;;;;;;;;;   0.000;   0.000;   0.000;   0.690;   0.000;   0.000;   0.000;   0.000;   0.030; 1; 1; 1;       1;       1;       1;      32;       1;       1;0
10.07.2017 15:41:02;helium;         32;         32;          1;          1;          1;         32;      32768;   3.000;6.29999990;2.14400005;.00000000;147.60799980;478.95599365;322.39999390;156.55599976;256.00000000;256.00000000;.00000000;.00000000;1396420608;572313600;      0;      0;      0;      0;      0;      0;      0;      0;;;;;;;;;;;;;;;;;;;;;;;;;;;;;;;;;;;;;;;;;;;;;;;;;;;;;;;;;;;;   0.000;   0.000;   0.000;   0.520;   0.000;   0.000;   0.000;   0.000;   0.000; 1; 1; 1;       1;       1;       1;      32;       1;       1;0
10.07.2017 15:41:02;helium;         32;         32;          1;          1;          1;         32;      32768;   3.000;6.35600013;2.63600016;.00000000;145.29199409;478.25601196;323.43600464;154.82000732;256.00000000;256.00000000;.00000000;.00000000;1393070080;570769408;      0;      0;      0;      0;      0;      0;      0;      0;;;;;;;;;;;;;;;;;;;;;;;;;;;;;;;;;;;;;;;;;;;;;;;;;;;;;;;;;;;;   0.000;   0.000;   0.000;   0.660;   0.000;   0.000;   0.000;   0.000;   0.020; 1; 1; 1;       1;       1;       1;      32;       1;       1;0
10.07.2017 15:41:02;helium;         32;         32;          1;          1;          1;         32;      32768;   3.000;6.41600008;3.52799988;.00000000;152.89199638;478.18798828;315.04800415;163.13999939;256.00000000;256.00000000;.00000000;.00000000;1393127424;571895808;      0;      0;      0;      0;      0;      0;      0;      0;;;;;;;;;;;;;;;;;;;;;;;;;;;;;;;;;;;;;;;;;;;;;;;;;;;;;;;;;;;;   0.000;   0.000;   0.000;   0.810;   0.000;   0.000;   0.000;   0.000;   0.000; 1; 1; 1;       1;       1;       1;      32;       1;       1;0
10.07.2017 15:41:02;helium;         32;         32;          1;          1;          1;         32;      32768;   3.000;6.46799994;3.61199999;.00000000;152.76800728;478.35998535;315.23599243;163.12399292;256.00000000;256.00000000;.00000000;.00000000;1392963584;571772928;      0;      0;      0;      0;      0;      0;      0;      0;;;;;;;;;;;;;;;;;;;;;;;;;;;;;;;;;;;;;;;;;;;;;;;;;;;;;;;;;;;;   0.000;   0.000;   0.000;   0.850;   0.000;   0.000;   0.000;   0.000;   0.020; 1; 1; 1;       1;       1;       1;      32;       1;       1;0
10.07.2017 15:41:02;helium;         32;         32;          1;          1;          1;         32;      32768;   3.000;6.51599998;1.96400023;.00000000;158.65599918;478.22799683;310.61999512;167.60800171;256.00000000;256.00000000;.00000000;.00000000;1392775168;569671680;      0;      0;      0;      0;      0;      0;      0;      0;;;;;;;;;;;;;;;;;;;;;;;;;;;;;;;;;;;;;;;;;;;;;;;;;;;;;;;;;;;;   0.000;   0.000;   0.000;   0.690;   0.000;   0.000;   0.000;   0.000;   0.030; 1; 1; 1;       1;       1;       1;      32;       1;       1;0
10.07.2017 15:41:02;helium;         32;         32;          1;          1;          1;         32;      32768;   3.000;6.53200006;2.48800039;.00000000;171.98799515;478.42401123;296.87200928;181.55200195;256.00000000;256.00000000;.00000000;.00000000;1394520064;569942016;      0;      0;      0;      0;      0;      0;      0;      0;;;;;;;;;;;;;;;;;;;;;;;;;;;;;;;;;;;;;;;;;;;;;;;;;;;;;;;;;;;;   0.000;   0.000;   0.000;   0.820;   0.000;   0.000;   0.000;   0.000;   0.010; 1; 1; 1;       1;       1;       1;      32;       1;       1;0
10.07.2017 15:41:02;helium;         32;         32;          1;          1;          1;         32;      32768;   3.000;6.57199992;3.68400002;.00000000;148.93199921;478.25598145;318.67599487;159.58000183;384.00000000;128.00000000;.00000000;.00000000;1393041408;569929728;      0;      0;      0;      0;      0;      0;      0;      0;;;;;;;;;;;;;;;;;;;;;;;;;;;;;;;;;;;;;;;;;;;;;;;;;;;;;;;;;;;;   0.000;   0.000;   0.000;   0.630;   0.000;   0.000;   0.000;   0.000;   0.000; 1; 1; 1;       1;       1;       1;      32;       1;       1;0
10.07.2017 15:41:02;helium;         32;         32;          1;          1;          1;         32;      32768;   3.000;6.58400001;2.73600006;.00000000;138.66800213;478.65200806;329.92401123;148.72799683;256.00000000;256.00000000;.00000000;.00000000;1393061888;571756544;      0;      0;      0;      0;      0;      0;      0;      0;;;;;;;;;;;;;;;;;;;;;;;;;;;;;;;;;;;;;;;;;;;;;;;;;;;;;;;;;;;;   0.000;   0.000;   0.000;   0.850;   0.000;   0.000;   0.000;   0.000;   0.030; 1; 1; 1;       1;       1;       1;      32;       1;       1;0
10.07.2017 15:41:02;helium;         32;         32;          1;          1;          1;         32;      32768;   3.000;6.62399978;3.38400030;.00000000;175.31200504;478.56399536;292.77600098;185.78799438;256.00000000;256.00000000;.00000000;.00000000;1392914432;570040320;      0;      0;      0;      0;      0;      0;      0;      0;;;;;;;;;;;;;;;;;;;;;;;;;;;;;;;;;;;;;;;;;;;;;;;;;;;;;;;;;;;;   0.000;   0.000;   0.000;   0.610;   0.000;   0.000;   0.000;   0.000;   0.010; 1; 1; 1;       1;       1;       1;      32;       1;       1;0
10.07.2017 15:41:02;helium;         32;         32;          1;          1;          1;         32;      32768;   3.000;6.75999992;3.54400015;.00000000;176.90799236;478.53201294;290.87200928;187.66000366;256.00000000;256.00000000;.00000000;.00000000;1393057792;571756544;      0;      0;      0;      0;      0;      0;      0;      0;;;;;;;;;;;;;;;;;;;;;;;;;;;;;;;;;;;;;;;;;;;;;;;;;;;;;;;;;;;;   0.000;   0.000;   0.000;   0.870;   0.000;   0.000;   0.000;   0.000;   0.010; 1; 1; 1;       1;       1;       1;      32;       1;       1;0
10.07.2017 15:41:02;helium;         32;         32;          1;          1;          1;         32;      32768;   3.000;6.80400009;3.35199976;.00000000;151.95599747;478.27600098;315.41598511;162.86000061;256.00000000;256.00000000;.00000000;.00000000;1394278400;571777024;      0;      0;      0;      0;      0;      0;      0;      0;;;;;;;;;;;;;;;;;;;;;;;;;;;;;;;;;;;;;;;;;;;;;;;;;;;;;;;;;;;;   0.000;   0.000;   0.000;   0.810;   0.000;   0.000;   0.000;   0.000;   0.020; 1; 1; 1;       1;       1;       1;      32;       1;       1;0
10.07.2017 15:41:02;helium;         32;         32;          1;          1;          1;         32;      32768;   3.000;6.80800009;3.61199999;.00000000;154.92399406;478.31201172;312.58401489;165.72799683;256.00000000;256.00000000;.00000000;.00000000;1394405376;569884672;      0;      0;      0;      0;      0;      0;      0;      0;;;;;;;;;;;;;;;;;;;;;;;;;;;;;;;;;;;;;;;;;;;;;;;;;;;;;;;;;;;;   0.000;   0.000;   0.000;   0.700;   0.000;   0.000;   0.000;   0.000;   0.010; 1; 1; 1;       1;       1;       1;      32;       1;       1;0
10.07.2017 15:41:02;helium;         32;         32;          1;          1;          1;         32;      32768;   3.000;6.84399986;2.57999992;.02000046;51.85599899;477.51998901;415.60800171;61.91199875;512.00000000;.00000000;.00000000;.00000000;1392959488;564748288;      0;      2;      0;*******;      0;      2;      2;      2;;;;;;;;;;;;;;;;;;;;;;;;;;;;;;;;;;;;;;;;;;;;;;;;;;;;;;;;;;;;   0.000;   0.000;   0.000;   0.760;   0.000;   0.000;   0.000;   0.000;   0.020; 1; 1; 1;       1;       1;       1;      32;       1;       1;0
10.07.2017 15:41:02;helium;         32;         32;          1;          1;          1;         32;      32768;   3.000;6.87199993;3.60399961;.00000000;154.65600204;478.20397949;312.63598633;165.56799316;256.00000000;256.00000000;.00000000;.00000000;1392775168;571473920;      0;      0;      0;      0;      0;      0;      0;      0;;;;;;;;;;;;;;;;;;;;;;;;;;;;;;;;;;;;;;;;;;;;;;;;;;;;;;;;;;;;   0.000;   0.000;   0.000;   0.870;   0.000;   0.000;   0.000;   0.000;   0.020; 1; 1; 1;       1;       1;       1;      32;       1;       1;0
10.07.2017 15:41:02;helium;         32;         32;          1;          1;          1;         32;      32768;   3.000;6.92399979;3.42800045;.00000000;155.19600391;478.29199219;312.43200684;165.86000061;256.00000000;256.00000000;.00000000;.00000000;1393336320;570216448;      0;      0;      0;      0;      0;      0;      0;      0;;;;;;;;;;;;;;;;;;;;;;;;;;;;;;;;;;;;;;;;;;;;;;;;;;;;;;;;;;;;   0.000;   0.000;   0.000;   0.750;   0.000;   0.000;   0.000;   0.000;   0.030; 1; 1; 1;       1;       1;       1;      32;       1;       1;0
10.07.2017 15:41:02;helium;         32;         32;          1;          1;          1;         32;      32768;   3.000;6.92399979;3.45600033;.00000000;168.70000172;478.40802002;298.64801025;179.75999451;256.00000000;256.00000000;.00000000;.00000000;1393225728;570109952;      0;      0;      0;      0;      0;      0;      0;      0;;;;;;;;;;;;;;;;;;;;;;;;;;;;;;;;;;;;;;;;;;;;;;;;;;;;;;;;;;;;   0.000;   0.000;   0.000;   0.730;   0.000;   0.000;   0.000;   0.000;   0.010; 1; 1; 1;       1;       1;       1;      32;       1;       1;0
10.07.2017 15:41:02;helium;         32;         32;          1;          1;          1;         32;      32768;   3.000;6.97200012;3.54399967;.00000000;171.94400692;478.32400513;295.50000000;182.82400513;128.00000000;384.00000000;.00000000;.00000000;1394593792;570904576;      0;      0;      0;      0;      0;      0;      0;      0;;;;;;;;;;;;;;;;;;;;;;;;;;;;;;;;;;;;;;;;;;;;;;;;;;;;;;;;;;;;   0.000;   0.000;   0.000;   0.760;   0.000;   0.000;   0.000;   0.000;   0.000; 1; 1; 1;       1;       1;       1;      32;       1;       1;0
10.07.2017 15:41:02;helium;         32;         32;          1;          1;          1;         32;      32768;   3.000;7.08000011;2.89199972;.00000000;64.48399925;478.22399902;403.22399902;75.00000000;384.00000000;128.00000000;.00000000;.00000000;1393192960;570089472;      0;      0;      0;      0;      0;      0;      0;      0;;;;;;;;;;;;;;;;;;;;;;;;;;;;;;;;;;;;;;;;;;;;;;;;;;;;;;;;;;;;   0.000;   0.000;   0.000;   0.820;   0.000;   0.000;   0.000;   0.000;   0.030; 1; 1; 1;       1;       1;       1;      32;       1;       1;0
10.07.2017 15:41:02;helium;         32;         32;          1;          1;          1;         32;      32768;   3.000;7.08799982;3.00400019;.00000000;173.34000683;478.18399048;294.35598755;183.82800293;256.00000000;256.00000000;.00000000;.00000000;1394405376;569942016;      0;      0;      0;      0;      0;      0;      0;      0;;;;;;;;;;;;;;;;;;;;;;;;;;;;;;;;;;;;;;;;;;;;;;;;;;;;;;;;;;;;   0.000;   0.000;   0.000;   0.710;   0.000;   0.000;   0.000;   0.000;   0.020; 1; 1; 1;       1;       1;       1;      32;       1;       1;0
10.07.2017 15:41:02;helium;         32;         32;          1;          1;          1;         32;      32768;   3.000;7.12799997;2.35200024;.00000000;157.78000736;478.69598389;310.94400024;167.75199890;256.00000000;256.00000000;.00000000;.00000000;1393348608;572190720;      0;      0;      0;      0;      0;      0;      0;      0;;;;;;;;;;;;;;;;;;;;;;;;;;;;;;;;;;;;;;;;;;;;;;;;;;;;;;;;;;;;   0.000;   0.000;   0.000;   0.620;   0.000;   0.000;   0.000;   0.000;   0.020; 1; 1; 1;       1;       1;       1;      32;       1;       1;0
10.07.2017 15:41:02;helium;         32;         32;          1;          1;          1;         32;      32768;   3.000;7.24400014;3.61999989;.00399971;173.78800392;478.41198730;293.37600708;185.03599548;256.00000000;256.00000000;.00000000;.00000000;1393139712;571838464;      0;      0;      0;      0;      0;      0;      0;      0;;;;;;;;;;;;;;;;;;;;;;;;;;;;;;;;;;;;;;;;;;;;;;;;;;;;;;;;;;;;   0.000;   0.000;   0.000;   0.530;   0.000;   0.000;   0.000;   0.000;   0.000; 1; 1; 1;       1;       1;       1;      32;       1;       1;0
10.07.2017 15:41:02;helium;         32;         32;          1;          1;          1;         32;      32768;   3.000;7.40799989;2.67600012;.00000000;177.46799755;478.42800903;290.49600220;187.93200684;128.00000000;384.00000000;.00000000;.00000000;1392836608;569724928;      0;      0;      0;      0;      0;      0;      0;      0;;;;;;;;;;;;;;;;;;;;;;;;;;;;;;;;;;;;;;;;;;;;;;;;;;;;;;;;;;;;   0.000;   0.000;   0.000;   0.920;   0.000;   0.000;   0.000;   0.000;   0.020; 1; 1; 1;       1;       1;       1;      32;       1;       1;0
10.07.2017 15:41:02;helium;         32;         32;          1;          1;          1;         32;      32768;   3.000;7.42399997;3.49200010;.00000000;125.40000725;478.39202881;341.60000610;136.79200745;256.00000000;256.00000000;.00000000;.00000000;1392939008;569823232;      0;      0;      0;      0;      0;      0;      0;      0;;;;;;;;;;;;;;;;;;;;;;;;;;;;;;;;;;;;;;;;;;;;;;;;;;;;;;;;;;;;   0.000;   0.000;   0.000;   0.780;   0.000;   0.000;   0.000;   0.000;   0.040; 1; 1; 1;       1;       1;       1;      32;       1;       1;0
10.07.2017 15:41:02;helium;         32;         32;          1;          1;          1;         32;      32768;   3.000;7.43199987;3.27999973;.00000000;162.25600052;478.27200317;304.95199585;173.32000732;256.00000000;256.00000000;.00000000;.00000000;1394216960;570732544;      0;      0;      0;      0;      0;      0;      0;      0;;;;;;;;;;;;;;;;;;;;;;;;;;;;;;;;;;;;;;;;;;;;;;;;;;;;;;;;;;;;   0.000;   0.000;   0.000;   0.800;   0.000;   0.000;   0.000;   0.000;   0.010; 1; 1; 1;       1;       1;       1;      32;       1;       1;0
10.07.2017 15:41:02;helium;         32;         32;          1;          1;          1;         32;      32768;   3.000;7.44399995;3.44400024;.00000000;174.85999870;478.42800903;292.10400391;186.32400513;256.00000000;256.00000000;.00000000;.00000000;1392898048;571703296;      0;      0;      0;      0;      0;      0;      0;      0;;;;;;;;;;;;;;;;;;;;;;;;;;;;;;;;;;;;;;;;;;;;;;;;;;;;;;;;;;;;   0.000;   0.000;   0.000;   0.720;   0.000;   0.000;   0.000;   0.000;   0.020; 1; 1; 1;       1;       1;       1;      32;       1;       1;0
10.07.2017 15:41:02;helium;         32;         32;          1;          1;          1;         32;      32768;   3.000;7.64399995;3.19599962;.00000000;175.79999542;478.65997314;291.50799561;187.15199280;256.00000000;256.00000000;.00000000;.00000000;1393180672;570077184;      0;      0;      0;      0;      0;      0;      0;      0;;;;;;;;;;;;;;;;;;;;;;;;;;;;;;;;;;;;;;;;;;;;;;;;;;;;;;;;;;;;   0.000;   0.000;   0.000;   0.510;   0.000;   0.000;   0.000;   0.000;   0.000; 1; 1; 1;       1;       1;       1;      32;       1;       1;0
10.07.2017 15:41:16;helium;          2;          2;          1;          1;          1;          2;         16;   3.000;.03200000;.00800000;.00000000;.00000000;12.08400059;12.03600025;.04800000;.00000000;.00000000;.00000000;.00000000;482385920;220798976;      0;      0;      0;      0;      0;      0;      0;      0;;;;;;;;;;;;;;;;;;;;;;;;;;;;;;;;;;;;;;;;;;;;;;;;;;;;;;;;;;;;   0.000;   0.000;   0.000;   0.000;   0.000;   0.000;   0.000;   0.000;   0.000; 1; 1; 1;       1;       1;       1;       2;       1;       1;0
10.07.2017 15:41:16;helium;          2;          2;          1;          1;          1;          2;         16;   3.000;.04000000;.00800000;.00000000;.06800000;11.84000015;11.71199989;.12800001;.00000000;.00000000;.00000000;.00000000;482246656;220663808;      0;      2;      0;*******;      0;      1;      1;      1;;;;;;;;;;;;;;;;;;;;;;;;;;;;;;;;;;;;;;;;;;;;;;;;;;;;;;;;;;;;   0.000;   0.000;   0.000;   0.000;   0.000;   0.000;   0.000;   0.000;   0.000; 1; 1; 1;       1;       1;       1;       2;       1;       1;0
10.07.2017 15:41:54;helium;          4;          4;          1;          1;          1;          4;        256;   3.000;.03200000;.00400000;.00000000;.02000000;34.74399948;34.67200089;.07200000;.00000000;.00000000;.00000000;.00000000;498503680;223064064;      0;      0;      0;      0;      0;      0;      0;      0;;;;;;;;;;;;;;;;;;;;;;;;;;;;;;;;;;;;;;;;;;;;;;;;;;;;;;;;;;;;   0.000;   0.000;   0.000;   0.020;   0.000;   0.000;   0.000;   0.000;   0.000; 1; 1; 1;       1;       1;       1;       4;       1;       1;0
10.07.2017 15:41:54;helium;          4;          4;          1;          1;          1;          4;        256;   3.000;.03200000;.00400000;.00000000;.02000000;34.74799728;34.67599869;.07200000;.00000000;.00000000;.00000000;.00000000;500011008;223449088;      0;      0;      0;      0;      0;      0;      0;      0;;;;;;;;;;;;;;;;;;;;;;;;;;;;;;;;;;;;;;;;;;;;;;;;;;;;;;;;;;;;   0.000;   0.000;   0.000;   0.010;   0.000;   0.000;   0.000;   0.000;   0.000; 1; 1; 1;       1;       1;       1;       4;       1;       1;0
10.07.2017 15:41:54;helium;          4;          4;          1;          1;          1;          4;        256;   3.000;.05600000;.00400000;.00400000;.07599999;34.50799942;34.35599899;.15200000;.00000000;.00000000;.00000000;.00000000;498597888;223305728;      0;      2;      0;*******;      0;      2;      2;      2;;;;;;;;;;;;;;;;;;;;;;;;;;;;;;;;;;;;;;;;;;;;;;;;;;;;;;;;;;;;   0.000;   0.000;   0.000;   0.010;   0.000;   0.000;   0.000;   0.000;   0.000; 1; 1; 1;       1;       1;       1;       4;       1;       1;0
10.07.2017 15:41:54;helium;          4;          4;          1;          1;          1;          4;        256;   3.000;.06800000;.00399999;.00000000;.01600000;34.75600052;34.66400146;.09200000;.00000000;.00000000;.00000000;.00000000;499986432;223617024;      0;      0;      0;      0;      0;      0;      0;      0;;;;;;;;;;;;;;;;;;;;;;;;;;;;;;;;;;;;;;;;;;;;;;;;;;;;;;;;;;;;   0.000;   0.000;   0.000;   0.020;   0.000;   0.000;   0.000;   0.000;   0.000; 1; 1; 1;       1;       1;       1;       4;       1;       1;0
10.07.2017 15:44:05;helium;          8;          8;          1;          1;          1;          8;       4096;   3.000;.06400000;.00400000;.00000000;.00800000;129.18800354;129.08399963;.10400000;.00000000;.00000000;128.00000000;.00000000;613654528;285581312;      0;      0;      0;      0;      0;      0;      0;      0;;;;;;;;;;;;;;;;;;;;;;;;;;;;;;;;;;;;;;;;;;;;;;;;;;;;;;;;;;;;   0.000;   0.000;   0.000;   0.160;   0.000;   0.000;   0.000;   0.000;   0.000; 1; 1; 1;       1;       1;       1;       8;       1;       1;0
10.07.2017 15:44:05;helium;          8;          8;          1;          1;          1;          8;       4096;   3.000;.07600000;.02000000;.00000000;.03600000;129.17199707;129.00799561;.16400000;.00000000;.00000000;128.00000000;.00000000;613236736;293326848;      0;      0;      0;      0;      0;      0;      0;      0;;;;;;;;;;;;;;;;;;;;;;;;;;;;;;;;;;;;;;;;;;;;;;;;;;;;;;;;;;;;   0.000;   0.000;   0.000;   0.160;   0.000;   0.000;   0.000;   0.000;   0.010; 1; 1; 1;       1;       1;       1;       8;       1;       1;0
10.07.2017 15:44:05;helium;          8;          8;          1;          1;          1;          8;       4096;   3.000;.09600000;.02000000;.00400000;.15600000;128.91198730;128.59599304;.31600001;.00000000;.00000000;128.00000000;.00000000;615145472;295120896;      0;      2;      0;*******;      0;      2;      2;      2;;;;;;;;;;;;;;;;;;;;;;;;;;;;;;;;;;;;;;;;;;;;;;;;;;;;;;;;;;;;   0.000;   0.000;   0.000;   0.160;   0.000;   0.000;   0.000;   0.000;   0.020; 1; 1; 1;       1;       1;       1;       8;       1;       1;0
10.07.2017 15:44:05;helium;          8;          8;          1;          1;          1;          8;       4096;   3.000;.12000000;.00800001;.00000000;.03199999;129.16799927;128.96000671;.20800000;.00000000;.00000000;128.00000000;.00000000;613543936;285700096;      0;      0;      0;      0;      0;      0;      0;      0;;;;;;;;;;;;;;;;;;;;;;;;;;;;;;;;;;;;;;;;;;;;;;;;;;;;;;;;;;;;   0.000;   0.000;   0.000;   0.160;   0.000;   0.000;   0.000;   0.000;   0.000; 1; 1; 1;       1;       1;       1;       8;       1;       1;0
10.07.2017 15:44:05;helium;          8;          8;          1;          1;          1;          8;       4096;   3.000;.31600001;.01999998;.00000000;.03200001;129.20001221;128.79200745;.40799999;.00000000;.00000000;128.00000000;.00000000;613629952;285728768;      0;      0;      0;      0;      0;      0;      0;      0;;;;;;;;;;;;;;;;;;;;;;;;;;;;;;;;;;;;;;;;;;;;;;;;;;;;;;;;;;;;   0.000;   0.000;   0.000;   0.150;   0.000;   0.000;   0.000;   0.000;   0.010; 1; 1; 1;       1;       1;       1;       8;       1;       1;0
10.07.2017 15:44:05;helium;          8;          8;          1;          1;          1;          8;       4096;   3.000;.32399999;.00400001;.00000000;.03600001;129.19601440;128.79200745;.40400001;.00000000;.00000000;128.00000000;.00000000;613933056;285974528;      0;      0;      0;      0;      0;      0;      0;      0;;;;;;;;;;;;;;;;;;;;;;;;;;;;;;;;;;;;;;;;;;;;;;;;;;;;;;;;;;;;   0.000;   0.000;   0.000;   0.160;   0.000;   0.000;   0.000;   0.000;   0.000; 1; 1; 1;       1;       1;       1;       8;       1;       1;0
10.07.2017 15:44:05;helium;          8;          8;          1;          1;          1;          8;       4096;   3.000;.49600001;.01199996;.00000000;.04400003;129.16799927;128.57200623;.59600002;.00000000;.00000000;128.00000000;.00000000;613707776;285896704;      0;      0;      0;      0;      0;      0;      0;      0;;;;;;;;;;;;;;;;;;;;;;;;;;;;;;;;;;;;;;;;;;;;;;;;;;;;;;;;;;;;   0.000;   0.000;   0.000;   0.160;   0.000;   0.000;   0.000;   0.000;   0.000; 1; 1; 1;       1;       1;       1;       8;       1;       1;0
10.07.2017 15:44:05;helium;          8;          8;          1;          1;          1;          8;       4096;   3.000;.51599997;.02400005;.00000000;.02800000;129.15199280;128.55599976;.59600002;.00000000;.00000000;128.00000000;.00000000;613543936;285646848;      0;      0;      0;      0;      0;      0;      0;      0;;;;;;;;;;;;;;;;;;;;;;;;;;;;;;;;;;;;;;;;;;;;;;;;;;;;;;;;;;;;   0.000;   0.000;   0.000;   0.150;   0.000;   0.000;   0.000;   0.000;   0.020; 1; 1; 1;       1;       1;       1;       8;       1;       1;0
10.07.2017 16:00:40;helium;         16;         16;          1;          1;          1;         16;      65536;   3.000;1.02800000;.05599999;.00000000;.16799998;988.70404053;987.18402100;1.51999998;384.00000000;512.00000000;.00000000;.00000000;2138112000;912809984;      0;      0;      0;      0;      0;      0;      0;      0;;;;;;;;;;;;;;;;;;;;;;;;;;;;;;;;;;;;;;;;;;;;;;;;;;;;;;;;;;;;   0.000; 128.000;   0.000;   5.310;   0.000;   0.000;   0.000;   0.000;   0.050; 1; 1; 1;       1;       1;       1;      16;       1;       1;0
10.07.2017 16:00:40;helium;         16;         16;          1;          1;          1;         16;      65536;   3.000;1.25599999;.08399999;.00000000;.31599998;989.00000000;987.03997803;1.96000004;384.00000000;512.00000000;.00000000;.00000000;2139336704;912424960;      0;      0;      0;      0;      0;      0;      0;      0;;;;;;;;;;;;;;;;;;;;;;;;;;;;;;;;;;;;;;;;;;;;;;;;;;;;;;;;;;;;   0.000; 128.000;   0.000;   5.610;   0.000;   0.000;   0.000;   0.000;   0.040; 1; 1; 1;       1;       1;       1;      16;       1;       1;0
10.07.2017 16:00:40;helium;         16;         16;          1;          1;          1;         16;      65536;   3.000;1.32800002;.03600001;.00000000;.41999996;988.95599365;986.90399170;2.05200005;384.00000000;512.00000000;.00000000;.00000000;2138120192;912703488;      0;      0;      0;      0;      0;      0;      0;      0;;;;;;;;;;;;;;;;;;;;;;;;;;;;;;;;;;;;;;;;;;;;;;;;;;;;;;;;;;;;   0.000; 128.000;   0.000;   5.600;   0.000;   0.000;   0.000;   0.000;   0.020; 1; 1; 1;       1;       1;       1;      16;       1;       1;0
10.07.2017 16:00:40;helium;         16;         16;          1;          1;          1;         16;      65536;   3.000;1.33600003;.06799996;.00000000;.36800003;988.89599609;986.83599854;2.05999994;384.00000000;512.00000000;.00000000;.00000000;2139357184;913170432;      0;      0;      0;      0;      0;      0;      0;      0;;;;;;;;;;;;;;;;;;;;;;;;;;;;;;;;;;;;;;;;;;;;;;;;;;;;;;;;;;;;   0.000; 128.000;   0.000;   5.510;   0.000;   0.000;   0.000;   0.000;   0.030; 1; 1; 1;       1;       1;       1;      16;       1;       1;0
10.07.2017 16:00:40;helium;         16;         16;          1;          1;          1;         16;      65536;   3.000;1.41200001;.06799996;.03600001;1.13599992;989.41601562;986.08001709;3.33599997;768.00000000;128.00000000;.00000000;.00000000;2140528640;910270464;      0;      2;      0;*******;      0;      1;      1;      1;;;;;;;;;;;;;;;;;;;;;;;;;;;;;;;;;;;;;;;;;;;;;;;;;;;;;;;;;;;;   0.000; 128.000;   0.000;   5.480;   0.000;   0.000;   0.000;   0.000;   0.020; 1; 1; 1;       1;       1;       1;      16;       1;       1;0
10.07.2017 16:00:40;helium;         16;         16;          1;          1;          1;         16;      65536;   3.000;1.73200001;.04799998;.00000000;.29600012;988.90002441;986.40802002;2.49200010;384.00000000;512.00000000;.00000000;.00000000;2139955200;912879616;      0;      0;      0;      0;      0;      0;      0;      0;;;;;;;;;;;;;;;;;;;;;;;;;;;;;;;;;;;;;;;;;;;;;;;;;;;;;;;;;;;;   0.000; 128.000;   0.000;   5.370;   0.000;   0.000;   0.000;   0.000;   0.020; 1; 1; 1;       1;       1;       1;      16;       1;       1;0
10.07.2017 16:00:40;helium;         16;         16;          1;          1;          1;         16;      65536;   3.000;1.78800006;.05199993;.00400007;.33200002;988.97601318;986.40802002;2.56800008;384.00000000;512.00000000;.00000000;.00000000;2139312128;913383424;      0;      0;      0;      0;      0;      0;      0;      0;;;;;;;;;;;;;;;;;;;;;;;;;;;;;;;;;;;;;;;;;;;;;;;;;;;;;;;;;;;;   0.000; 128.000;   0.000;   5.560;   0.000;   0.000;   0.000;   0.000;   0.040; 1; 1; 1;       1;       1;       1;      16;       1;       1;0
10.07.2017 16:00:40;helium;         16;         16;          1;          1;          1;         16;      65536;   3.000;1.85599995;.07200003;.00000000;.29200006;989.00000000;986.41998291;2.57999992;384.00000000;512.00000000;.00000000;.00000000;2139385856;912785408;      0;      0;      0;      0;      0;      0;      0;      0;;;;;;;;;;;;;;;;;;;;;;;;;;;;;;;;;;;;;;;;;;;;;;;;;;;;;;;;;;;;   0.000; 128.000;   0.000;   5.490;   0.000;   0.000;   0.000;   0.000;   0.030; 1; 1; 1;       1;       1;       1;      16;       1;       1;0
10.07.2017 16:00:40;helium;         16;         16;          1;          1;          1;         16;      65536;   3.000;2.01599998;.04399991;.00000000;.33600020;988.82800293;986.10400391;2.72399998;384.00000000;512.00000000;.00000000;.00000000;2139332608;912551936;      0;      0;      0;      0;      0;      0;      0;      0;;;;;;;;;;;;;;;;;;;;;;;;;;;;;;;;;;;;;;;;;;;;;;;;;;;;;;;;;;;;   0.000; 128.000;   0.000;   5.330;   0.000;   0.000;   0.000;   0.000;   0.030; 1; 1; 1;       1;       1;       1;      16;       1;       1;0
10.07.2017 16:00:40;helium;         16;         16;          1;          1;          1;         16;      65536;   3.000;.87199998;.02000004;.00000000;.14399999;988.72399902;987.47198486;1.25199997;384.00000000;512.00000000;.00000000;.00000000;2139377664;912449536;      0;      0;      0;      0;      0;      0;      0;      0;;;;;;;;;;;;;;;;;;;;;;;;;;;;;;;;;;;;;;;;;;;;;;;;;;;;;;;;;;;;   0.000; 128.000;   0.000;   5.360;   0.000;   0.000;   0.000;   0.000;   0.010; 1; 1; 1;       1;       1;       1;      16;       1;       1;0
10.07.2017 16:00:40;helium;         16;         16;          1;          1;          1;         16;      65536;   3.000;9.00399971;.07600021;.00000000;.36400032;988.92803955;979.05603027;9.87199974;768.00000000;128.00000000;.00000000;.00000000;2139353088;912564224;      0;      0;      0;      0;      0;      0;      0;      0;;;;;;;;;;;;;;;;;;;;;;;;;;;;;;;;;;;;;;;;;;;;;;;;;;;;;;;;;;;;   0.000; 128.000;   0.000;   5.500;   0.000;   0.000;   0.000;   0.000;   0.020; 1; 1; 1;       1;       1;       1;      16;       1;       1;0
10.07.2017 16:00:40;helium;         16;         16;          1;          1;          1;         16;      65536;   3.000;9.06400013;.03600025;.00000000;.29599953;988.95599365;979.21600342;9.73999977;384.00000000;512.00000000;.00000000;.00000000;2138411008;913174528;      0;      0;      0;      0;      0;      0;      0;      0;;;;;;;;;;;;;;;;;;;;;;;;;;;;;;;;;;;;;;;;;;;;;;;;;;;;;;;;;;;;   0.000; 128.000;   0.000;   5.530;   0.000;   0.000;   0.000;   0.000;   0.020; 1; 1; 1;       1;       1;       1;      16;       1;       1;0
10.07.2017 16:00:40;helium;         16;         16;          1;          1;          1;         16;      65536;   3.000;.92000002;.06000000;.00000000;.14799994;989.14398193;987.84399414;1.29999995;384.00000000;512.00000000;.00000000;.00000000;2139398144;912703488;      0;      0;      0;      0;      0;      0;      0;      0;;;;;;;;;;;;;;;;;;;;;;;;;;;;;;;;;;;;;;;;;;;;;;;;;;;;;;;;;;;;   0.000; 128.000;   0.000;   5.280;   0.000;   0.000;   0.000;   0.000;   0.030; 1; 1; 1;       1;       1;       1;      16;       1;       1;0
10.07.2017 16:00:40;helium;         16;         16;          1;          1;          1;         16;      65536;   3.000;9.22000027;.05999947;.00000000;.36000061;989.00402832;978.99200439;10.01200008;384.00000000;512.00000000;.00000000;.00000000;2138058752;912588800;      0;      0;      0;      0;      0;      0;      0;      0;;;;;;;;;;;;;;;;;;;;;;;;;;;;;;;;;;;;;;;;;;;;;;;;;;;;;;;;;;;;   0.000; 128.000;   0.000;   5.650;   0.000;   0.000;   0.000;   0.000;   0.020; 1; 1; 1;       1;       1;       1;      16;       1;       1;0
10.07.2017 16:00:40;helium;         16;         16;          1;          1;          1;         16;      65536;   3.000;9.27200031;.06400013;.00000000;.43199921;988.90405273;978.66802979;10.23600006;384.00000000;512.00000000;.00000000;.00000000;2138083328;912871424;      0;      0;      0;      0;      0;      0;      0;      0;;;;;;;;;;;;;;;;;;;;;;;;;;;;;;;;;;;;;;;;;;;;;;;;;;;;;;;;;;;;   0.000; 128.000;   0.000;   5.420;   0.000;   0.000;   0.000;   0.000;   0.030; 1; 1; 1;       1;       1;       1;      16;       1;       1;0
10.07.2017 16:00:40;helium;         16;         16;          1;          1;          1;         16;      65536;   3.000;.93600001;.03200001;.00000000;.17599994;988.63201904;987.23999023;1.39199996;384.00000000;512.00000000;.00000000;.00000000;2137935872;908386304;      0;      0;      0;      0;      0;      0;      0;      0;;;;;;;;;;;;;;;;;;;;;;;;;;;;;;;;;;;;;;;;;;;;;;;;;;;;;;;;;;;;   0.000; 128.000;   0.000;   5.320;   0.000;   0.000;   0.000;   0.000;   0.030; 1; 1; 1;       1;       1;       1;      16;       1;       1;0
10.07.2017 16:00:57;helium;          2;          2;          1;          1;          1;          2;         32;   3.000;.02400000;.00800000;.00000000;.02000000;14.14799976;14.07999992;.06800000;.00000000;.00000000;.00000000;.00000000;482906112;222478336;      0;      0;      0;      0;      0;      0;      0;      0;;;;;;;;;;;;;;;;;;;;;;;;;;;;;;;;;;;;;;;;;;;;;;;;;;;;;;;;;;;;   0.000;   0.000;   0.000;   0.000;   0.000;   0.000;   0.000;   0.000;   0.010; 1; 1; 1;       1;       1;       1;       2;       1;       1;0
10.07.2017 16:00:57;helium;          2;          2;          1;          1;          1;          2;         32;   3.000;.03200000;.01200000;.00400000;.05600000;13.69600010;13.57600021;.12000000;.00000000;.00000000;.00000000;.00000000;482770944;222375936;      0;      2;      0;*******;      0;      2;      2;      2;;;;;;;;;;;;;;;;;;;;;;;;;;;;;;;;;;;;;;;;;;;;;;;;;;;;;;;;;;;;   0.000;   0.000;   0.000;   0.000;   0.000;   0.000;   0.000;   0.000;   0.010; 1; 1; 1;       1;       1;       1;       2;       1;       1;0
10.07.2017 16:02:15;helium;          4;          4;          1;          1;          1;          4;       1024;   3.000;.04800000;.00400000;.00000000;.04000000;75.10400391;74.99600220;.10800000;128.00000000;.00000000;.00000000;.00000000;520097792;244690944;      0;      0;      0;      0;      0;      0;      0;      0;;;;;;;;;;;;;;;;;;;;;;;;;;;;;;;;;;;;;;;;;;;;;;;;;;;;;;;;;;;;   0.000;   0.000;   0.000;   0.070;   0.000;   0.000;   0.000;   0.000;   0.000; 1; 1; 1;       1;       1;       1;       4;       1;       1;0
10.07.2017 16:02:15;helium;          4;          4;          1;          1;          1;          4;       1024;   3.000;.05600000;.00800001;.00000000;.02400000;75.12400055;75.02400208;.10000000;128.00000000;.00000000;.00000000;.00000000;521433088;252035072;      0;      0;      0;      0;      0;      0;      0;      0;;;;;;;;;;;;;;;;;;;;;;;;;;;;;;;;;;;;;;;;;;;;;;;;;;;;;;;;;;;;   0.000;   0.000;   0.000;   0.070;   0.000;   0.000;   0.000;   0.000;   0.000; 1; 1; 1;       1;       1;       1;       4;       1;       1;0
10.07.2017 16:02:15;helium;          4;          4;          1;          1;          1;          4;       1024;   3.000;.08400000;.02000000;.00000000;.08000000;74.87200165;74.66799927;.20400000;128.00000000;.00000000;.00000000;.00000000;520556544;245149696;      0;      2;      0;*******;      0;      2;      2;      2;;;;;;;;;;;;;;;;;;;;;;;;;;;;;;;;;;;;;;;;;;;;;;;;;;;;;;;;;;;;   0.000;   0.000;   0.000;   0.050;   0.000;   0.000;   0.000;   0.000;   0.010; 1; 1; 1;       1;       1;       1;       4;       1;       1;0
10.07.2017 16:02:15;helium;          4;          4;          1;          1;          1;          4;       1024;   3.000;.12800001;.00800000;.00000000;.01599999;75.13600159;74.96800232;.16800000;128.00000000;.00000000;.00000000;.00000000;521367552;252035072;      0;      0;      0;      0;      0;      0;      0;      0;;;;;;;;;;;;;;;;;;;;;;;;;;;;;;;;;;;;;;;;;;;;;;;;;;;;;;;;;;;;   0.000;   0.000;   0.000;   0.070;   0.000;   0.000;   0.000;   0.000;   0.000; 1; 1; 1;       1;       1;       1;       4;       1;       1;0
10.07.2017 16:17:40;helium;          8;          8;          1;          1;          1;          8;      32768;   3.000;2.27600002;.01600003;.00000000;.13599992;922.08001709;919.50799561;2.57200003;256.00000000;640.00000000;.00000000;.00000000;1346883584;619057152;      0;      0;      0;      0;      0;      0;      0;      0;;;;;;;;;;;;;;;;;;;;;;;;;;;;;;;;;;;;;;;;;;;;;;;;;;;;;;;;;;;;   0.000;   0.000;   0.000;   5.050;   0.000;   0.000;   0.000;   0.000;   0.010; 1; 1; 1;       1;       1;       1;       8;       1;       1;0
10.07.2017 16:17:40;helium;          8;          8;          1;          1;          1;          8;      32768;   3.000;2.28400011;.02399993;.00000000;.18799996;921.95599365;919.32000732;2.63599992;512.00000000;384.00000000;.00000000;.00000000;1346715648;618934272;      0;      0;      0;      0;      0;      0;      0;      0;;;;;;;;;;;;;;;;;;;;;;;;;;;;;;;;;;;;;;;;;;;;;;;;;;;;;;;;;;;;   0.000;   0.000;   0.000;   5.190;   0.000;   0.000;   0.000;   0.000;   0.010; 1; 1; 1;       1;       1;       1;       8;       1;       1;0
10.07.2017 16:17:40;helium;          8;          8;          1;          1;          1;          8;      32768;   3.000;.37200001;.03999999;.00000000;.13999999;922.36798096;921.71197510;.65600002;256.00000000;640.00000000;.00000000;.00000000;1345974272;614895616;      0;      0;      0;      0;      0;      0;      0;      0;;;;;;;;;;;;;;;;;;;;;;;;;;;;;;;;;;;;;;;;;;;;;;;;;;;;;;;;;;;;   0.000;   0.000;   0.000;   4.870;   0.000;   0.000;   0.000;   0.000;   0.030; 1; 1; 1;       1;       1;       1;       8;       1;       1;0
10.07.2017 16:17:40;helium;          8;          8;          1;          1;          1;          8;      32768;   3.000;4.06800003;.03999996;.00000000;.21600008;922.39196777;917.87597656;4.51599979;256.00000000;640.00000000;.00000000;.00000000;1346572288;618680320;      0;      0;      0;      0;      0;      0;      0;      0;;;;;;;;;;;;;;;;;;;;;;;;;;;;;;;;;;;;;;;;;;;;;;;;;;;;;;;;;;;;   0.000;   0.000;   0.000;   5.060;   0.000;   0.000;   0.000;   0.000;   0.040; 1; 1; 1;       1;       1;       1;       8;       1;       1;0
10.07.2017 16:17:40;helium;          8;          8;          1;          1;          1;          8;      32768;   3.000;4.11600007;.02799988;.00000000;.24000025;922.30798340;917.71997070;4.58799982;256.00000000;640.00000000;.00000000;.00000000;1346813952;619048960;      0;      0;      0;      0;      0;      0;      0;      0;;;;;;;;;;;;;;;;;;;;;;;;;;;;;;;;;;;;;;;;;;;;;;;;;;;;;;;;;;;;   0.000;   0.000;   0.000;   5.110;   0.000;   0.000;   0.000;   0.000;   0.020; 1; 1; 1;       1;       1;       1;       8;       1;       1;0
10.07.2017 16:17:40;helium;          8;          8;          1;          1;          1;          8;      32768;   3.000;.42800001;.03999999;.00000000;.14800000;922.38000488;921.65197754;.72799999;512.00000000;384.00000000;.00000000;.00000000;1346605056;618864640;      0;      0;      0;      0;      0;      0;      0;      0;;;;;;;;;;;;;;;;;;;;;;;;;;;;;;;;;;;;;;;;;;;;;;;;;;;;;;;;;;;;   0.000;   0.000;   0.000;   4.840;   0.000;   0.000;   0.000;   0.000;   0.030; 1; 1; 1;       1;       1;       1;       8;       1;       1;0
10.07.2017 16:17:40;helium;          8;          8;          1;          1;          1;          8;      32768;   3.000;.44399999;.04800001;.00000000;.16000003;921.90802002;921.16802979;.74000001;512.00000000;384.00000000;.00000000;.00000000;1346621440;618840064;      0;      0;      0;      0;      0;      0;      0;      0;;;;;;;;;;;;;;;;;;;;;;;;;;;;;;;;;;;;;;;;;;;;;;;;;;;;;;;;;;;;   0.000;   0.000;   0.000;   5.210;   0.000;   0.000;   0.000;   0.000;   0.030; 1; 1; 1;       1;       1;       1;       8;       1;       1;0
10.07.2017 16:17:40;helium;          8;          8;          1;          1;          1;          8;      32768;   3.000;.51599998;.07600003;.01599997;.65600002;921.28802490;919.88000488;1.40799999;896.00000000;.00000000;.00000000;.00000000;1346859008;615731200;      0;      2;      0;*******;      0;      1;      1;      1;;;;;;;;;;;;;;;;;;;;;;;;;;;;;;;;;;;;;;;;;;;;;;;;;;;;;;;;;;;;   0.000;   0.000;   0.000;   5.210;   0.000;   0.000;   0.000;   0.000;   0.030; 1; 1; 1;       1;       1;       1;       8;       1;       1;0
10.07.2017 16:18:03;helium;          2;          2;          1;          1;          1;          2;         64;   3.000;.02800000;.00400000;.00000000;.01600000;19.39200020;19.33600044;.05600000;.00000000;.00000000;.00000000;.00000000;483958784;223563776;      0;      0;      0;      0;      0;      0;      0;      0;;;;;;;;;;;;;;;;;;;;;;;;;;;;;;;;;;;;;;;;;;;;;;;;;;;;;;;;;;;;   0.000;   0.000;   0.000;   0.010;   0.000;   0.000;   0.000;   0.000;   0.000; 1; 1; 1;       1;       1;       1;       2;       1;       1;0
10.07.2017 16:18:03;helium;          2;          2;          1;          1;          1;          2;         64;   3.000;.06000000;.00800001;.00000000;.04799999;16.92800140;16.80400085;.12400000;.00000000;.00000000;.00000000;.00000000;483815424;223420416;      0;      2;      0;*******;      0;      2;      2;      2;;;;;;;;;;;;;;;;;;;;;;;;;;;;;;;;;;;;;;;;;;;;;;;;;;;;;;;;;;;;   0.000;   0.000;   0.000;   0.010;   0.000;   0.000;   0.000;   0.000;   0.000; 1; 1; 1;       1;       1;       1;       2;       1;       1;0
10.07.2017 16:22:14;helium;          4;          4;          1;          1;          1;          4;       4096;   3.000;.08000000;.02000000;.00000000;.04799999;247.41999817;247.23599243;.18400000;256.00000000;.00000000;.00000000;.00000000;606912512;295751680;      0;      0;      0;      0;      0;      0;      0;      0;;;;;;;;;;;;;;;;;;;;;;;;;;;;;;;;;;;;;;;;;;;;;;;;;;;;;;;;;;;;   0.000;   0.000;   0.000;   0.470;   0.000;   0.000;   0.000;   0.000;   0.010; 1; 1; 1;       1;       1;       1;       4;       1;       1;0
10.07.2017 16:22:14;helium;          4;          4;          1;          1;          1;          4;       4096;   3.000;.08400000;.02400000;.00000000;.04000001;247.38400269;247.19999695;.18400000;256.00000000;.00000000;.00000000;.00000000;606212096;295567360;      0;      0;      0;      0;      0;      0;      0;      0;;;;;;;;;;;;;;;;;;;;;;;;;;;;;;;;;;;;;;;;;;;;;;;;;;;;;;;;;;;;   0.000;   0.000;   0.000;   0.440;   0.000;   0.000;   0.000;   0.000;   0.010; 1; 1; 1;       1;       1;       1;       4;       1;       1;0
10.07.2017 16:22:14;helium;          4;          4;          1;          1;          1;          4;       4096;   3.000;.14800000;.04000001;.00399999;.13200000;246.95999146;246.59199524;.36800000;256.00000000;.00000000;.00000000;.00000000;608366592;297893888;      0;      2;      0;*******;      0;      2;      2;      2;;;;;;;;;;;;;;;;;;;;;;;;;;;;;;;;;;;;;;;;;;;;;;;;;;;;;;;;;;;;   0.000;   0.000;   0.000;   0.460;   0.000;   0.000;   0.000;   0.000;   0.020; 1; 1; 1;       1;       1;       1;       4;       1;       1;0
10.07.2017 16:22:14;helium;          4;          4;          1;          1;          1;          4;       4096;   3.000;.20400000;.01199999;.00000000;.07600001;247.44801331;247.12800598;.31999999;256.00000000;.00000000;.00000000;.00000000;607055872;295690240;      0;      0;      0;      0;      0;      0;      0;      0;;;;;;;;;;;;;;;;;;;;;;;;;;;;;;;;;;;;;;;;;;;;;;;;;;;;;;;;;;;;   0.000;   0.000;   0.000;   0.480;   0.000;   0.000;   0.000;   0.000;   0.010; 1; 1; 1;       1;       1;       1;       4;       1;       1;0
10.07.2017 16:22:41;helium;          2;          2;          1;          1;          1;          2;        128;   3.000;.02000000;.00400000;.00000000;.00400000;24.27199936;24.23999977;.03200000;.00000000;.00000000;.00000000;.00000000;486043648;225648640;      0;      0;      0;      0;      0;      0;      0;      0;;;;;;;;;;;;;;;;;;;;;;;;;;;;;;;;;;;;;;;;;;;;;;;;;;;;;;;;;;;;   0.000;   0.000;   0.000;   0.010;   0.000;   0.000;   0.000;   0.000;   0.000; 1; 1; 1;       1;       1;       1;       2;       1;       1;0
10.07.2017 16:22:41;helium;          2;          2;          1;          1;          1;          2;        128;   3.000;.05200000;.01200000;.00000000;.07200000;24.06399918;23.92799950;.13600001;.00000000;.00000000;.00000000;.00000000;485900288;225505280;      0;      2;      0;*******;      0;      2;      2;      2;;;;;;;;;;;;;;;;;;;;;;;;;;;;;;;;;;;;;;;;;;;;;;;;;;;;;;;;;;;;   0.000;   0.000;   0.000;   0.010;   0.000;   0.000;   0.000;   0.000;   0.000; 1; 1; 1;       1;       1;       1;       2;       1;       1;0
10.07.2017 16:37:56;helium;          4;          4;          1;          1;          1;          4;      16384;   3.000;1.70000005;.02800000;.00000000;.15199995;912.07598877;910.09997559;1.97599995;512.00000000;384.00000000;.00000000;.00000000;951549952;501878784;      0;      0;      0;      0;      0;      0;      0;      0;;;;;;;;;;;;;;;;;;;;;;;;;;;;;;;;;;;;;;;;;;;;;;;;;;;;;;;;;;;;   0.000; 128.000;   0.000;   5.150;   0.000;   0.000;   0.000;   0.000;   0.000; 1; 1; 1;       1;       1;       1;       4;       1;       1;0
10.07.2017 16:37:56;helium;          4;          4;          1;          1;          1;          4;      16384;   3.000;.26400001;.05599999;.00000000;.18000001;912.13598633;911.56799316;.56800002;512.00000000;384.00000000;.00000000;.00000000;951533568;501850112;      0;      0;      0;      0;      0;      0;      0;      0;;;;;;;;;;;;;;;;;;;;;;;;;;;;;;;;;;;;;;;;;;;;;;;;;;;;;;;;;;;;   0.000; 128.000;   0.000;   5.270;   0.000;   0.000;   0.000;   0.000;   0.040; 1; 1; 1;       1;       1;       1;       4;       1;       1;0
10.07.2017 16:37:56;helium;          4;          4;          1;          1;          1;          4;      16384;   3.000;.31200001;.03999999;.00000000;.14399999;912.01599121;911.44000244;.57599998;768.00000000;128.00000000;.00000000;.00000000;950571008;496070656;      0;      0;      0;      0;      0;      0;      0;      0;;;;;;;;;;;;;;;;;;;;;;;;;;;;;;;;;;;;;;;;;;;;;;;;;;;;;;;;;;;;   0.000; 128.000;   0.000;   5.140;   0.000;   0.000;   0.000;   0.000;   0.010; 1; 1; 1;       1;       1;       1;       4;       1;       1;0
10.07.2017 16:37:56;helium;          4;          4;          1;          1;          1;          4;      16384;   3.000;.32399999;.04800001;.01199999;.38400003;911.52001953;910.67199707;.84799999;896.00000000;.00000000;.00000000;.00000000;950956032;496295936;      0;      2;      0;*******;      0;      1;      1;      1;;;;;;;;;;;;;;;;;;;;;;;;;;;;;;;;;;;;;;;;;;;;;;;;;;;;;;;;;;;;   0.000; 128.000;   0.000;   5.090;   0.000;   0.000;   0.000;   0.000;   0.020; 1; 1; 1;       1;       1;       1;       4;       1;       1;0
10.07.2017 16:38:36;helium;          2;          2;          1;          1;          1;          2;        256;   3.000;.02400000;.00800000;.00000000;.01600000;37.99200058;37.93199921;.06000000;.00000000;.00000000;.00000000;.00000000;490479616;230051840;      0;      0;      0;      0;      0;      0;      0;      0;;;;;;;;;;;;;;;;;;;;;;;;;;;;;;;;;;;;;;;;;;;;;;;;;;;;;;;;;;;;   0.000;   0.000;   0.000;   0.030;   0.000;   0.000;   0.000;   0.000;   0.000; 1; 1; 1;       1;       1;       1;       2;       1;       1;0
10.07.2017 16:38:36;helium;          2;          2;          1;          1;          1;          2;        256;   3.000;.04800000;.00000000;.00000000;.07200000;37.78400040;37.65200043;.13200000;.00000000;.00000000;.00000000;.00000000;490397696;229969920;      0;      2;      0;*******;      0;      2;      2;      2;;;;;;;;;;;;;;;;;;;;;;;;;;;;;;;;;;;;;;;;;;;;;;;;;;;;;;;;;;;;   0.000;   0.000;   0.000;   0.030;   0.000;   0.000;   0.000;   0.000;   0.000; 1; 1; 1;       1;       1;       1;       2;       1;       1;0
10.07.2017 17:40:28;helium;          4;          4;          1;          1;          1;          4;      65536;   3.000;5.57999992;.14400005;.00000000;1.26000023;3708.67993164;3701.40405273;7.27600002;896.00000000;2688.00000000;.00000000;.00000000;2335600640;1120632832;      0;      0;      0;      0;      0;      0;      0;      0;;;;;;;;;;;;;;;;;;;;;;;;;;;;;;;;;;;;;;;;;;;;;;;;;;;;;;;;;;;;   0.000; 128.000;   0.000;  86.560;   0.000;   0.000;   0.000;   0.000;   0.100; 1; 1; 1;       1;       1;       1;       4;       1;       1;0
10.07.2017 17:40:28;helium;          4;          4;          1;          1;          1;          4;      65536;   3.000;.75599999;.17600000;.00400001;1.02000004;3708.60009766;3706.47607422;2.12400007;896.00000000;2688.00000000;.00000000;.00000000;2334593024;1119625216;      0;      0;      0;      0;      0;      0;      0;      0;;;;;;;;;;;;;;;;;;;;;;;;;;;;;;;;;;;;;;;;;;;;;;;;;;;;;;;;;;;;   0.000; 128.000;   0.000;  84.550;   0.000;   0.000;   0.000;   0.000;   0.110; 1; 1; 1;       1;       1;       1;       4;       1;       1;0
10.07.2017 17:40:28;helium;          4;          4;          1;          1;          1;          4;      65536;   3.000;8.28400040;.27999973;.00399971;1.93599987;3708.72412109;3698.06811523;10.65600014;1152.00000000;2432.00000000;.00000000;.00000000;2335649792;1120681984;      0;      0;      0;      0;      0;      0;      0;      0;;;;;;;;;;;;;;;;;;;;;;;;;;;;;;;;;;;;;;;;;;;;;;;;;;;;;;;;;;;;   0.000; 128.000;   0.000;  88.520;   0.000;   0.000;   0.000;   0.000;   0.180; 1; 1; 1;       1;       1;       1;       4;       1;       1;0
10.07.2017 17:40:28;helium;          4;          4;          1;          1;          1;          4;      65536;   3.000;.93200000;.24400002;.03999996;2.66400003;3707.19604492;3702.99609375;4.19999981;3584.00000000;.00000000;.00000000;.00000000;2336194560;1121226752;      0;      2;      0;*******;      0;      1;      1;      1;;;;;;;;;;;;;;;;;;;;;;;;;;;;;;;;;;;;;;;;;;;;;;;;;;;;;;;;;;;;   0.000; 128.000;   0.000;  84.490;   0.000;   0.000;   0.000;   0.000;   0.180; 1; 1; 1;       1;       1;       1;       4;       1;       1;0
10.07.2017 17:41:37;helium;          2;          2;          1;          1;          1;          2;        512;   3.000;.04400000;.00400000;.00000000;.05600000;66.32399750;66.20800018;.11600000;.00000000;.00000000;.00000000;.00000000;498950144;234074112;      0;      2;      0;*******;      0;      2;      2;      2;;;;;;;;;;;;;;;;;;;;;;;;;;;;;;;;;;;;;;;;;;;;;;;;;;;;;;;;;;;;   0.000;   0.000;   0.000;   0.070;   0.000;   0.000;   0.000;   0.000;   0.000; 1; 1; 1;       1;       1;       1;       2;       1;       1;0
10.07.2017 17:41:37;helium;          2;          2;          1;          1;          1;          2;        512;   3.000;.05200000;.00400000;.00000000;.02400000;66.61199951;66.51999664;.09200000;.00000000;.00000000;.00000000;.00000000;498913280;234037248;      0;      0;      0;      0;      0;      0;      0;      0;;;;;;;;;;;;;;;;;;;;;;;;;;;;;;;;;;;;;;;;;;;;;;;;;;;;;;;;;;;;   0.000;   0.000;   0.000;   0.070;   0.000;   0.000;   0.000;   0.000;   0.010; 1; 1; 1;       1;       1;       1;       2;       1;       1;0
