27.07.2017 17:36:26;sgscl1n1;          1;          1;          2;          2;          1;          4;         64;   1.000;.02400000;.00000000;.00000000;.01600000;2.24000001;2.18799996;.05200000;1.32234836;.03631616;.01295996;.30743909;295546880;228982784;      0;      2;      0;*******;      0;      0;      0;      0;          0.0512757301331;          1.3947513103485;          0.0000109672546;          0.0001235008240;          0.0000443458557;          1.3227605819702;          0.0365512371063;          0.0129809379578;          0.0001170635223;          0.0040802955627;          0.0000431537628;          0.0001838207245;          1.3223989009857;          0.0362579822540;          0.0129578113556;          0.0140123367310;          0.0084939002991;          0.0009145736694;          0.0065038204193;          0.0063924789429;          0.0000510215759;;;;;;;;;;;;;;;;;;;;;;;;;;;;;;;;;;;;;;;   0.307;   0.135;   0.004;   0.010;   0.000;   0.000;   0.000;   0.000;   0.000; 1; 1; 1;       1;       2;       2;       1;       1;       1;0
27.07.2017 17:36:31;sgscl1n1;          1;          1;          2;          2;          1;          4;        128;   1.000;.00800000;.00400000;.00000000;.01200000;2.48000002;2.45199990;.02800000;1.48407698;.05983281;.01238179;.29942870;298221568;231657472;      0;      2;      0;*******;      0;      0;      0;      0;          0.0544517040253;          1.5831055641174;          0.0000116825104;          0.0001196861267;          0.0000460147858;          1.4844570159912;          0.0600554943085;          0.0124034881592;          0.0001468658447;          0.0068414211273;          0.0000545978546;          0.0001587867737;          1.4841258525848;          0.0597736835480;          0.0123817920685;          0.0214486122131;          0.0120983123779;          0.0014293193817;          0.0062406063080;          0.0060799121857;          0.0000510215759;;;;;;;;;;;;;;;;;;;;;;;;;;;;;;;;;;;;;;;   0.299;   0.234;   0.007;   0.020;   0.000;   0.000;   0.000;   0.000;   0.010; 1; 1; 1;       1;       2;       2;       1;       1;       1;0
27.07.2017 17:36:39;sgscl1n1;          1;          1;          2;          2;          1;          4;        256;   1.000;.01200000;.00000000;.00000000;.01200000;6.20400000;6.17600012;.02800000;4.87341142;.12077689;.01291823;.30620980;303771648;237207552;      0;      2;      0;*******;      0;      0;      0;      0;          0.0568575859070;          5.0392434597015;          0.0000116825104;          0.0001342296600;          0.0000462532043;          4.8738198280334;          0.1210191249847;          0.0129380226135;          0.0002138614655;          0.0126488208771;          0.0000548362732;          0.0001833438873;          4.8734626770020;          0.1207177639008;          0.0129144191742;          0.0516486167908;          0.0196130275726;          0.0022749900818;          0.0065004825592;          0.0063507556915;          0.0000562667847;;;;;;;;;;;;;;;;;;;;;;;;;;;;;;;;;;;;;;;   0.306;   0.465;   0.012;   0.040;   0.000;   0.000;   0.000;   0.000;   0.000; 1; 1; 1;       1;       2;       2;       1;       1;       1;0
27.07.2017 17:36:53;sgscl1n1;          1;          1;          2;          2;          1;          4;        512;   1.000;.01200000;.00400000;.00000000;.01600000;11.52400017;11.48400021;.04000000;9.62797427;.22949648;.01213312;.29201078;314597376;243458048;      0;      2;      0;*******;      0;      0;      0;      0;          0.0581033229828;          9.9125089645386;          0.0000109672546;          0.0001525878906;          0.0000472068787;          9.6283922195435;          0.2297482490540;          0.0121557712555;          0.0003130435944;          0.0229334831238;          0.0000488758087;          0.0001611709595;          9.6280322074890;          0.2294425964355;          0.0121302604675;          0.1005434989929;          0.0341184139252;          0.0041143894196;          0.0059502124786;          0.0061249732971;          0.0000450611115;;;;;;;;;;;;;;;;;;;;;;;;;;;;;;;;;;;;;;;   0.292;   0.879;   0.023;   0.070;   0.000;   0.000;   0.000;   0.000;   0.000; 1; 1; 1;       1;       2;       2;       1;       1;       1;0
27.07.2017 17:37:18;sgscl1n1;          1;          1;          2;          2;          1;          4;       1024;   1.000;.00400000;.00400000;.00000000;.00800000;22.40399933;22.37999916;.02400000;19.25850296;.44328046;.01288891;.30407000;336642048;261066752;      0;      2;      0;*******;      0;      0;      0;      0;          0.0606398582458;         19.7791852951050;          0.0000102519989;          0.0002391338348;          0.0000333786011;         19.2589826583862;          0.4435479640961;          0.0129122734070;          0.0005359649658;          0.0436513423920;          0.0000667572021;          0.0001919269562;         19.2585885524750;          0.4431989192963;          0.0128860473633;          0.1909418106079;          0.0644249916077;          0.0081450939178;          0.0063838958740;          0.0064465999603;          0.0000424385071;;;;;;;;;;;;;;;;;;;;;;;;;;;;;;;;;;;;;;;   0.304;   1.718;   0.043;   0.170;   0.000;   0.000;   0.000;   0.000;   0.000; 1; 1; 1;       1;       2;       2;       1;       1;       1;0
27.07.2017 17:38:04;sgscl1n1;          1;          1;          2;          2;          1;          4;       2048;   1.000;.01600000;.00400000;.00000000;.01200000;44.22399902;44.18799973;.03600000;38.38501215;.88631701;.01242852;.29087901;380506112;296058880;      0;      2;      0;*******;      0;      0;      0;      0;          0.0695302486420;         39.3941125869751;          0.0000100135803;          0.0003733634949;          0.0000588893890;         38.3855259418488;          0.8866012096405;          0.0124528408051;          0.0009975433350;          0.0894811153412;          0.0000622272491;          0.0002510547638;         38.3850903511047;          0.8862543106079;          0.0124247074127;          0.3710494041443;          0.1227064132690;          0.0203483104706;          0.0061070919037;          0.0062599182129;          0.0000510215759;;;;;;;;;;;;;;;;;;;;;;;;;;;;;;;;;;;;;;;   0.291;   3.409;   0.090;   0.560;   0.000;   0.000;   0.000;   0.000;   0.010; 1; 1; 1;       1;       2;       2;       1;       1;       1;0
27.07.2017 17:39:35;sgscl1n1;          1;          1;          2;          2;          1;          4;       4096;   1.000;.03600000;.00400000;.00400000;.02400000;88.30799866;88.23200226;.07600000;76.03258991;1.76723528;.01272392;.30168056;468996096;366804992;      0;      2;      0;*******;      0;      0;      0;      0;          0.0807321071625;         78.0187621116638;          0.0000109672546;          0.0008823871613;          0.0000689029694;         76.0332376956940;          1.7675578594208;          0.0127491950989;          0.0018718242645;          0.1838390827179;          0.0001409053802;          0.0003306865692;         76.0326910018921;          1.7671377658844;          0.0127220153809;          0.7304742336273;          0.2433376312256;          0.0460395812988;          0.0062530040741;          0.0064013004303;          0.0000557899475;;;;;;;;;;;;;;;;;;;;;;;;;;;;;;;;;;;;;;;   0.302;   6.709;   0.176;   2.450;   0.000;   0.000;   0.000;   0.000;   0.010; 1; 1; 1;       1;       2;       2;       1;       1;       1;0
27.07.2017 17:42:39;sgscl1n1;          1;          1;          2;          2;          1;          4;       8192;   1.000;.04800000;.01600000;.00000000;.05199999;181.76400757;181.62800598;.13600001;151.81789064;3.65513253;.01253366;.28961706;645861376;485720064;      0;      2;      0;*******;      0;      0;      0;      0;          0.1081676483154;        155.8847098350525;          0.0000107288361;          0.0019462108612;          0.0000529289246;        151.8188893795013;          3.6556499004364;          0.0125601291656;          0.0039112567902;          0.3732738494873;          0.0001740455627;          0.0005872249603;        151.8180880546570;          3.6550228595734;          0.0125298500061;          1.5310187339783;          0.5185477733612;          0.0932149887085;          0.0061264038086;          0.0063459873199;          0.0000479221344;;;;;;;;;;;;;;;;;;;;;;;;;;;;;;;;;;;;;;;   0.290;  13.477;   0.383;  10.730;   0.000;   0.000;   0.000;   0.000;   0.010; 1; 1; 1;       1;       2;       2;       1;       1;       1;0
27.07.2017 17:49:04;sgscl1n1;          1;          1;          2;          2;          1;          4;      16384;   1.000;.08000000;.02000000;.00400000;.03999999;382.28399658;382.10800171;.17600000;302.08273220;7.51443744;.01254559;.28933597;1000366080;714817536;      0;      2;      0;*******;      0;      0;      0;      0;          0.2072303295135;        310.3646750450134;          0.0000116825104;          0.0037996768951;          0.0000481605530;        302.0840444564819;          7.5150682926178;          0.0125784873962;          0.0073268413544;          0.7248675823212;          0.0001945495605;          0.0008032321930;        302.0829808712006;          7.5143115520477;          0.0125417709351;          3.1966185569763;          1.0460226535797;          0.1806626319885;          0.0060958862305;          0.0063881874084;          0.0000479221344;;;;;;;;;;;;;;;;;;;;;;;;;;;;;;;;;;;;;;;   0.289;  26.843;   0.788;  42.340;   0.000;   0.000;   0.000;   0.000;   0.020; 1; 1; 1;       1;       2;       2;       1;       1;       1;0
27.07.2017 18:03:05;sgscl1n1;          1;          1;          2;          2;          1;          4;      32768;   1.000;.22000000;.06000000;.01199999;.06800002;838.83996582;838.41998291;.41999999;599.47776246;14.87106967;.01297021;.29142785;1694539776;1069555712;      0;      2;      0;*******;      0;      0;      0;      0;          0.2515451908112;        615.8541438579559;          0.0000107288361;          0.0078465938568;          0.0000543594360;        599.4790778160095;         14.8718380928040;          0.0129978656769;          0.0146913528442;          1.4505736827850;          0.0002293586731;          0.0009138584137;        599.4780385494232;         14.8709552288055;          0.0129630565643;          6.1189050674438;          2.1121785640717;          0.3601484298706;          0.0063757896423;          0.0065228939056;          0.0000526905060;;;;;;;;;;;;;;;;;;;;;;;;;;;;;;;;;;;;;;;   0.291;  53.474;   1.563; 164.530;   0.000;   0.000;   0.000;   0.000;   0.060; 1; 1; 1;       1;       2;       2;       1;       1;       1;0
27.07.2017 18:35:45;sgscl1n1;          1;          1;          2;          2;          1;          4;      65536;   1.000;.29999999;.09200001;.01199999;.11600000;1957.05993652;1956.44396973;.61600000;1196.60500264;29.75906587;.01323652;.30143690;3104292864;1863696384;      0;      2;      0;*******;      0;      0;      0;      0;          0.3829915523529;       1229.7039496898651;          0.0000102519989;          0.0185186862946;          0.0000607967377;       1196.6066248416901;         29.7599866390228;          0.0132710933685;          0.0293078422546;          3.2590661048889;          0.0002253055573;          0.0011096000671;       1196.6053590774536;         29.7589447498322;          0.0132334232330;         11.8566732406616;          4.2171714305878;          0.7237155437469;          0.0065410137177;          0.0066235065460;          0.0000576972961;;;;;;;;;;;;;;;;;;;;;;;;;;;;;;;;;;;;;;;   0.301; 106.969;   3.146; 610.940;   0.000;   0.000;   0.000;   0.000;   0.090; 1; 1; 1;       1;       2;       2;       1;       1;       1;0
27.07.2017 20:12:29;sgscl1n1;          1;          1;          2;          2;          1;          4;     131072;   1.000;.51200002;.15199995;.02400005;.19199997;5800.61572266;5799.55175781;1.06400001;2389.05414772;60.97075009;.01352787;.29319692;5947514880;3533201408;      0;      2;      0;*******;      0;      0;      0;      0;          0.4535541534424;       2456.1678109169006;          0.0000119209290;          0.0395457744598;          0.0000655651093;       2389.0559411048889;         60.9717271327972;          0.0135636329651;          0.0627901554108;          6.0078518390656;          0.0002648830414;          0.0012247562408;       2389.0545365810394;         60.9706308841705;          0.0135250091553;         25.5662684440613;          8.5604248046875;          1.4847891330719;          0.0067281723022;          0.0067365169525;          0.0000500679016;;;;;;;;;;;;;;;;;;;;;;;;;;;;;;;;;;;;;;;   0.293; 213.846;   6.534;3112.110;   0.000;   0.000;   0.000;   0.000;   0.140; 1; 1; 1;       1;       2;       2;       1;       1;       1;0
28.07.2017 04:04:41;sgscl1n1;          1;          1;          2;          2;          1;          4;     262144;   1.000;1.20799994;.62400007;.03600001;.33999991;28327.94140625;28325.38476562;2.55599999;4760.78811002;119.18727922;.01340795;.29115987;11544309760;6782550016;      0;      2;      0;*******;      0;      0;      0;      0;          1.7293632030487;       4892.0895602703094;          0.0000135898590;          0.0714502334595;          0.0000631809235;       4760.7899684906006;        119.1883463859558;          0.0134418010712;          0.1252408027649;         11.8837862014771;          0.0002527236938;          0.0013272762299;       4760.7884979248047;        119.1871521472931;          0.0134079456329;         48.4619617462158;         17.1289925575256;          3.0276691913605;          0.0066249370575;          0.0067191123962;          0.0000491142273;;;;;;;;;;;;;;;;;;;;;;;;;;;;;;;;;;;;;;;   0.291; 427.763;  12.883;********;   0.000;   0.000;   0.000;   0.000;   0.590; 1; 1; 1;       1;       2;       2;       1;       1;       1;0
28.07.2017 15:29:44;sgscl1n1;          2;          2;          2;          2;          1;          8;         64;   1.000;.01200000;.00000000;.00000000;.00000000;3.20000005;3.18400002;.01600000;1.05606580;.16401958;.02481484;1.46924376;444821504;231378944;      0;      0;      0;      0;      0;      0;      0;      0;;;;;;;;;;;;;;;;;;;;;;;;;;;;;;;;;;;;;;;;;;;;;;;;;;;;;;;;;;;;   1.469;   0.111;   0.013;   0.010;   0.000;   0.000;   0.000;   0.000;   0.000; 1; 1; 1;       1;       2;       2;       2;       1;       1;0
28.07.2017 15:29:44;sgscl1n1;          2;          2;          2;          2;          1;          8;         64;   1.000;.01600000;.03200000;.00000000;.00800000;3.10399985;3.04399991;.06000000;1.06809807;.03504968;.02481794;1.46924305;444743680;231301120;      0;      2;      0;*******;      0;      0;      0;      0;          0.0481758117676;          1.1475334167480;          0.0000028610229;          0.0001041889191;          0.0000689029694;          1.0684914588928;          0.0352950096130;          0.0248363018036;          0.0001106262207;          0.0028126239777;          0.0000493526459;          0.0001728534698;          1.0681350231171;          0.0349824428558;          0.0248126983643;          0.0126852989197;          0.0109877586365;          0.0010483264923;          0.0123760700226;          0.0123469829559;          0.0000789165497;;;;;;;;;;;;;;;;;;;;;;;;;;;;;;;;;;;;;;;   1.469;   0.106;   0.005;   0.010;   0.000;   0.000;   0.000;   0.000;   0.030; 1; 1; 1;       1;       2;       2;       2;       1;       1;0
28.07.2017 15:29:50;sgscl1n1;          2;          2;          2;          2;          1;          8;        128;   1.000;.00400000;.00400000;.00000000;.00000000;3.71999979;3.71199989;.00800000;1.41229939;.22557664;.02572918;1.49977398;446902272;233459712;      0;      0;      0;      0;      0;      0;      0;      0;;;;;;;;;;;;;;;;;;;;;;;;;;;;;;;;;;;;;;;;;;;;;;;;;;;;;;;;;;;;   1.500;   0.166;   0.010;   0.010;   0.000;   0.000;   0.000;   0.000;   0.000; 1; 1; 1;       1;       2;       2;       2;       1;       1;0
28.07.2017 15:29:50;sgscl1n1;          2;          2;          2;          2;          1;          8;        128;   1.000;.00800000;.00800000;.00000000;.01200000;3.66000009;3.62400007;.03600000;1.52713990;.04961300;.02572823;1.49977183;446824448;233381888;      0;      2;      0;*******;      0;      0;      0;      0;          0.0488669872284;          1.6246688365936;          0.0000038146973;          0.0001149177551;          0.0000691413879;          1.5275323390961;          0.0498559474945;          0.0257496833801;          0.0001409053802;          0.0044162273407;          0.0000548362732;          0.0001869201660;          1.5271699428558;          0.0495524406433;          0.0257260799408;          0.0175528526306;          0.0143077373505;          0.0012948513031;          0.0129957199097;          0.0126390457153;          0.0000834465027;;;;;;;;;;;;;;;;;;;;;;;;;;;;;;;;;;;;;;;   1.500;   0.162;   0.006;   0.010;   0.000;   0.000;   0.000;   0.000;   0.010; 1; 1; 1;       1;       2;       2;       2;       1;       1;0
28.07.2017 15:29:57;sgscl1n1;          2;          2;          2;          2;          1;          8;        256;   1.000;.00800000;.00000000;.00000000;.00800000;5.11199999;5.09600019;.01600000;2.89482450;.09771729;.02504873;1.44396830;451022848;237580288;      0;      2;      0;*******;      0;      0;      0;      0;          0.0487635135651;          3.0413506031036;          0.0000038146973;          0.0001392364502;          0.0000700950623;          2.8952288627625;          0.0979676246643;          0.0250709056854;          0.0001657009125;          0.0073370933533;          0.0000591278076;          0.0002124309540;          2.8948636054993;          0.0976452827454;          0.0250444412231;          0.0468771457672;          0.0206592082977;          0.0018696784973;          0.0126066207886;          0.0123460292816;          0.0000851154327;;;;;;;;;;;;;;;;;;;;;;;;;;;;;;;;;;;;;;;   1.444;   0.256;   0.010;   0.010;   0.000;   0.000;   0.000;   0.000;   0.000; 1; 1; 1;       1;       2;       2;       2;       1;       1;0
28.07.2017 15:29:57;sgscl1n1;          2;          2;          2;          2;          1;          8;        256;   1.000;.01200000;.00400000;.00000000;.00000000;5.16799974;5.14799976;.02000000;2.91069317;.14066958;.02504063;1.44396305;451088384;237645824;      0;      0;      0;      0;      0;      0;      0;      0;;;;;;;;;;;;;;;;;;;;;;;;;;;;;;;;;;;;;;;;;;;;;;;;;;;;;;;;;;;;   1.444;   0.262;   0.012;   0.020;   0.000;   0.000;   0.000;   0.000;   0.000; 1; 1; 1;       1;       2;       2;       2;       1;       1;0
28.07.2017 15:30:07;sgscl1n1;          2;          2;          2;          2;          1;          8;        512;   1.000;.01200000;.00000000;.00000000;.00000000;8.12800026;8.11600018;.01200000;5.44273448;.21481395;.02607179;1.52069902;459628544;241610752;      0;      0;      0;      0;      0;      0;      0;      0;;;;;;;;;;;;;;;;;;;;;;;;;;;;;;;;;;;;;;;;;;;;;;;;;;;;;;;;;;;;   1.521;   0.497;   0.018;   0.040;   0.000;   0.000;   0.000;   0.000;   0.000; 1; 1; 1;       1;       2;       2;       2;       1;       1;0
28.07.2017 15:30:07;sgscl1n1;          2;          2;          2;          2;          1;          8;        512;   1.000;.01600000;.00000000;.00000000;.02000000;8.07199955;8.02799988;.04400000;5.43141389;.16628575;.02608085;1.52070189;459522048;241504256;      0;      2;      0;*******;      0;      0;      0;      0;          0.0501492023468;          5.6531891822815;          0.0000057220459;          0.0001273155212;          0.0000712871552;          5.4318349361420;          0.1665456295013;          0.0261006355286;          0.0002439022064;          0.0131051540375;          0.0000574588776;          0.0001745223999;          5.4314694404602;          0.1662225723267;          0.0260779857635;          0.0783395767212;          0.0326786041260;          0.0028791427612;          0.0130074024200;          0.0129773616791;          0.0000820159912;;;;;;;;;;;;;;;;;;;;;;;;;;;;;;;;;;;;;;;   1.521;   0.489;   0.019;   0.030;   0.000;   0.000;   0.000;   0.000;   0.000; 1; 1; 1;       1;       2;       2;       2;       1;       1;0
28.07.2017 15:30:23;sgscl1n1;          2;          2;          2;          2;          1;          8;       1024;   1.000;.01200000;.00000000;.00400000;.00800000;13.50799942;13.47999954;.02800000;10.30205035;.27387762;.02481532;1.47312093;476598272;254144512;      0;      2;      0;*******;      0;      0;      0;      0;          0.0535314083099;         10.6431937217712;          0.0000059604645;          0.0001652240753;          0.0000672340393;         10.3025007247925;          0.2741546630859;          0.0248389244080;          0.0003521442413;          0.0250177383423;          0.0000705718994;          0.0002324581146;         10.3020946979523;          0.2738153934479;          0.0248103141785;          0.1133704185486;          0.0583570003510;          0.0054857730865;          0.0123240947723;          0.0124092102051;          0.0000691413879;;;;;;;;;;;;;;;;;;;;;;;;;;;;;;;;;;;;;;;   1.473;   0.913;   0.027;   0.070;   0.000;   0.000;   0.000;   0.000;   0.000; 1; 1; 1;       1;       2;       2;       2;       1;       1;0
28.07.2017 15:30:23;sgscl1n1;          2;          2;          2;          2;          1;          8;       1024;   1.000;.02400000;.00000000;.00000000;.00400000;13.56799984;13.53600025;.03200000;10.28837442;.35107040;.02481627;1.47312212;476528640;254074880;      0;      0;      0;      0;      0;      0;      0;      0;;;;;;;;;;;;;;;;;;;;;;;;;;;;;;;;;;;;;;;;;;;;;;;;;;;;;;;;;;;;   1.473;   0.917;   0.032;   0.070;   0.000;   0.000;   0.000;   0.000;   0.000; 1; 1; 1;       1;       2;       2;       2;       1;       1;0
28.07.2017 15:30:50;sgscl1n1;          2;          2;          2;          2;          1;          8;       2048;   1.000;.02000000;.00000000;.00000000;.00800000;24.42399979;24.39599991;.02800000;19.87213540;.60475898;.02460980;1.42658687;510500864;279175168;      0;      0;      0;      0;      0;      0;      0;      0;;;;;;;;;;;;;;;;;;;;;;;;;;;;;;;;;;;;;;;;;;;;;;;;;;;;;;;;;;;;   1.427;   1.770;   0.059;   0.180;   0.000;   0.000;   0.000;   0.000;   0.000; 1; 1; 1;       1;       2;       2;       2;       1;       1;0
28.07.2017 15:30:50;sgscl1n1;          2;          2;          2;          2;          1;          8;       2048;   1.000;.02400000;.01200000;.00000000;.02000000;24.34799957;24.29199982;.05600000;19.88396955;.52385616;.02461004;1.42658186;510464000;279138304;      0;      2;      0;*******;      0;      0;      0;      0;          0.0569190979004;         20.5018396377563;          0.0000038146973;          0.0002465248108;          0.0000684261322;         19.8844933509827;          0.5241510868073;          0.0246315002441;          0.0006046295166;          0.0490403175354;          0.0000684261322;          0.0002737045288;         19.8840386867523;          0.5237765312195;          0.0246050357819;          0.2103910446167;          0.1094586849213;          0.0144276618958;          0.0121331214905;          0.0123913288116;          0.0000689029694;;;;;;;;;;;;;;;;;;;;;;;;;;;;;;;;;;;;;;;   1.427;   1.769;   0.052;   0.160;   0.000;   0.000;   0.000;   0.000;   0.010; 1; 1; 1;       1;       2;       2;       2;       1;       1;0
28.07.2017 15:31:38;sgscl1n1;          2;          2;          2;          2;          1;          8;       4096;   1.000;.01200000;.00400000;.00400000;.00800000;46.35200119;46.31200027;.04000000;38.96515584;1.03322554;.02573752;1.52338600;578084864;329015296;      0;      2;      0;*******;      0;      0;      0;      0;          0.0665774345398;         40.1413586139679;          0.0000088214874;          0.0005514621735;          0.0000681877136;         38.9657976627350;          1.0335860252380;          0.0257620811462;          0.0010945796967;          0.0981671810150;          0.0001363754272;          0.0003490447998;         38.9652564525604;          1.0331459045410;          0.0257344245911;          0.4072170257568;          0.2075121402740;          0.0299866199493;          0.0121631622314;          0.0134909152985;          0.0000705718994;;;;;;;;;;;;;;;;;;;;;;;;;;;;;;;;;;;;;;;   1.523;   3.467;   0.109;   0.560;   0.000;   0.000;   0.000;   0.000;   0.000; 1; 1; 1;       1;       2;       2;       2;       1;       1;0
28.07.2017 15:31:38;sgscl1n1;          2;          2;          2;          2;          1;          8;       4096;   1.000;.02400000;.00800000;.00000000;.00000000;46.42800140;46.38800049;.04000000;38.92102408;1.15539026;.02573872;1.52338243;577658880;328589312;      0;      0;      0;      0;      0;      0;      0;      0;;;;;;;;;;;;;;;;;;;;;;;;;;;;;;;;;;;;;;;;;;;;;;;;;;;;;;;;;;;;   1.523;   3.477;   0.109;   0.570;   0.000;   0.000;   0.000;   0.000;   0.010; 1; 1; 1;       1;       2;       2;       2;       1;       1;0
28.07.2017 15:33:12;sgscl1n1;          2;          2;          2;          2;          1;          8;       8192;   1.000;.03600000;.01200000;.00000000;.03600000;91.08399963;90.99600220;.08800000;76.24606514;2.62641859;.02458024;1.44225883;713547776;414015488;      0;      2;      0;*******;      0;      0;      0;      0;          0.0813984870911;         79.1093916893005;          0.0000128746033;          0.0011734962463;          0.0000708103180;         76.2470829486847;          2.6269004344940;          0.0246098041534;          0.0020422935486;          0.1916174888611;          0.0001060962677;          0.0005798339844;         76.2462635040283;          2.6263082027435;          0.0245802402496;          1.3691484928131;          0.4177720546722;          0.0598976612091;          0.0122580528259;          0.0122413635254;          0.0000686645508;;;;;;;;;;;;;;;;;;;;;;;;;;;;;;;;;;;;;;;   1.442;   6.881;   0.274;   2.570;   0.000;   0.000;   0.000;   0.000;   0.010; 1; 1; 1;       1;       2;       2;       2;       1;       1;0
28.07.2017 15:33:12;sgscl1n1;          2;          2;          2;          2;          1;          8;       8192;   1.000;.04800000;.00400000;.00000000;.00400000;91.15600586;91.09200287;.06400000;76.85292745;2.26247215;.02458024;1.44225883;713539584;414007296;      0;      0;      0;      0;      0;      0;      0;      0;;;;;;;;;;;;;;;;;;;;;;;;;;;;;;;;;;;;;;;;;;;;;;;;;;;;;;;;;;;;   1.442;   6.939;   0.227;   2.440;   0.000;   0.000;   0.000;   0.000;   0.010; 1; 1; 1;       1;       2;       2;       2;       1;       1;0
28.07.2017 15:36:17;sgscl1n1;          2;          2;          2;          2;          1;          8;      16384;   1.000;.06000000;.00400000;.00000000;.00400000;183.35200500;183.27600098;.07600000;150.19576597;5.48680544;.02543736;1.48878074;985640960;580485120;      0;      0;      0;      0;      0;      0;      0;      0;;;;;;;;;;;;;;;;;;;;;;;;;;;;;;;;;;;;;;;;;;;;;;;;;;;;;;;;;;;;   1.489;  13.701;   0.497;  10.320;   0.000;   0.000;   0.000;   0.000;   0.000; 1; 1; 1;       1;       2;       2;       2;       1;       1;0
28.07.2017 15:36:17;sgscl1n1;          2;          2;          2;          2;          1;          8;      16384;   1.000;.08000000;.00800000;.00400000;.03200000;183.27198792;183.12399292;.14800000;150.78949285;4.04290390;.02544141;1.48877764;985858048;580702208;      0;      2;      0;*******;      0;      0;      0;      0;          0.1110188961029;        155.2608079910278;          0.0000104904175;          0.0020251274109;          0.0000782012939;        150.7904434204102;          4.0434017181396;          0.0254666805267;          0.0038921833038;          0.3790924549103;          0.0001494884491;          0.0005774497986;        150.7896840572357;          4.0428035259247;          0.0254356861115;          1.5449078083038;          0.8352472782135;          0.0838305950165;          0.0127801895142;          0.0125634670258;          0.0000820159912;;;;;;;;;;;;;;;;;;;;;;;;;;;;;;;;;;;;;;;   1.489;  13.742;   0.442;  11.040;   0.000;   0.000;   0.000;   0.000;   0.000; 1; 1; 1;       1;       2;       2;       2;       1;       1;0
28.07.2017 15:42:50;sgscl1n1;          2;          2;          2;          2;          1;          8;      32768;   1.000;.14000000;.03200001;.00399999;.06000000;390.12399292;389.82800293;.29600000;297.32293129;15.51872945;.02673697;1.53124499;1530593280;839331840;      0;      2;      0;*******;      0;      0;      0;      0;          0.1698749065399;        313.7132971286774;          0.0000269412994;          0.0043809413910;          0.0000951290131;        297.3241052627563;         15.5193588733673;          0.0267629623413;          0.0079071521759;          0.8146464824677;          0.0001964569092;          0.0007348060608;        297.3231878280640;         15.5186264514923;          0.0267338752747;         10.5139081478119;          1.6448502540588;          0.2013194561005;          0.0130701065063;          0.0135703086853;          0.0000836849213;;;;;;;;;;;;;;;;;;;;;;;;;;;;;;;;;;;;;;;   1.531;  27.361;   1.458;  43.760;   0.000;   0.000;   0.000;   0.000;   0.020; 1; 1; 1;       1;       2;       2;       2;       1;       1;0
28.07.2017 15:42:50;sgscl1n1;          2;          2;          2;          2;          1;          8;      32768;   1.000;.16800000;.01600000;.00000000;.01199999;390.29602051;390.08801270;.20800000;305.07504940;11.05375719;.02673483;1.53124070;1519468544;828207104;      0;      0;      0;      0;      0;      0;      0;      0;;;;;;;;;;;;;;;;;;;;;;;;;;;;;;;;;;;;;;;;;;;;;;;;;;;;;;;;;;;;   1.531;  27.932;   0.907;  40.720;   0.000;   0.000;   0.000;   0.000;   0.010; 1; 1; 1;       1;       2;       2;       2;       1;       1;0
28.07.2017 15:56:48;sgscl1n1;          2;          2;          2;          2;          1;          8;      65536;   1.000;.30000001;.03999999;.00000000;.00400001;835.68395996;835.29998779;.38400000;584.68239427;25.74139738;.02690387;1.47526336;2618617856;1381912576;      0;      0;      0;      0;      0;      0;      0;      0;;;;;;;;;;;;;;;;;;;;;;;;;;;;;;;;;;;;;;;;;;;;;;;;;;;;;;;;;;;;   1.475;  54.755;   2.023; 161.120;   0.000;   0.000;   0.000;   0.000;   0.040; 1; 1; 1;       1;       2;       2;       2;       1;       1;0
28.07.2017 15:56:48;sgscl1n1;          2;          2;          2;          2;          1;          8;      65536;   1.000;.31200001;.03199998;.00800002;.10400000;835.53997803;834.99200439;.54799998;586.61737800;17.15690494;.02690697;1.47525740;2609876992;1373171712;      0;      2;      0;*******;      0;      0;      0;      0;          0.2515261173248;        605.4714438915253;          0.0000121593475;          0.0087006092072;          0.0000915527344;        586.6184198856354;         17.1575350761414;          0.0269367694855;          0.0164060592651;          1.6272289752960;          0.0001916885376;          0.0006699562073;        586.6175806522369;         17.1568095684052;          0.0269060134888;          6.5159206390381;          3.4088954925537;          0.5155973434448;          0.0136506557465;          0.0131618976593;          0.0000796318054;;;;;;;;;;;;;;;;;;;;;;;;;;;;;;;;;;;;;;;   1.475;  54.844;   1.906; 167.520;   0.000;   0.000;   0.000;   0.000;   0.020; 1; 1; 1;       1;       2;       2;       2;       1;       1;0
28.07.2017 16:32:44;sgscl1n1;          2;          2;          2;          2;          1;          8;     131072;   1.000;.48800001;.07600001;.00400001;.00799996;2153.34008789;2152.70410156;.63599998;1173.03234386;72.85260773;.02630901;1.45829630;4777295872;2517704704;      0;      0;      0;      0;      0;      0;      0;      0;;;;;;;;;;;;;;;;;;;;;;;;;;;;;;;;;;;;;;;;;;;;;;;;;;;;;;;;;;;;   1.458; 109.738;   3.880; 780.550;   0.000;   0.000;   0.000;   0.000;   0.080; 1; 1; 1;       1;       2;       2;       2;       1;       1;0
28.07.2017 16:32:44;sgscl1n1;          2;          2;          2;          2;          1;          8;     131072;   1.000;.53200001;.06400001;.01599997;.17199999;2153.05200195;2152.13989258;.91200000;1170.69981599;36.49489546;.02630496;1.45829320;4799512576;2539921408;      0;      2;      0;*******;      0;      0;      0;      0;          0.3760037422180;       1210.5406837463379;          0.0000150203705;          0.0201358795166;          0.0000867843628;       1170.7015275955200;         36.4958188533783;          0.0263454914093;          0.0315489768982;          3.2501466274261;          0.0002572536469;          0.0012266635895;       1170.7001824378967;         36.4947772026062;          0.0263030529022;         15.6797356605530;          6.7688045501709;          1.0051684379578;          0.0129258632660;          0.0132896900177;          0.0000736713409;;;;;;;;;;;;;;;;;;;;;;;;;;;;;;;;;;;;;;;   1.458; 109.588;   3.985; 818.750;   0.000;   0.000;   0.000;   0.000;   0.060; 1; 1; 1;       1;       2;       2;       2;       1;       1;0
28.07.2017 18:43:47;sgscl1n1;          2;          2;          2;          2;          1;          8;     262144;   1.000;.88400001;.16799998;.00000000;.00399995;7860.86816406;7859.72802734;1.13999999;1947.93710327;66.56699896;.02794194;1.50350118;9107841024;4802478080;      0;      0;      0;      0;      0;      0;      0;      0;;;;;;;;;;;;;;;;;;;;;;;;;;;;;;;;;;;;;;;;;;;;;;;;;;;;;;;;;;;;   1.504; 219.440;   8.233;5593.110;   0.000;   0.000;   0.000;   0.000;   0.150; 1; 1; 1;       1;       2;       2;       2;       1;       1;0
28.07.2017 18:43:48;sgscl1n1;          2;          2;          2;          2;          1;          8;     262144;   1.000;.95999998;.19199997;.03600001;.35200000;7860.37158203;7858.55175781;1.82000005;1951.10746264;491.27012801;.02794600;1.50350618;9157849088;4852486144;      0;      2;      0;*******;      0;      0;      0;      0;          0.7767536640167;       2449.1404945850372;          0.0000138282776;          0.0434885025024;          0.0001187324524;       1951.1088833808899;        491.2709143161774;          0.0279750823975;          0.0652322769165;          6.6092290878296;          0.0001308917999;          0.0009369850159;       1951.1078057289124;        491.2700190544128;          0.0279409885406;        449.2622015476227;         13.3244731426239;          2.0394871234894;          0.0141427516937;          0.0136978626251;          0.0000898838043;;;;;;;;;;;;;;;;;;;;;;;;;;;;;;;;;;;;;;;   1.504; 220.000;   7.603;5164.260;   0.000;   0.000;   0.000;   0.000;   0.180; 1; 1; 1;       1;       2;       2;       2;       1;       1;0
29.07.2017 05:43:43;sgscl1n1;          2;          2;          2;          2;          1;          8;     524288;   1.000;3.39599991;.82800007;.00000000;.01200008;39581.97265625;39576.60156250;5.37200022;3472.42856503;139.77323675;.02711320;1.48880601;17827561472;7970664448;      0;      0;      0;      0;      0;      0;      0;      0;;;;;;;;;;;;;;;;;;;;;;;;;;;;;;;;;;;;;;;;;;;;;;;;;;;;;;;;;;;;   1.489; 437.987;  15.952;********;   0.000;   0.000;   0.000;   0.000;   0.790; 1; 1; 1;       1;       2;       2;       2;       1;       1;0
29.07.2017 05:43:43;sgscl1n1;          2;          2;          2;          2;          1;          8;     524288;   1.000;3.42000002;.61199975;.00000000;.04800034;39581.13281250;39575.44140625;5.69199991;3496.13495541;495.80146146;.02711892;1.48880482;17788198912;7944409088;      0;      2;      0;*******;      0;      0;      0;      0;          0.0337674617767;       4005.2524430751801;          0.0000088214874;          0.0893976688385;          0.0001242160797;       3496.1364731788635;        495.8022818565369;          0.0271470546722;          0.1354508399963;         13.0449256896973;          0.0001564025879;          0.0010323524475;       3496.1352930068970;        495.8013422489166;          0.0271122455597;        410.8314218521118;         26.9445106983185;          4.0483372211456;          0.0135192871094;          0.0135080814362;          0.0000746250153;;;;;;;;;;;;;;;;;;;;;;;;;;;;;;;;;;;;;;;   1.489; 437.712;  16.097;********;   0.000;   0.000;   0.000;   0.000;   0.520; 1; 1; 1;       1;       2;       2;       2;       1;       1;0
29.07.2017 06:15:18;sgscl1n1;          4;          4;          2;          2;          1;         16;        256;   1.000;.00800000;.00000000;.00000000;.00000000;5.88800001;5.88000011;.00800000;2.19388008;.21892667;.04239154;2.81143570;463495168;241655808;      0;      0;      0;      0;      0;      0;      0;      0;;;;;;;;;;;;;;;;;;;;;;;;;;;;;;;;;;;;;;;;;;;;;;;;;;;;;;;;;;;;   2.811;   0.204;   0.013;   0.010;   0.000;   0.000;   0.000;   0.000;   0.000; 1; 1; 1;       1;       2;       2;       4;       1;       1;0
29.07.2017 06:15:18;sgscl1n1;          4;          4;          2;          2;          1;         16;        256;   1.000;.00800000;.00400000;.00000000;.00400000;5.88399982;5.86399984;.02000000;2.29690504;.10925531;.04239607;2.81143975;465653760;243814400;      0;      0;      0;      0;      0;      0;      0;      0;;;;;;;;;;;;;;;;;;;;;;;;;;;;;;;;;;;;;;;;;;;;;;;;;;;;;;;;;;;;   2.811;   0.209;   0.007;   0.010;   0.000;   0.000;   0.000;   0.000;   0.000; 1; 1; 1;       1;       2;       2;       4;       1;       1;0
29.07.2017 06:15:18;sgscl1n1;          4;          4;          2;          2;          1;         16;        256;   1.000;.01200000;.00000000;.00000000;.02800000;5.84000015;5.79600000;.04400000;1.93681598;.41326737;.04238701;2.81142998;460566528;238727168;      0;      2;      0;*******;      0;      0;      0;      0;          0.0540564060211;          2.4140865802765;          0.0000066757202;          0.0001466274261;          0.0001189708710;          1.9372668266296;          0.4135456085205;          0.0424151420593;          0.0001869201660;          0.0050725936890;          0.0000545978546;          0.0001947879791;          1.9368834495544;          0.4131875038147;          0.0423829555511;          0.3734359741211;          0.0204539299011;          0.0012996196747;          0.0143272876740;          0.0279285907745;          0.0001137256622;;;;;;;;;;;;;;;;;;;;;;;;;;;;;;;;;;;;;;;   2.811;   0.164;   0.039;   0.010;   0.000;   0.000;   0.000;   0.000;   0.000; 1; 1; 1;       1;       2;       2;       4;       1;       1;0
29.07.2017 06:15:18;sgscl1n1;          4;          4;          2;          2;          1;         16;        256;   1.000;.01600000;.00000000;.00000000;.00000000;5.89999962;5.88399982;.01600000;1.92764282;.48564601;.04239178;2.81143665;460816384;238977024;      0;      0;      0;      0;      0;      0;      0;      0;;;;;;;;;;;;;;;;;;;;;;;;;;;;;;;;;;;;;;;;;;;;;;;;;;;;;;;;;;;;   2.811;   0.176;   0.040;   0.000;   0.000;   0.000;   0.000;   0.000;   0.000; 1; 1; 1;       1;       2;       2;       4;       1;       1;0
29.07.2017 06:15:30;sgscl1n1;          4;          4;          2;          2;          1;         16;       1024;   1.000;.01600000;.00000000;.00000000;.00400000;10.42399979;10.39599991;.02800000;6.26759529;.24385071;.04097676;2.75816679;484757504;253906944;      0;      0;      0;      0;      0;      0;      0;      0;;;;;;;;;;;;;;;;;;;;;;;;;;;;;;;;;;;;;;;;;;;;;;;;;;;;;;;;;;;;   2.758;   0.538;   0.039;   0.040;   0.000;   0.000;   0.000;   0.000;   0.000; 1; 1; 1;       1;       2;       2;       4;       1;       1;0
29.07.2017 06:15:30;sgscl1n1;          4;          4;          2;          2;          1;         16;       1024;   1.000;.01600000;.00000000;.00000000;.00800000;10.42799950;10.39999962;.02800000;5.91611576;.60728312;.04097867;2.75817180;482205696;251355136;      0;      0;      0;      0;      0;      0;      0;      0;;;;;;;;;;;;;;;;;;;;;;;;;;;;;;;;;;;;;;;;;;;;;;;;;;;;;;;;;;;;   2.758;   0.510;   0.067;   0.030;   0.000;   0.000;   0.000;   0.000;   0.000; 1; 1; 1;       1;       2;       2;       4;       1;       1;0
29.07.2017 06:15:30;sgscl1n1;          4;          4;          2;          2;          1;         16;       1024;   1.000;.01600000;.00000000;.00400000;.01200000;10.43599987;10.39999962;.03600000;6.27860689;.23055410;.04098582;2.75817490;487038976;256188416;      0;      0;      0;      0;      0;      0;      0;      0;;;;;;;;;;;;;;;;;;;;;;;;;;;;;;;;;;;;;;;;;;;;;;;;;;;;;;;;;;;;   2.758;   0.559;   0.018;   0.040;   0.000;   0.000;   0.000;   0.000;   0.000; 1; 1; 1;       1;       2;       2;       4;       1;       1;0
29.07.2017 06:15:30;sgscl1n1;          4;          4;          2;          2;          1;         16;       1024;   1.000;.02800000;.00400000;.00000000;.02000000;10.35599995;10.30000019;.05600000;5.92332864;.53207207;.04097199;2.75816417;481992704;251142144;      0;      2;      0;*******;      0;      0;      0;      0;          0.0570518970490;          6.5279264450073;          0.0000231266022;          0.0001914501190;          0.0001146793365;          5.9238207340240;          0.5323588848114;          0.0409986972809;          0.0003299713135;          0.0152010917664;          0.0000534057617;          0.0002138614655;          5.9233868122101;          0.5319964885712;          0.0409710407257;          0.4274680614471;          0.0442144870758;          0.0041446685791;          0.0138351917267;          0.0270068645477;          0.0001192092896;;;;;;;;;;;;;;;;;;;;;;;;;;;;;;;;;;;;;;;   2.758;   0.527;   0.042;   0.040;   0.000;   0.000;   0.000;   0.000;   0.000; 1; 1; 1;       1;       2;       2;       4;       1;       1;0
29.07.2017 06:16:01;sgscl1n1;          4;          4;          2;          2;          1;         16;       4096;   1.000;.02000000;.00000000;.00000000;.00000000;28.30000114;28.28000069;.02000000;21.63994837;.87367821;.04214525;2.86033297;567803904;310337536;      0;      0;      0;      0;      0;      0;      0;      0;;;;;;;;;;;;;;;;;;;;;;;;;;;;;;;;;;;;;;;;;;;;;;;;;;;;;;;;;;;;   2.860;   1.849;   0.174;   0.190;   0.000;   0.000;   0.000;   0.000;   0.000; 1; 1; 1;       1;       2;       2;       4;       1;       1;0
29.07.2017 06:16:01;sgscl1n1;          4;          4;          2;          2;          1;         16;       4096;   1.000;.02800000;.00000000;.00400000;.00800000;28.19200134;28.14800072;.04400000;21.71781111;.71764636;.04213905;2.86032391;567717888;310251520;      0;      2;      0;*******;      0;      0;      0;      0;          0.0635325908661;         22.5511507987976;          0.0000114440918;          0.0003228187561;          0.0001089572906;         21.7184975147247;          0.7180874347687;          0.0421693325043;          0.0009703636169;          0.0554237365723;          0.0001246929169;          0.0003855228424;         21.7179234027863;          0.7175498008728;          0.0421369075775;          0.3301849365234;          0.1438210010529;          0.0256626605988;          0.0141947269440;          0.0278174877167;          0.0001099109650;;;;;;;;;;;;;;;;;;;;;;;;;;;;;;;;;;;;;;;   2.860;   1.921;   0.093;   0.180;   0.000;   0.000;   0.000;   0.000;   0.000; 1; 1; 1;       1;       2;       2;       4;       1;       1;0
29.07.2017 06:16:01;sgscl1n1;          4;          4;          2;          2;          1;         16;       4096;   1.000;.03200000;.00400000;.00000000;.00000000;28.30800056;28.26399994;.04400000;21.70621014;.74057984;.04214406;2.86032581;570355712;312889344;      0;      0;      0;      0;      0;      0;      0;      0;;;;;;;;;;;;;;;;;;;;;;;;;;;;;;;;;;;;;;;;;;;;;;;;;;;;;;;;;;;;   2.860;   1.887;   0.136;   0.250;   0.000;   0.000;   0.000;   0.000;   0.000; 1; 1; 1;       1;       2;       2;       4;       1;       1;0
29.07.2017 06:16:01;sgscl1n1;          4;          4;          2;          2;          1;         16;       4096;   1.000;.04400000;.00000000;.00000000;.00000000;28.26399994;28.21599960;.04800000;21.68544436;.75684261;.04215336;2.86034012;572653568;315187200;      0;      0;      0;      0;      0;      0;      0;      0;;;;;;;;;;;;;;;;;;;;;;;;;;;;;;;;;;;;;;;;;;;;;;;;;;;;;;;;;;;;   2.860;   1.953;   0.069;   0.250;   0.000;   0.000;   0.000;   0.000;   0.000; 1; 1; 1;       1;       2;       2;       4;       1;       1;0
29.07.2017 06:17:46;sgscl1n1;          4;          4;          2;          2;          1;         16;      16384;   1.000;.07600000;.00400000;.00000000;.01600000;103.48799896;103.38800049;.10000000;80.18332243;8.61696172;.04234338;2.75869370;916348928;510300160;      0;      0;      0;      0;      0;      0;      0;      0;;;;;;;;;;;;;;;;;;;;;;;;;;;;;;;;;;;;;;;;;;;;;;;;;;;;;;;;;;;;   2.759;   7.505;   0.281;   2.620;   0.000;   0.000;   0.000;   0.000;   0.010; 1; 1; 1;       1;       2;       2;       4;       1;       1;0
29.07.2017 06:17:46;sgscl1n1;          4;          4;          2;          2;          1;         16;      16384;   1.000;.08000000;.00000000;.00000000;.00400000;103.48400116;103.38400269;.10000000;81.00932789;7.60504103;.04233408;2.75868797;914677760;508628992;      0;      0;      0;      0;      0;      0;      0;      0;;;;;;;;;;;;;;;;;;;;;;;;;;;;;;;;;;;;;;;;;;;;;;;;;;;;;;;;;;;;   2.759;   7.232;   0.553;   2.810;   0.000;   0.000;   0.000;   0.000;   0.000; 1; 1; 1;       1;       2;       2;       4;       1;       1;0
29.07.2017 06:17:46;sgscl1n1;          4;          4;          2;          2;          1;         16;      16384;   1.000;.08800000;.00800000;.00400000;.04000000;103.37200165;103.22000122;.15200000;85.79685283;2.79297733;.04233646;2.75868464;912240640;506191872;      0;      2;      0;*******;      0;      0;      0;      0;          0.0946638584137;         88.8806381225586;          0.0000135898590;          0.0011200904846;          0.0001094341278;         85.7978191375732;          2.7935237884521;          0.0423643589020;          0.0024819374084;          0.2276234626770;          0.0001003742218;          0.0006051063538;         85.7970652580261;          2.7928681373596;          0.0423364639282;          1.2862844467163;          0.5736567974091;          0.0522449016571;          0.0131807327271;          0.0290362834930;          0.0001077651978;;;;;;;;;;;;;;;;;;;;;;;;;;;;;;;;;;;;;;;   2.759;   7.466;   0.307;   2.700;   0.000;   0.000;   0.000;   0.000;   0.000; 1; 1; 1;       1;       2;       2;       4;       1;       1;0
29.07.2017 06:17:46;sgscl1n1;          4;          4;          2;          2;          1;         16;      16384;   1.000;.10800000;.00799999;.00000000;.00000000;103.46800232;103.33599854;.13200000;85.15194654;3.53223348;.04234123;2.75868177;912035840;505987072;      0;      0;      0;      0;      0;      0;      0;      0;;;;;;;;;;;;;;;;;;;;;;;;;;;;;;;;;;;;;;;;;;;;;;;;;;;;;;;;;;;;   2.759;   7.201;   0.585;   2.730;   0.000;   0.000;   0.000;   0.000;   0.010; 1; 1; 1;       1;       2;       2;       4;       1;       1;0
29.07.2017 06:25:20;sgscl1n1;          4;          4;          2;          2;          1;         16;      65536;   1.000;.24400000;.03199999;.00000000;.00000000;451.74798584;451.44400024;.30399999;304.03587413;50.00047183;.04030919;2.71841693;2300485632;1136001024;      0;      0;      0;      0;      0;      0;      0;      0;;;;;;;;;;;;;;;;;;;;;;;;;;;;;;;;;;;;;;;;;;;;;;;;;;;;;;;;;;;;   2.718;  29.083;   6.152;  54.520;   0.000;   0.000;   0.000;   0.000;   0.030; 1; 1; 1;       1;       2;       2;       4;       1;       1;0
29.07.2017 06:25:20;sgscl1n1;          4;          4;          2;          2;          1;         16;      65536;   1.000;.25600001;.03599998;.00000000;.00400001;451.72399902;451.40399170;.31999999;309.87714672;45.18755722;.04029918;2.71841025;2289819648;1125335040;      0;      0;      0;      0;      0;      0;      0;      0;;;;;;;;;;;;;;;;;;;;;;;;;;;;;;;;;;;;;;;;;;;;;;;;;;;;;;;;;;;;   2.718;  27.930;   7.306;  53.490;   0.000;   0.000;   0.000;   0.000;   0.030; 1; 1; 1;       1;       2;       2;       4;       1;       1;0
29.07.2017 06:25:20;sgscl1n1;          4;          4;          2;          2;          1;         16;      65536;   1.000;.27200001;.01599997;.00400001;.08800000;451.60000610;451.14001465;.46000001;332.40600157;22.85872269;.04030204;2.71840215;2297376768;1132924928;      0;      2;      0;*******;      0;      0;      0;      0;          0.2039420604706;        356.2300374507904;          0.0000138282776;          0.0045075416565;          0.0001337528229;        332.4073123931885;         22.8595626354218;          0.0403325557709;          0.0140128135681;          0.8886051177979;          0.0002391338348;          0.0009558200836;        332.4062838554382;         22.8586213588715;          0.0402963161469;         16.8705012798309;          2.2620813846588;          0.4224307537079;          0.0136764049530;          0.0265095233917;          0.0001018047333;;;;;;;;;;;;;;;;;;;;;;;;;;;;;;;;;;;;;;;   2.718;  33.728;   1.483;  53.100;   0.000;   0.000;   0.000;   0.000;   0.010; 1; 1; 1;       1;       2;       2;       4;       1;       1;0
29.07.2017 06:25:20;sgscl1n1;          4;          4;          2;          2;          1;         16;      65536;   1.000;.28000000;.03200001;.00000000;.00400001;451.72399902;451.40399170;.31999999;344.07685375;12.51978779;.04029918;2.71840429;2287628288;1123176448;      0;      0;      0;      0;      0;      0;      0;      0;;;;;;;;;;;;;;;;;;;;;;;;;;;;;;;;;;;;;;;;;;;;;;;;;;;;;;;;;;;;   2.718;  32.734;   2.502;  51.970;   0.000;   0.000;   0.000;   0.000;   0.030; 1; 1; 1;       1;       2;       2;       4;       1;       1;0
29.07.2017 07:17:03;sgscl1n1;          4;          4;          2;          2;          1;         16;     262144;   1.000;1.01199996;.09200001;.00000000;.01200008;3099.40795898;3098.17993164;1.22800004;996.59725356;224.44963074;.04517031;2.77728701;7835762688;3844448256;      0;      0;      0;      0;      0;      0;      0;      0;;;;;;;;;;;;;;;;;;;;;;;;;;;;;;;;;;;;;;;;;;;;;;;;;;;;;;;;;;;;   2.777; 114.572;   9.376;1730.770;   0.000;   0.000;   0.000;   0.000;   0.080; 1; 1; 1;       1;       2;       2;       4;       1;       1;0
29.07.2017 07:17:03;sgscl1n1;          4;          4;          2;          2;          1;         16;     262144;   1.000;1.03199995;.16000009;.00000000;.03199995;3099.39599609;3098.06811523;1.32799995;940.27766633;306.32499790;.04517150;2.77728987;7837417472;3846103040;      0;      0;      0;      0;      0;      0;      0;      0;;;;;;;;;;;;;;;;;;;;;;;;;;;;;;;;;;;;;;;;;;;;;;;;;;;;;;;;;;;;   2.777; 119.169;   4.779;1705.120;   0.000;   0.000;   0.000;   0.000;   0.150; 1; 1; 1;       1;       2;       2;       4;       1;       1;0
29.07.2017 07:17:03;sgscl1n1;          4;          4;          2;          2;          1;         16;     262144;   1.000;1.09999997;.14400005;.00000000;.04400003;3099.45605469;3098.08398438;1.37199998;1173.32663774;159.88800907;.04517031;2.77728510;7833128960;3841847296;      0;      0;      0;      0;      0;      0;      0;      0;;;;;;;;;;;;;;;;;;;;;;;;;;;;;;;;;;;;;;;;;;;;;;;;;;;;;;;;;;;;   2.777; 114.789;   9.160;1618.570;   0.000;   0.000;   0.000;   0.000;   0.120; 1; 1; 1;       1;       2;       2;       4;       1;       1;0
29.07.2017 07:17:03;sgscl1n1;          4;          4;          2;          2;          1;         16;     262144;   1.000;.98400003;.11600000;.01999998;.32799995;3098.97192383;3097.22802734;1.74399996;990.19778848;214.31895852;.04517269;2.77728510;7839297536;3848015872;      0;      2;      0;*******;      0;      0;      0;      0;          0.5779545307159;       1208.2126898765564;          0.0000214576721;          0.0271301269531;          0.0002329349518;        990.1995975971222;        214.3200056552887;          0.0452072620392;          0.0545461177826;          3.5508220195770;          0.0002455711365;          0.0013642311096;        990.1982083320618;        214.3188247680664;          0.0451674461365;        190.0138831138611;          8.6309800148010;          1.7955119609833;          0.0157775878906;          0.0292637348175;          0.0001120567322;;;;;;;;;;;;;;;;;;;;;;;;;;;;;;;;;;;;;;;   2.777; 119.052;   4.832;1746.580;   0.000;   0.000;   0.000;   0.000;   0.100; 1; 1; 1;       1;       2;       2;       4;       1;       1;0
29.07.2017 07:34:40;sgscl1n1;          8;          8;          2;          2;          1;         32;       1024;   1.000;.01200000;.00400000;.00000000;.00000000;10.95199966;10.93599987;.01600000;5.36264038;.31702161;.07493973;3.80742407;506884096;259239936;      0;      0;      0;      0;      0;      0;      0;      0;;;;;;;;;;;;;;;;;;;;;;;;;;;;;;;;;;;;;;;;;;;;;;;;;;;;;;;;;;;;   3.807;   0.442;   0.028;   0.020;   0.000;   0.000;   0.000;   0.000;   0.000; 1; 1; 1;       1;       2;       2;       8;       1;       1;0
29.07.2017 07:34:40;sgscl1n1;          8;          8;          2;          2;          1;         32;       1024;   1.000;.01600000;.00000000;.00400000;.00000000;10.86800003;10.84799957;.02000000;4.86245298;.74351716;.07491302;3.80741215;501039104;253394944;      0;      2;      0;*******;      0;      0;      0;      0;          0.0639460086823;          5.7165110111237;          0.0000038146973;          0.0002267360687;          0.0001420974731;          4.8631839752197;          0.7439846992493;          0.0749537944794;          0.0003168582916;          0.0152003765106;          0.0000917911530;          0.0003821849823;          4.8625476360321;          0.7433938980103;          0.0749092102051;          0.6180653572083;          0.0643291473389;          0.0034060478210;          0.0239353179932;          0.0507969856262;          0.0001580715179;;;;;;;;;;;;;;;;;;;;;;;;;;;;;;;;;;;;;;;   3.807;   0.390;   0.057;   0.020;   0.000;   0.000;   0.000;   0.000;   0.000; 1; 1; 1;       1;       2;       2;       8;       1;       1;0
29.07.2017 07:34:40;sgscl1n1;          8;          8;          2;          2;          1;         32;       1024;   1.000;.01600000;.00800000;.00000000;.00000000;10.91600037;10.89200020;.02400000;5.38528323;.30843401;.07494283;3.80742788;504299520;256655360;      0;      0;      0;      0;      0;      0;      0;      0;;;;;;;;;;;;;;;;;;;;;;;;;;;;;;;;;;;;;;;;;;;;;;;;;;;;;;;;;;;;   3.807;   0.443;   0.028;   0.020;   0.000;   0.000;   0.000;   0.000;   0.000; 1; 1; 1;       1;       2;       2;       8;       1;       1;0
29.07.2017 07:34:40;sgscl1n1;          8;          8;          2;          2;          1;         32;       1024;   1.000;.02000000;.00000000;.00000000;.00000000;10.91200066;10.89200020;.02000000;5.38817215;.30335665;.07491922;3.80741286;504061952;256417792;      0;      0;      0;      0;      0;      0;      0;      0;;;;;;;;;;;;;;;;;;;;;;;;;;;;;;;;;;;;;;;;;;;;;;;;;;;;;;;;;;;;   3.807;   0.443;   0.028;   0.020;   0.000;   0.000;   0.000;   0.000;   0.000; 1; 1; 1;       1;       2;       2;       8;       1;       1;0
29.07.2017 07:34:40;sgscl1n1;          8;          8;          2;          2;          1;         32;       1024;   1.000;.02000000;.00800000;.00000000;.00000000;10.94799995;10.91600037;.03200000;5.35266471;.34183621;.07492900;3.80742097;503975936;256331776;      0;      0;      0;      0;      0;      0;      0;      0;;;;;;;;;;;;;;;;;;;;;;;;;;;;;;;;;;;;;;;;;;;;;;;;;;;;;;;;;;;;   3.807;   0.443;   0.028;   0.020;   0.000;   0.000;   0.000;   0.000;   0.000; 1; 1; 1;       1;       2;       2;       8;       1;       1;0
29.07.2017 07:34:40;sgscl1n1;          8;          8;          2;          2;          1;         32;       1024;   1.000;.02400000;.00000000;.00000000;.00000000;10.94799995;10.92000008;.02800000;4.85812116;.83478284;.07493043;3.80742192;500588544;252944384;      0;      0;      0;      0;      0;      0;      0;      0;;;;;;;;;;;;;;;;;;;;;;;;;;;;;;;;;;;;;;;;;;;;;;;;;;;;;;;;;;;;   3.807;   0.404;   0.066;   0.030;   0.000;   0.000;   0.000;   0.000;   0.000; 1; 1; 1;       1;       2;       2;       8;       1;       1;0
29.07.2017 07:34:40;sgscl1n1;          8;          8;          2;          2;          1;         32;       1024;   1.000;.02400000;.00000000;.00000000;.00400000;10.91599941;10.88799953;.02800000;5.35341740;.32930589;.07493329;3.80740595;504197120;256552960;      0;      0;      0;      0;      0;      0;      0;      0;;;;;;;;;;;;;;;;;;;;;;;;;;;;;;;;;;;;;;;;;;;;;;;;;;;;;;;;;;;;   3.807;   0.442;   0.028;   0.020;   0.000;   0.000;   0.000;   0.000;   0.000; 1; 1; 1;       1;       2;       2;       8;       1;       1;0
29.07.2017 07:34:40;sgscl1n1;          8;          8;          2;          2;          1;         32;       1024;   1.000;.02800000;.00000000;.00000000;.00400000;10.93999958;10.90799999;.03200000;5.36065888;.32151031;.07491517;3.80741978;505319424;257675264;      0;      0;      0;      0;      0;      0;      0;      0;;;;;;;;;;;;;;;;;;;;;;;;;;;;;;;;;;;;;;;;;;;;;;;;;;;;;;;;;;;;   3.807;   0.443;   0.028;   0.020;   0.000;   0.000;   0.000;   0.000;   0.000; 1; 1; 1;       1;       2;       2;       8;       1;       1;0
29.07.2017 07:35:25;sgscl1n1;          8;          8;          2;          2;          1;         32;       8192;   1.000;.05200000;.00400000;.00000000;.00000000;42.73999786;42.66799927;.07200000;32.53681183;1.52314830;.07190585;3.88800931;686776320;362053632;      0;      0;      0;      0;      0;      0;      0;      0;;;;;;;;;;;;;;;;;;;;;;;;;;;;;;;;;;;;;;;;;;;;;;;;;;;;;;;;;;;;   3.888;   2.679;   0.213;   0.340;   0.000;   0.000;   0.000;   0.000;   0.000; 1; 1; 1;       1;       2;       2;       8;       1;       1;0
29.07.2017 07:35:25;sgscl1n1;          8;          8;          2;          2;          1;         32;       8192;   1.000;.05600000;.00400000;.00000000;.00799999;42.76800156;42.68799973;.08000000;31.81234932;2.26741552;.07189918;3.88800693;683266048;358543360;      0;      0;      0;      0;      0;      0;      0;      0;;;;;;;;;;;;;;;;;;;;;;;;;;;;;;;;;;;;;;;;;;;;;;;;;;;;;;;;;;;;   3.888;   2.613;   0.279;   0.340;   0.000;   0.000;   0.000;   0.000;   0.000; 1; 1; 1;       1;       2;       2;       8;       1;       1;0
29.07.2017 07:35:25;sgscl1n1;          8;          8;          2;          2;          1;         32;       8192;   1.000;.06400000;.00000000;.00000000;.00799999;42.78400040;42.70399857;.08000000;31.00998068;3.09713721;.07191181;3.88801789;687001600;362278912;      0;      0;      0;      0;      0;      0;      0;      0;;;;;;;;;;;;;;;;;;;;;;;;;;;;;;;;;;;;;;;;;;;;;;;;;;;;;;;;;;;;   3.888;   2.665;   0.229;   0.320;   0.000;   0.000;   0.000;   0.000;   0.000; 1; 1; 1;       1;       2;       2;       8;       1;       1;0
29.07.2017 07:35:25;sgscl1n1;          8;          8;          2;          2;          1;         32;       8192;   1.000;.06400000;.00400000;.00000000;.00000000;42.76800156;42.69200134;.07600000;31.12808156;2.93160748;.07191372;3.88800812;686759936;362037248;      0;      0;      0;      0;      0;      0;      0;      0;;;;;;;;;;;;;;;;;;;;;;;;;;;;;;;;;;;;;;;;;;;;;;;;;;;;;;;;;;;;   3.888;   2.656;   0.238;   0.350;   0.000;   0.000;   0.000;   0.000;   0.000; 1; 1; 1;       1;       2;       2;       8;       1;       1;0
29.07.2017 07:35:25;sgscl1n1;          8;          8;          2;          2;          1;         32;       8192;   1.000;.07200000;.00400000;.00000000;.01600000;42.62400055;42.51599884;.10800000;31.89263129;2.04582763;.07189250;3.88800406;683941888;359219200;      0;      2;      0;*******;      0;      0;      0;      0;          0.1116569042206;         34.1353726387024;          0.0000095367432;          0.0005667209625;          0.0001571178436;         31.8937218189240;          2.0465250015259;          0.0719370841980;          0.0012814998627;          0.1021246910095;          0.0001442432404;          0.0006835460663;         31.8927941322327;          2.0457127094269;          0.0718915462494;          1.2407169342041;          0.3833563327789;          0.0245623588562;          0.0239455699921;          0.0477662086487;          0.0001564025879;;;;;;;;;;;;;;;;;;;;;;;;;;;;;;;;;;;;;;;   3.888;   2.645;   0.221;   0.340;   0.000;   0.000;   0.000;   0.000;   0.000; 1; 1; 1;       1;       2;       2;       8;       1;       1;0
29.07.2017 07:35:25;sgscl1n1;          8;          8;          2;          2;          1;         32;       8192;   1.000;.07600000;.00800000;.00000000;.00000000;42.78400040;42.69599915;.08800000;32.67103052;1.38138151;.07191467;3.88801003;688082944;363360256;      0;      0;      0;      0;      0;      0;      0;      0;;;;;;;;;;;;;;;;;;;;;;;;;;;;;;;;;;;;;;;;;;;;;;;;;;;;;;;;;;;;   3.888;   2.703;   0.191;   0.360;   0.000;   0.000;   0.000;   0.000;   0.000; 1; 1; 1;       1;       2;       2;       8;       1;       1;0
29.07.2017 07:35:25;sgscl1n1;          8;          8;          2;          2;          1;         32;       8192;   1.000;.08000000;.01200000;.00000000;.00000000;42.74800110;42.65200043;.09600000;32.49062753;1.56813884;.07191110;3.88801003;688562176;363839488;      0;      0;      0;      0;      0;      0;      0;      0;;;;;;;;;;;;;;;;;;;;;;;;;;;;;;;;;;;;;;;;;;;;;;;;;;;;;;;;;;;;   3.888;   2.697;   0.184;   0.350;   0.000;   0.000;   0.000;   0.000;   0.010; 1; 1; 1;       1;       2;       2;       8;       1;       1;0
29.07.2017 07:35:25;sgscl1n1;          8;          8;          2;          2;          1;         32;       8192;   1.000;.08800000;.00400000;.00000000;.00000000;42.76399994;42.66799927;.09600000;32.76052880;1.29200053;.07190657;3.88800621;686714880;361992192;      0;      0;      0;      0;      0;      0;      0;      0;;;;;;;;;;;;;;;;;;;;;;;;;;;;;;;;;;;;;;;;;;;;;;;;;;;;;;;;;;;;   3.888;   2.671;   0.224;   0.360;   0.000;   0.000;   0.000;   0.000;   0.010; 1; 1; 1;       1;       2;       2;       8;       1;       1;0
29.07.2017 07:40:47;sgscl1n1;          8;          8;          2;          2;          1;         32;      65536;   1.000;.38800001;.01600000;.00000000;.01199999;320.16400146;319.70800781;.45600000;246.95912647;13.31814480;.07493186;3.96549606;2147721216;993783808;      0;      0;      0;      0;      0;      0;      0;      0;;;;;;;;;;;;;;;;;;;;;;;;;;;;;;;;;;;;;;;;;;;;;;;;;;;;;;;;;;;;   3.965;  20.349;   1.667;  26.300;   0.000;   0.000;   0.000;   0.000;   0.010; 1; 1; 1;       1;       2;       2;       8;       1;       1;0
29.07.2017 07:40:47;sgscl1n1;          8;          8;          2;          2;          1;         32;      65536;   1.000;.39600000;.03600001;.00799999;.07599998;319.97201538;319.38800049;.58399999;246.71902418;12.79216051;.07490706;3.96554494;2149818368;995880960;      0;      2;      0;*******;      0;      0;      0;      0;          0.2592852115631;        260.4458315372467;          0.0000131130219;          0.0037269592285;          0.0003356933594;        246.7204957008362;         12.7930009365082;          0.0749557018280;          0.0137591362000;          0.8202412128448;          0.0001480579376;          0.0010077953339;        246.7192983627319;         12.7920241355896;          0.0749001502991;          6.4055659770966;          2.7833974361420;          0.3920764923096;          0.0253658294678;          0.0493514537811;          0.0001668930054;;;;;;;;;;;;;;;;;;;;;;;;;;;;;;;;;;;;;;;   3.966;  20.636;   1.360;  26.770;   0.000;   0.000;   0.000;   0.000;   0.030; 1; 1; 1;       1;       2;       2;       8;       1;       1;0
29.07.2017 07:40:47;sgscl1n1;          8;          8;          2;          2;          1;         32;      65536;   1.000;.41999999;.03200001;.00000000;.01600000;320.20001221;319.66400146;.53600001;247.70821023;11.98800611;.07494235;3.96549702;2150789120;996839424;      0;      0;      0;      0;      0;      0;      0;      0;;;;;;;;;;;;;;;;;;;;;;;;;;;;;;;;;;;;;;;;;;;;;;;;;;;;;;;;;;;;   3.965;  20.383;   1.625;  26.890;   0.000;   0.000;   0.000;   0.000;   0.020; 1; 1; 1;       1;       2;       2;       8;       1;       1;0
29.07.2017 07:40:47;sgscl1n1;          8;          8;          2;          2;          1;         32;      65536;   1.000;.44000000;.00400001;.00000000;.00400001;320.24398804;319.73999023;.50400001;216.79839396;43.07370853;.07489991;3.96549678;2151317504;997367808;      0;      0;      0;      0;      0;      0;      0;      0;;;;;;;;;;;;;;;;;;;;;;;;;;;;;;;;;;;;;;;;;;;;;;;;;;;;;;;;;;;;   3.965;  20.323;   1.693;  26.740;   0.000;   0.000;   0.000;   0.000;   0.000; 1; 1; 1;       1;       2;       2;       8;       1;       1;0
29.07.2017 07:40:47;sgscl1n1;          8;          8;          2;          2;          1;         32;      65536;   1.000;.46799999;.01600000;.00000000;.00400001;320.21600342;319.68798828;.52800000;249.25678420;10.60469460;.07487631;3.96550012;2150944768;996995072;      0;      0;      0;      0;      0;      0;      0;      0;;;;;;;;;;;;;;;;;;;;;;;;;;;;;;;;;;;;;;;;;;;;;;;;;;;;;;;;;;;;   3.966;  20.328;   1.688;  26.750;   0.000;   0.000;   0.000;   0.000;   0.010; 1; 1; 1;       1;       2;       2;       8;       1;       1;0
29.07.2017 07:40:47;sgscl1n1;          8;          8;          2;          2;          1;         32;      65536;   1.000;.46800000;.06400001;.00000000;.01999998;320.14801025;319.54800415;.60000002;216.30429316;43.74562359;.07490277;3.96550608;2151469056;997519360;      0;      0;      0;      0;      0;      0;      0;      0;;;;;;;;;;;;;;;;;;;;;;;;;;;;;;;;;;;;;;;;;;;;;;;;;;;;;;;;;;;;   3.966;  20.420;   1.595;  26.450;   0.000;   0.000;   0.000;   0.000;   0.060; 1; 1; 1;       1;       2;       2;       8;       1;       1;0
29.07.2017 07:40:47;sgscl1n1;          8;          8;          2;          2;          1;         32;      65536;   1.000;.47200000;.00799999;.00000000;.01200002;320.22399902;319.69198608;.53200001;248.87186050;10.72174048;.07490015;3.96550894;2152964096;999014400;      0;      0;      0;      0;      0;      0;      0;      0;;;;;;;;;;;;;;;;;;;;;;;;;;;;;;;;;;;;;;;;;;;;;;;;;;;;;;;;;;;;   3.966;  20.681;   1.335;  27.010;   0.000;   0.000;   0.000;   0.000;   0.010; 1; 1; 1;       1;       2;       2;       8;       1;       1;0
29.07.2017 07:40:47;sgscl1n1;          8;          8;          2;          2;          1;         32;      65536;   1.000;.51200002;.01599997;.00000000;.00800002;320.25997925;319.67999268;.57999998;248.10197163;11.48174191;.07490730;3.96550274;2152128512;998178816;      0;      0;      0;      0;      0;      0;      0;      0;;;;;;;;;;;;;;;;;;;;;;;;;;;;;;;;;;;;;;;;;;;;;;;;;;;;;;;;;;;;   3.966;  20.723;   1.293;  27.020;   0.000;   0.000;   0.000;   0.000;   0.010; 1; 1; 1;       1;       2;       2;       8;       1;       1;0
