25.07.2017 17:08:40;sgscl1n1;          2;          2;          2;          2;          1;          8;         64;   1.000;.00400000;.00000000;.00000000;.00400000;5.05999994;5.05200005;.00800000;1.69216633;.06489015;.04400229;2.54687166;444743680;231301120;      0;      2;      0;*******;      0;      0;      0;      0;          0.0460987091064;          1.8212811946869;          0.0000081062317;          0.0001723766327;          0.0001254081726;          1.6929054260254;          0.0653192996979;          0.0440320968628;          0.0001888275146;          0.0046138763428;          0.0000593662262;          0.0003275871277;          1.6922512054443;          0.0647847652435;          0.0439944267273;          0.0235915184021;          0.0190212726593;          0.0017135143280;          0.0221827030182;          0.0216722488403;          0.0001244544983;;;;;;;;;;;;;;;;;;;;;;;;;;;;;;;;;;;;;;;   2.547;   0.148;   0.007;   0.000;   0.000;   0.000;   0.000;   0.000;   0.000; 1; 1; 1;       1;       2;       2;       2;       1;       1;0
25.07.2017 17:08:40;sgscl1n1;          2;          2;          2;          2;          1;          8;         64;   1.000;.01200000;.00000000;.00000000;.00400000;5.05599976;5.03999996;.01600000;1.11771774;.70075536;.04400182;2.54687190;444805120;231362560;      0;      0;      0;      0;      0;      0;      0;      0;;;;;;;;;;;;;;;;;;;;;;;;;;;;;;;;;;;;;;;;;;;;;;;;;;;;;;;;;;;;   2.547;   0.104;   0.054;   0.010;   0.000;   0.000;   0.000;   0.000;   0.000; 1; 1; 1;       1;       2;       2;       2;       1;       1;0
25.07.2017 17:08:46;sgscl1n1;          2;          2;          2;          2;          1;          8;        128;   1.000;.01200000;.00800000;.00000000;.00400000;4.14799976;4.11999989;.02800000;1.53629303;.24170947;.02736115;1.61741710;446906368;233463808;      0;      0;      0;      0;      0;      0;      0;      0;;;;;;;;;;;;;;;;;;;;;;;;;;;;;;;;;;;;;;;;;;;;;;;;;;;;;;;;;;;;   1.617;   0.162;   0.011;   0.010;   0.000;   0.000;   0.000;   0.000;   0.000; 1; 1; 1;       1;       2;       2;       2;       1;       1;0
25.07.2017 17:08:46;sgscl1n1;          2;          2;          2;          2;          1;          8;        128;   1.000;.02400000;.00400000;.00000000;.01200000;4.09600019;4.05200005;.04400000;1.66173506;.05900574;.02736092;1.61742043;446828544;233385984;      0;      2;      0;*******;      0;      0;      0;      0;          0.0460784435272;          1.7696862220764;          0.0000081062317;          0.0001628398895;          0.0000872612000;          1.6622598171234;          0.0593070983887;          0.0273859500885;          0.0001807212830;          0.0048112869263;          0.0000636577606;          0.0002148151398;          1.6618216037750;          0.0589413642883;          0.0273578166962;          0.0207822322845;          0.0174133777618;          0.0019800662994;          0.0136306285858;          0.0136227607727;          0.0000896453857;;;;;;;;;;;;;;;;;;;;;;;;;;;;;;;;;;;;;;;   1.617;   0.161;   0.006;   0.010;   0.000;   0.000;   0.000;   0.000;   0.000; 1; 1; 1;       1;       2;       2;       2;       1;       1;0
25.07.2017 17:08:54;sgscl1n1;          2;          2;          2;          2;          1;          8;        256;   1.000;.00000000;.00000000;.00000000;.01200000;5.56400013;5.55200005;.01200000;3.15734386;.10511684;.02723885;1.59148026;451026944;237584384;      0;      2;      0;*******;      0;      0;      0;      0;          0.0474820137024;          3.3147747516632;          0.0000271797180;          0.0002140998840;          0.0000777244568;          3.1579701900482;          0.1054584980011;          0.0272631645203;          0.0002295970917;          0.0080626010895;          0.0000946521759;          0.0003185272217;          3.1574375629425;          0.1050345897675;          0.0272350311279;          0.0407040119171;          0.0278961658478;          0.0035030841827;          0.0136315822601;          0.0135042667389;          0.0000894069672;;;;;;;;;;;;;;;;;;;;;;;;;;;;;;;;;;;;;;;   1.591;   0.268;   0.010;   0.020;   0.000;   0.000;   0.000;   0.000;   0.000; 1; 1; 1;       1;       2;       2;       2;       1;       1;0
25.07.2017 17:08:54;sgscl1n1;          2;          2;          2;          2;          1;          8;        256;   1.000;.01600000;.00000000;.00000000;.00000000;5.61999989;5.60400009;.01600000;3.16090941;.16044021;.02723384;1.59148121;451092480;237649920;      0;      0;      0;      0;      0;      0;      0;      0;;;;;;;;;;;;;;;;;;;;;;;;;;;;;;;;;;;;;;;;;;;;;;;;;;;;;;;;;;;;   1.591;   0.269;   0.015;   0.020;   0.000;   0.000;   0.000;   0.000;   0.000; 1; 1; 1;       1;       2;       2;       2;       1;       1;0
25.07.2017 17:09:05;sgscl1n1;          2;          2;          2;          2;          1;          8;        512;   1.000;.00800000;.00400000;.00000000;.00000000;8.72400093;8.70400047;.02000000;5.91617179;.17674923;.02751899;1.61823869;459542528;241524736;      0;      2;      0;*******;      0;      0;      0;      0;          0.0499420166016;          6.1520876884460;          0.0000109672546;          0.0002143383026;          0.0000832080841;          5.9168107509613;          0.1771221160889;          0.0275461673737;          0.0002853870392;          0.0147564411163;          0.0000734329224;          0.0003156661987;          5.9162852764130;          0.1766636371613;          0.0275158882141;          0.0721118450165;          0.0407104492188;          0.0046186447144;          0.0137460231781;          0.0136709213257;          0.0000936985016;;;;;;;;;;;;;;;;;;;;;;;;;;;;;;;;;;;;;;;   1.618;   0.523;   0.018;   0.030;   0.000;   0.000;   0.000;   0.000;   0.000; 1; 1; 1;       1;       2;       2;       2;       1;       1;0
25.07.2017 17:09:05;sgscl1n1;          2;          2;          2;          2;          1;          8;        512;   1.000;.02000000;.00000000;.00000000;.00000000;8.78000069;8.76000023;.02000000;5.91150451;.24085236;.02751899;1.61823583;459628544;241610752;      0;      0;      0;      0;      0;      0;      0;      0;;;;;;;;;;;;;;;;;;;;;;;;;;;;;;;;;;;;;;;;;;;;;;;;;;;;;;;;;;;;   1.618;   0.523;   0.023;   0.030;   0.000;   0.000;   0.000;   0.000;   0.000; 1; 1; 1;       1;       2;       2;       2;       1;       1;0
25.07.2017 17:09:24;sgscl1n1;          2;          2;          2;          2;          1;          8;       1024;   1.000;.01600000;.00000000;.00000000;.00000000;16.48800087;16.46800041;.02000000;11.41086841;.37538552;.02842450;2.57653213;476602368;254148608;      0;      0;      0;      0;      0;      0;      0;      0;;;;;;;;;;;;;;;;;;;;;;;;;;;;;;;;;;;;;;;;;;;;;;;;;;;;;;;;;;;;   2.577;   0.962;   0.395;   0.120;   0.000;   0.000;   0.000;   0.000;   0.000; 1; 1; 1;       1;       2;       2;       2;       1;       1;0
25.07.2017 17:09:24;sgscl1n1;          2;          2;          2;          2;          1;          8;       1024;   1.000;.02000000;.00000000;.00000000;.00400000;16.37199974;16.34399986;.02800000;11.18511438;.58601451;.02842331;2.57652712;476545024;254091264;      0;      2;      0;*******;      0;      0;      0;      0;          0.0503637790680;         11.8450582027435;          0.0000114440918;          0.0002698898315;          0.0000829696655;         11.1860127449036;          0.5864853858948;          0.0284512042999;          0.0004258155823;          0.0276837348938;          0.0001459121704;          0.0004355907440;         11.1852977275848;          0.5859248638153;          0.0284214019775;          0.3878145217896;          0.0736494064331;          0.0098776817322;          0.0143036842346;          0.0140211582184;          0.0000865459442;;;;;;;;;;;;;;;;;;;;;;;;;;;;;;;;;;;;;;;   2.577;   1.299;   0.053;   0.080;   0.000;   0.000;   0.000;   0.000;   0.000; 1; 1; 1;       1;       2;       2;       2;       1;       1;0
25.07.2017 17:09:55;sgscl1n1;          2;          2;          2;          2;          1;          8;       2048;   1.000;.01600000;.00400000;.00000000;.01600000;28.34799957;28.29999924;.04800000;21.73070574;.57590175;.02773309;2.55679393;510304256;278978560;      0;      2;      0;*******;      0;      0;      0;      0;          0.0555789470673;         22.4058911800385;          0.0000107288361;          0.0003774166107;          0.0000817775726;         21.7314684391022;          0.5763077735901;          0.0277609825134;          0.0007069110870;          0.0536649227142;          0.0001370906830;          0.0004153251648;         21.7308230400085;          0.5758013725281;          0.0277297496796;          0.2153971195221;          0.1232254505157;          0.0174160003662;          0.0140137672424;          0.0136120319366;          0.0000944137573;;;;;;;;;;;;;;;;;;;;;;;;;;;;;;;;;;;;;;;   2.557;   2.543;   0.102;   0.240;   0.000;   0.000;   0.000;   0.000;   0.000; 1; 1; 1;       1;       2;       2;       2;       1;       1;0
25.07.2017 17:09:55;sgscl1n1;          2;          2;          2;          2;          1;          8;       2048;   1.000;.02000000;.00000000;.00000000;.00000000;28.40800095;28.38800049;.02000000;21.64292479;.78144264;.02773094;2.55679202;510349312;279023616;      0;      0;      0;      0;      0;      0;      0;      0;;;;;;;;;;;;;;;;;;;;;;;;;;;;;;;;;;;;;;;;;;;;;;;;;;;;;;;;;;;;   2.557;   1.858;   0.794;   0.190;   0.000;   0.000;   0.000;   0.000;   0.000; 1; 1; 1;       1;       2;       2;       2;       1;       1;0
25.07.2017 17:10:48;sgscl1n1;          2;          2;          2;          2;          1;          8;       4096;   1.000;.01600000;.00800000;.00000000;.01200000;50.62400055;50.58800125;.03600000;42.46446037;1.28048706;.02822876;1.65789080;577519616;328450048;      0;      0;      0;      0;      0;      0;      0;      0;;;;;;;;;;;;;;;;;;;;;;;;;;;;;;;;;;;;;;;;;;;;;;;;;;;;;;;;;;;;   1.658;   3.774;   0.123;   0.600;   0.000;   0.000;   0.000;   0.000;   0.010; 1; 1; 1;       1;       2;       2;       2;       1;       1;0
25.07.2017 17:10:48;sgscl1n1;          2;          2;          2;          2;          1;          8;       4096;   1.000;.02400000;.00400000;.00000000;.01600000;50.56000137;50.50400162;.05600000;42.53372407;1.13123178;.02823496;1.65789175;578080768;329011200;      0;      2;      0;*******;      0;      0;      0;      0;          0.0618560314178;         43.8191037178040;          0.0000107288361;          0.0005321502686;          0.0000839233398;         42.5346693992615;          1.1317374706268;          0.0282573699951;          0.0011947154999;          0.1069395542145;          0.0001678466797;          0.0005095005035;         42.5338854789734;          1.1311354637146;          0.0282287597656;          0.4302914142609;          0.2355639934540;          0.0346944332123;          0.0142600536346;          0.0138685703278;          0.0000863075256;;;;;;;;;;;;;;;;;;;;;;;;;;;;;;;;;;;;;;;   1.658;   3.776;   0.114;   0.600;   0.000;   0.000;   0.000;   0.000;   0.010; 1; 1; 1;       1;       2;       2;       2;       1;       1;0
25.07.2017 17:12:29;sgscl1n1;          2;          2;          2;          2;          1;          8;       8192;   1.000;.02400000;.00000000;.00000000;.00800000;98.54800415;98.51200104;.03600000;82.98181319;2.56147408;.02744198;1.59887195;713539584;414007296;      0;      0;      0;      0;      0;      0;      0;      0;;;;;;;;;;;;;;;;;;;;;;;;;;;;;;;;;;;;;;;;;;;;;;;;;;;;;;;;;;;;   1.599;   7.480;   0.261;   2.600;   0.000;   0.000;   0.000;   0.000;   0.000; 1; 1; 1;       1;       2;       2;       2;       1;       1;0
25.07.2017 17:12:29;sgscl1n1;          2;          2;          2;          2;          1;          8;       8192;   1.000;.03600000;.01600000;.00000000;.01600000;98.45999908;98.36799622;.09200000;83.23347425;2.21455979;.02743912;1.59886789;713543680;414011392;      0;      2;      0;*******;      0;      0;      0;      0;          0.0818712711334;         85.7147469520569;          0.0000112056732;          0.0010263919830;          0.0000939369202;         83.2345845699310;          2.2150788307190;          0.0274646282196;          0.0021872520447;          0.2133910655975;          0.0001873970032;          0.0006210803986;         83.2336938381195;          2.2144670486450;          0.0274353027344;          0.8436906337738;          0.4518010616302;          0.0678510665894;          0.0139420032501;          0.0133986473083;          0.0000872612000;;;;;;;;;;;;;;;;;;;;;;;;;;;;;;;;;;;;;;;   1.599;   7.495;   0.239;   2.580;   0.000;   0.000;   0.000;   0.000;   0.010; 1; 1; 1;       1;       2;       2;       2;       1;       1;0
25.07.2017 17:15:50;sgscl1n1;          2;          2;          2;          2;          1;          8;      16384;   1.000;.05600000;.00000000;.00000000;.04000000;198.97200012;198.84399414;.12800001;163.81894898;4.47183585;.02763510;1.58472776;985862144;580706304;      0;      2;      0;*******;      0;      0;      0;      0;          0.1011989116669;        168.7815258502960;          0.0000109672546;          0.0020120143890;          0.0000970363617;        163.8201737403870;          4.4724717140198;          0.0276660919189;          0.0042240619659;          0.4394872188568;          0.0001320838928;          0.0008134841919;        163.8191864490509;          4.4717307090759;          0.0276319980621;          1.7154207229614;          0.8943002223969;          0.1338813304901;          0.0138981342316;          0.0136415958405;          0.0000844001770;;;;;;;;;;;;;;;;;;;;;;;;;;;;;;;;;;;;;;;   1.585;  14.913;   0.491;  11.870;   0.000;   0.000;   0.000;   0.000;   0.000; 1; 1; 1;       1;       2;       2;       2;       1;       1;0
25.07.2017 17:15:50;sgscl1n1;          2;          2;          2;          2;          1;          8;      16384;   1.000;.05600000;.00400000;.00000000;.00800001;199.05599976;198.96800232;.08800000;163.50636840;5.69777703;.02763295;1.58472681;985645056;580489216;      0;      0;      0;      0;      0;      0;      0;      0;;;;;;;;;;;;;;;;;;;;;;;;;;;;;;;;;;;;;;;;;;;;;;;;;;;;;;;;;;;;   1.585;  14.880;   0.533;  11.070;   0.000;   0.000;   0.000;   0.000;   0.010; 1; 1; 1;       1;       2;       2;       2;       1;       1;0
25.07.2017 17:23:04;sgscl1n1;          2;          2;          2;          2;          1;          8;      32768;   1.000;.13600000;.02800000;.00400001;.21999998;420.26800537;419.84399414;.42399999;329.67482543;10.34609604;2.79222417;1.56931281;1530564608;839303168;      0;      2;      0;*******;      0;      0;      0;      0;          0.6957485675812;        347.9682760238647;          0.0000221729279;          0.0042741298676;          0.0284214019775;        329.7869765758514;         10.3469498157501;          2.7923109531403;          3.2647759914398;          1.2080490589142;          0.0002694129944;          0.0010836124420;        329.7836549282074;         10.3459858894348;          2.7922198772430;          4.1966128349304;          2.1521794795990;          0.3956956863403;          0.2410709857941;          2.5509049892426;          0.0002140998840;;;;;;;;;;;;;;;;;;;;;;;;;;;;;;;;;;;;;;;   1.569;  29.749;   1.023;  47.800;   0.000;   0.000;   0.000;   0.000;   0.020; 1; 1; 1;       1;       2;       2;       2;       1;       1;0
25.07.2017 17:23:04;sgscl1n1;          2;          2;          2;          2;          1;          8;      32768;   1.000;.16400000;.02000000;.00000000;.15600000;421.19998169;420.83999634;.36000001;330.27732253;14.05156517;2.79221344;1.56931281;1529937920;838676480;      0;      0;      0;      0;      0;      0;      0;      0;;;;;;;;;;;;;;;;;;;;;;;;;;;;;;;;;;;;;;;;;;;;;;;;;;;;;;;;;;;;   1.569;  29.811;   0.974;  44.440;   0.000;   0.000;   0.000;   0.000;   0.020; 1; 1; 1;       1;       2;       2;       2;       1;       1;0
25.07.2017 17:37:55;sgscl1n1;          2;          2;          2;          2;          1;          8;      65536;   1.000;.27199999;.02400002;.00000000;.09599999;881.31597900;880.86798096;.44800001;621.55685782;28.13876176;.86388946;1.47848153;2605232128;1368526848;      0;      0;      0;      0;      0;      0;      0;      0;;;;;;;;;;;;;;;;;;;;;;;;;;;;;;;;;;;;;;;;;;;;;;;;;;;;;;;;;;;;   1.478;  56.125;   1.919; 169.140;   0.000;   0.000;   0.000;   0.000;   0.020; 1; 1; 1;       1;       2;       2;       2;       1;       1;0
25.07.2017 17:37:55;sgscl1n1;          2;          2;          2;          2;          1;          8;      65536;   1.000;.27599999;.04800001;.01199999;.21199998;881.11199951;880.50000000;.61199999;624.05049133;19.25389171;.86390400;1.47848368;2607616000;1370910720;      0;      2;      0;*******;      0;      0;      0;      0;          0.3575520515442;        648.6092536449432;          0.0000145435333;          0.0088019371033;          0.1628201007843;        624.0608692169189;         19.2546894550323;          0.8639509677887;          2.4439477920532;          1.6824967861176;          0.0002162456512;          0.0010068416595;        624.0524399280548;         19.2537825107574;          0.8639020919800;          8.0090897083282;          3.6806986331940;          0.5094575881958;          0.5926120281219;          0.2711675167084;          0.0001039505005;;;;;;;;;;;;;;;;;;;;;;;;;;;;;;;;;;;;;;;   1.478;  56.042;   1.971; 175.120;   0.000;   0.000;   0.000;   0.000;   0.040; 1; 1; 1;       1;       2;       2;       2;       1;       1;0
25.07.2017 18:13:28;sgscl1n1;          2;          2;          2;          2;          1;          8;     131072;   1.000;.83999997;.10000002;.02800000;.32800001;2126.86791992;2125.33203125;1.53600001;1177.48397565;34.06500363;.02649689;1.44577956;4777082880;2517491712;      0;      2;      0;*******;      0;      0;      0;      0;          0.7279527187347;       1215.0511283874512;          0.0000150203705;          0.0192902088165;          0.0000960826874;       1177.4854519367218;         34.0658466815948;          0.0265247821808;          0.0319807529449;          3.4068365097046;          0.0002548694611;          0.0010347366333;       1177.4842808246613;         34.0648915767670;          0.0264906883240;         12.9541473388672;          6.9001200199127;          0.9859991073608;          0.0134053230286;          0.0129830837250;          0.0000910758972;;;;;;;;;;;;;;;;;;;;;;;;;;;;;;;;;;;;;;;   1.446; 110.126;   3.822; 786.800;   0.000;   0.000;   0.000;   0.000;   0.100; 1; 1; 1;       1;       2;       2;       2;       1;       1;0
25.07.2017 18:13:28;sgscl1n1;          2;          2;          2;          2;          1;          8;     131072;   1.000;.86799997;.08400005;.00000000;.02399999;2127.30419922;2126.25610352;1.04799998;1172.89124131;71.12650013;.02649164;1.44577980;4775120896;2515529728;      0;      0;      0;      0;      0;      0;      0;      0;;;;;;;;;;;;;;;;;;;;;;;;;;;;;;;;;;;;;;;;;;;;;;;;;;;;;;;;;;;;   1.446; 109.808;   4.227; 755.200;   0.000;   0.000;   0.000;   0.000;   0.090; 1; 1; 1;       1;       2;       2;       2;       1;       1;0
25.07.2017 20:24:02;sgscl1n1;          2;          2;          2;          2;          1;          8;     262144;   1.000;1.00000002;.25199997;.04799998;.44400001;7829.79589844;7827.79589844;2.00000000;1978.80563927;274.21337128;.02671504;1.47937512;9114025984;4808663040;      0;      2;      0;*******;      0;      0;      0;      0;          0.8661692142487;       2259.6685440540314;          0.0000138282776;          0.0403928756714;          0.0001068115234;       1978.8073809146881;        274.2143778800964;          0.0267484188080;          0.0640096664429;          6.5002579689026;          0.0002992153168;          0.0012974739075;       1978.8060164451599;        274.2132494449615;          0.0267090797424;        232.9732630252838;         13.1700656414032;          1.9963796138763;          0.0133953094482;          0.0132350921631;          0.0000715255737;;;;;;;;;;;;;;;;;;;;;;;;;;;;;;;;;;;;;;;   1.479; 222.539;   7.558;5320.710;   0.000;   0.000;   0.000;   0.000;   0.240; 1; 1; 1;       1;       2;       2;       2;       1;       1;0
25.07.2017 20:24:02;sgscl1n1;          2;          2;          2;          2;          1;          8;     262144;   1.000;.94000001;.17600000;.00000000;.02400005;7830.52001953;7829.28417969;1.23599994;1946.05411339;91.71182299;.02671528;1.47937632;9098366976;4793004032;      0;      0;      0;      0;      0;      0;      0;      0;;;;;;;;;;;;;;;;;;;;;;;;;;;;;;;;;;;;;;;;;;;;;;;;;;;;;;;;;;;;   1.479; 218.853;  11.328;5537.060;   0.000;   0.000;   0.000;   0.000;   0.170; 1; 1; 1;       1;       2;       2;       2;       1;       1;0
26.07.2017 07:02:38;sgscl1n1;          2;          2;          2;          2;          1;          8;     524288;   1.000;6.19600010;.71999979;.00400019;.72799969;38301.44140625;38292.99218750;8.44799995;3502.39937615;821.04776740;.02727365;1.47430921;17827463168;7970566144;      0;      0;      0;      0;      0;      0;      0;      0;;;;;;;;;;;;;;;;;;;;;;;;;;;;;;;;;;;;;;;;;;;;;;;;;;;;;;;;;;;;   1.474; 437.776;  15.595;********;   0.000;   0.000;   0.000;   0.000;   0.670; 1; 1; 1;       1;       2;       2;       2;       1;       1;0
26.07.2017 07:02:38;sgscl1n1;          2;          2;          2;          2;          1;          8;     524288;   1.000;6.25199986;.80000019;.00000000;.03200006;38302.92187500;38294.79687500;8.12399960;3480.61042476;138.40322304;.02727699;1.47431326;17753464832;7909675008;      0;      2;      0;*******;      0;      0;      0;      0;          0.0327336788177;       3632.2321383953094;          0.0000123977661;          0.0912520885468;          0.0001311302185;       3480.6120631694794;        138.4041984081268;          0.0273172855377;          0.1324951648712;         12.9481637477875;          0.0002257823944;          0.0011916160583;       3480.6107888221741;        138.4030959606171;          0.0272736549377;         54.9707143306732;         26.5908169746399;          3.9876947402954;          0.0133805274963;          0.0138020515442;          0.0000770092010;;;;;;;;;;;;;;;;;;;;;;;;;;;;;;;;;;;;;;;   1.474; 437.536;  15.704;********;   0.000;   0.000;   0.000;   0.000;   0.710; 1; 1; 1;       1;       2;       2;       2;       1;       1;0
26.07.2017 07:03:46;sgscl1n1;          4;          4;          2;          2;          1;         16;        256;   1.000;.00400000;.00000000;.00000000;.00000000;7.71199989;7.69199991;.02000000;1.91976762;.45850897;.04411387;4.55592275;460787712;238948352;      0;      0;      0;      0;      0;      0;      0;      0;;;;;;;;;;;;;;;;;;;;;;;;;;;;;;;;;;;;;;;;;;;;;;;;;;;;;;;;;;;;   4.556;   0.161;   0.117;   0.000;   0.000;   0.000;   0.000;   0.000;   0.000; 1; 1; 1;       1;       2;       2;       4;       1;       1;0
26.07.2017 07:03:46;sgscl1n1;          4;          4;          2;          2;          1;         16;        256;   1.000;.00400000;.00000000;.00000000;.00400000;7.71200037;7.68800020;.02400000;2.24056745;.12466693;.04411554;4.55592370;464945152;243105792;      0;      0;      0;      0;      0;      0;      0;      0;;;;;;;;;;;;;;;;;;;;;;;;;;;;;;;;;;;;;;;;;;;;;;;;;;;;;;;;;;;;   4.556;   0.195;   0.084;   0.010;   0.000;   0.000;   0.000;   0.000;   0.000; 1; 1; 1;       1;       2;       2;       4;       1;       1;0
26.07.2017 07:03:46;sgscl1n1;          4;          4;          2;          2;          1;         16;        256;   1.000;.00800000;.00000000;.00000000;.00000000;7.70800018;7.68400002;.02400000;2.16698408;.19817162;.04411364;4.55591989;463503360;241664000;      0;      0;      0;      0;      0;      0;      0;      0;;;;;;;;;;;;;;;;;;;;;;;;;;;;;;;;;;;;;;;;;;;;;;;;;;;;;;;;;;;;   4.556;   0.267;   0.011;   0.010;   0.000;   0.000;   0.000;   0.000;   0.000; 1; 1; 1;       1;       2;       2;       4;       1;       1;0
26.07.2017 07:03:46;sgscl1n1;          4;          4;          2;          2;          1;         16;        256;   1.000;.04000000;.00400000;.00000000;.00799999;7.64400005;7.56400013;.08000000;2.03901505;.26498580;.04410934;4.55592489;460509184;238669824;      0;      2;      0;*******;      0;      0;      0;      0;          0.0592951774597;          2.3707261085510;          0.0000078678131;          0.0001413822174;          0.0001070499420;          2.0394790172577;          0.2652864456177;          0.0441403388977;          0.0001893043518;          0.0056142807007;          0.0000495910645;          0.0002052783966;          2.0390670299530;          0.2649159431458;          0.0441093444824;          0.2230751514435;          0.0212526321411;          0.0014379024506;          0.0159175395966;          0.0280647277832;          0.0001139640808;;;;;;;;;;;;;;;;;;;;;;;;;;;;;;;;;;;;;;;   4.556;   0.218;   0.050;   0.020;   0.000;   0.000;   0.000;   0.000;   0.000; 1; 1; 1;       1;       2;       2;       4;       1;       1;0
26.07.2017 07:03:59;sgscl1n1;          4;          4;          2;          2;          1;         16;       1024;   1.000;.01600000;.00000000;.00000000;.00000000;10.59599972;10.57999992;.01600000;6.27375293;.26503968;.04235625;2.85397482;484745216;253894656;      0;      0;      0;      0;      0;      0;      0;      0;;;;;;;;;;;;;;;;;;;;;;;;;;;;;;;;;;;;;;;;;;;;;;;;;;;;;;;;;;;;   2.854;   0.538;   0.040;   0.050;   0.000;   0.000;   0.000;   0.000;   0.000; 1; 1; 1;       1;       2;       2;       4;       1;       1;0
26.07.2017 07:03:59;sgscl1n1;          4;          4;          2;          2;          1;         16;       1024;   1.000;.02000000;.00000000;.00000000;.00400000;10.59599972;10.56799984;.02800000;5.93069315;.60903430;.04235601;2.85398102;482222080;251371520;      0;      0;      0;      0;      0;      0;      0;      0;;;;;;;;;;;;;;;;;;;;;;;;;;;;;;;;;;;;;;;;;;;;;;;;;;;;;;;;;;;;   2.854;   0.510;   0.067;   0.040;   0.000;   0.000;   0.000;   0.000;   0.000; 1; 1; 1;       1;       2;       2;       4;       1;       1;0
26.07.2017 07:03:59;sgscl1n1;          4;          4;          2;          2;          1;         16;       1024;   1.000;.02000000;.00000000;.00400000;.01600000;10.51599979;10.47200012;.04400000;5.91132808;.56376863;.04234862;2.85397816;481935360;251084800;      0;      2;      0;*******;      0;      0;      0;      0;          0.0776991844177;          6.5494887828827;          0.0000090599060;          0.0001716613770;          0.0001091957092;          5.9118323326111;          0.5640594959259;          0.0423803329468;          0.0003390312195;          0.0155909061432;          0.0000574588776;          0.0002393722534;          5.9113969802856;          0.5636959075928;          0.0423464775085;          0.4570066928864;          0.0442748069763;          0.0049443244934;          0.0145256519318;          0.0276911258698;          0.0001196861267;;;;;;;;;;;;;;;;;;;;;;;;;;;;;;;;;;;;;;;   2.854;   0.525;   0.044;   0.030;   0.000;   0.000;   0.000;   0.000;   0.000; 1; 1; 1;       1;       2;       2;       4;       1;       1;0
26.07.2017 07:03:59;sgscl1n1;          4;          4;          2;          2;          1;         16;       1024;   1.000;.02400000;.00000000;.00000000;.00400000;10.59999943;10.56799984;.03200000;6.30369782;.24470234;.04236102;2.85397720;487038976;256188416;      0;      0;      0;      0;      0;      0;      0;      0;;;;;;;;;;;;;;;;;;;;;;;;;;;;;;;;;;;;;;;;;;;;;;;;;;;;;;;;;;;;   2.854;   0.559;   0.018;   0.040;   0.000;   0.000;   0.000;   0.000;   0.000; 1; 1; 1;       1;       2;       2;       4;       1;       1;0
26.07.2017 07:04:30;sgscl1n1;          4;          4;          2;          2;          1;         16;       4096;   1.000;.03200000;.00000000;.00000000;.00000000;29.16399956;29.12800026;.03600000;22.47282004;.89974904;.04428601;2.79301405;572653568;315187200;      0;      0;      0;      0;      0;      0;      0;      0;;;;;;;;;;;;;;;;;;;;;;;;;;;;;;;;;;;;;;;;;;;;;;;;;;;;;;;;;;;;   2.793;   1.947;   0.078;   0.210;   0.000;   0.000;   0.000;   0.000;   0.000; 1; 1; 1;       1;       2;       2;       4;       1;       1;0
26.07.2017 07:04:30;sgscl1n1;          4;          4;          2;          2;          1;         16;       4096;   1.000;.03200000;.00000000;.00000000;.00800000;29.14400101;29.10400009;.04000000;21.67439055;1.69764423;.04428434;2.79301882;570347520;312881152;      0;      0;      0;      0;      0;      0;      0;      0;;;;;;;;;;;;;;;;;;;;;;;;;;;;;;;;;;;;;;;;;;;;;;;;;;;;;;;;;;;;   2.793;   1.890;   0.135;   0.200;   0.000;   0.000;   0.000;   0.000;   0.000; 1; 1; 1;       1;       2;       2;       4;       1;       1;0
26.07.2017 07:04:30;sgscl1n1;          4;          4;          2;          2;          1;         16;       4096;   1.000;.03600000;.00400000;.00000000;.00400000;29.15200043;29.10799980;.04400000;22.57702398;.80834007;.04428220;2.79301596;567795712;310329344;      0;      0;      0;      0;      0;      0;      0;      0;;;;;;;;;;;;;;;;;;;;;;;;;;;;;;;;;;;;;;;;;;;;;;;;;;;;;;;;;;;;   2.793;   1.854;   0.170;   0.190;   0.000;   0.000;   0.000;   0.000;   0.010; 1; 1; 1;       1;       2;       2;       4;       1;       1;0
26.07.2017 07:04:30;sgscl1n1;          4;          4;          2;          2;          1;         16;       4096;   1.000;.04400000;.00000000;.00000000;.01600000;29.07999992;29.00799942;.07200000;21.49770951;1.79550076;.04427624;2.79301190;567717888;310251520;      0;      2;      0;*******;      0;      0;      0;      0;          0.0693733692169;         23.4139876365662;          0.0000114440918;          0.0003926753998;          0.0001173019409;         21.4984245300293;          1.7959856987000;          0.0443112850189;          0.0009841918945;          0.0583741664886;          0.0001399517059;          0.0004625320435;         21.4978296756744;          1.7954120635986;          0.0442752838135;          1.3951756954193;          0.1529190540314;          0.0257930755615;          0.0142681598663;          0.0298740863800;          0.0001182556152;;;;;;;;;;;;;;;;;;;;;;;;;;;;;;;;;;;;;;;   2.793;   1.907;   0.108;   0.200;   0.000;   0.000;   0.000;   0.000;   0.000; 1; 1; 1;       1;       2;       2;       4;       1;       1;0
26.07.2017 07:06:17;sgscl1n1;          4;          4;          2;          2;          1;         16;      16384;   1.000;.08800000;.01200000;.00000000;.00800000;104.21999359;104.10399628;.11600000;84.11968327;4.31161404;.04375863;2.84803200;912039936;505991168;      0;      0;      0;      0;      0;      0;      0;      0;;;;;;;;;;;;;;;;;;;;;;;;;;;;;;;;;;;;;;;;;;;;;;;;;;;;;;;;;;;;   2.848;   7.029;   1.684;   2.630;   0.000;   0.000;   0.000;   0.000;   0.010; 1; 1; 1;       1;       2;       2;       4;       1;       1;0
26.07.2017 07:06:17;sgscl1n1;          4;          4;          2;          2;          1;         16;      16384;   1.000;.09200000;.00800000;.00000000;.00800000;104.23200226;104.12000275;.11200000;81.30535412;6.99896479;.04376173;2.84803319;914677760;508628992;      0;      0;      0;      0;      0;      0;      0;      0;;;;;;;;;;;;;;;;;;;;;;;;;;;;;;;;;;;;;;;;;;;;;;;;;;;;;;;;;;;;   2.848;   8.064;   0.648;   2.760;   0.000;   0.000;   0.000;   0.000;   0.010; 1; 1; 1;       1;       2;       2;       4;       1;       1;0
26.07.2017 07:06:17;sgscl1n1;          4;          4;          2;          2;          1;         16;      16384;   1.000;.11600000;.00400000;.00000000;.00000000;104.23600006;104.08799744;.14800000;81.77918673;5.79928875;.04376507;2.84803581;916357120;510308352;      0;      0;      0;      0;      0;      0;      0;      0;;;;;;;;;;;;;;;;;;;;;;;;;;;;;;;;;;;;;;;;;;;;;;;;;;;;;;;;;;;;   2.848;   8.373;   0.339;   3.500;   0.000;   0.000;   0.000;   0.000;   0.000; 1; 1; 1;       1;       2;       2;       4;       1;       1;0
26.07.2017 07:06:17;sgscl1n1;          4;          4;          2;          2;          1;         16;      16384;   1.000;.13200000;.02000000;.00400001;.03600000;104.15200043;103.94000244;.21200000;84.26429152;3.30707765;.04375362;2.84802723;912224256;506175488;      0;      2;      0;*******;      0;      0;      0;      0;          0.1031978130341;         87.8698439598083;          0.0000090599060;          0.0011050701141;          0.0001549720764;         84.2652149200439;          3.3076252937317;          0.0437850952148;          0.0023887157440;          0.2338249683380;          0.0001332759857;          0.0005979537964;         84.2644760608673;          3.3069796562195;          0.0437498092651;          1.8507354259491;          0.5620863437653;          0.0521612167358;          0.0131418704987;          0.0304949283600;          0.0001022815704;;;;;;;;;;;;;;;;;;;;;;;;;;;;;;;;;;;;;;;   2.848;   7.305;   1.394;   3.360;   0.000;   0.000;   0.000;   0.000;   0.020; 1; 1; 1;       1;       2;       2;       4;       1;       1;0
26.07.2017 07:13:50;sgscl1n1;          4;          4;          2;          2;          1;         16;      65536;   1.000;.24400000;.02000001;.00000000;.01199999;450.41601562;450.10000610;.31600001;309.02810740;47.05700064;.04358721;2.83361316;2300481536;1135996928;      0;      0;      0;      0;      0;      0;      0;      0;;;;;;;;;;;;;;;;;;;;;;;;;;;;;;;;;;;;;;;;;;;;;;;;;;;;;;;;;;;;   2.834;  29.787;   1.194;  55.180;   0.000;   0.000;   0.000;   0.000;   0.020; 1; 1; 1;       1;       2;       2;       4;       1;       1;0
26.07.2017 07:13:50;sgscl1n1;          4;          4;          2;          2;          1;         16;      65536;   1.000;.27599999;.03200001;.00000000;.00400001;450.42401123;450.08801270;.33600000;337.22316909;22.25220799;.04358220;2.83360696;2295984128;1131532288;      0;      0;      0;      0;      0;      0;      0;      0;;;;;;;;;;;;;;;;;;;;;;;;;;;;;;;;;;;;;;;;;;;;;;;;;;;;;;;;;;;;   2.834;  28.739;   2.243;  51.800;   0.000;   0.000;   0.000;   0.000;   0.020; 1; 1; 1;       1;       2;       2;       4;       1;       1;0
26.07.2017 07:13:50;sgscl1n1;          4;          4;          2;          2;          1;         16;      65536;   1.000;.29200000;.02399999;.00000000;.00800002;450.28799438;449.93600464;.35200000;307.91802120;51.13989353;.04357910;2.83361197;2298630144;1134145536;      0;      0;      0;      0;      0;      0;      0;      0;;;;;;;;;;;;;;;;;;;;;;;;;;;;;;;;;;;;;;;;;;;;;;;;;;;;;;;;;;;;   2.834;  28.663;   2.318;  52.230;   0.000;   0.000;   0.000;   0.000;   0.020; 1; 1; 1;       1;       2;       2;       4;       1;       1;0
26.07.2017 07:13:50;sgscl1n1;          4;          4;          2;          2;          1;         16;      65536;   1.000;.32400001;.02399999;.00400001;.09599999;450.15200806;449.61199951;.54000002;340.33832574;15.67549801;.04357815;2.83360505;2284965888;1120514048;      0;      2;      0;*******;      0;      0;      0;      0;          0.2185590267181;        357.0041639804840;          0.0000140666962;          0.0048925876617;          0.0001306533813;        340.3396213054657;         15.6761622428894;          0.0436091423035;          0.0143063068390;          0.9097366333008;          0.0001518726349;          0.0008387565613;        340.3385899066925;         15.6754064559937;          0.0435750484467;          9.4151673316956;          2.2963752746582;          0.4281785488129;          0.0154790878296;          0.0279726982117;          0.0001132488251;;;;;;;;;;;;;;;;;;;;;;;;;;;;;;;;;;;;;;;   2.834;  29.760;   1.199;  55.040;   0.000;   0.000;   0.000;   0.000;   0.020; 1; 1; 1;       1;       2;       2;       4;       1;       1;0
26.07.2017 08:04:32;sgscl1n1;          4;          4;          2;          2;          1;         16;     262144;   1.000;1.05599999;.11600006;.00000000;.04799998;3039.50805664;3038.17602539;1.33200002;1013.61529541;150.23240447;.04523468;2.86429882;7835766784;3844452352;      0;      0;      0;      0;      0;      0;      0;      0;;;;;;;;;;;;;;;;;;;;;;;;;;;;;;;;;;;;;;;;;;;;;;;;;;;;;;;;;;;;   2.864; 113.678;  10.411;1727.380;   0.000;   0.000;   0.000;   0.000;   0.110; 1; 1; 1;       1;       2;       2;       4;       1;       1;0
26.07.2017 08:04:32;sgscl1n1;          4;          4;          2;          2;          1;         16;     262144;   1.000;1.07599998;.06400001;.00000000;.01199996;3039.46801758;3038.18798828;1.27999997;955.56185460;190.51890421;.04527211;2.86431074;7837409280;3846094848;      0;      0;      0;      0;      0;      0;      0;      0;;;;;;;;;;;;;;;;;;;;;;;;;;;;;;;;;;;;;;;;;;;;;;;;;;;;;;;;;;;;   2.864; 119.356;   4.732;1745.160;   0.000;   0.000;   0.000;   0.000;   0.060; 1; 1; 1;       1;       2;       2;       4;       1;       1;0
26.07.2017 08:04:32;sgscl1n1;          4;          4;          2;          2;          1;         16;     262144;   1.000;1.14000005;.12399995;.02400005;.29999995;3039.02807617;3037.16406250;1.86399996;1006.95657063;144.06636405;.04526782;2.86429477;7839334400;3848052736;      0;      2;      0;*******;      0;      0;      0;      0;          0.5900311470032;       1154.7149040699005;          0.0000197887421;          0.0299739837646;          0.0001580715179;       1006.9582238197327;        144.0673549175262;          0.0453062057495;          0.0528900623322;          3.5454070568085;          0.0001606941223;          0.0011358261108;       1006.9569387435913;        144.0662543773651;          0.0452640056610;        119.8136980533600;          8.6387281417847;          1.7943522930145;          0.0161449909210;          0.0289888381958;          0.0001158714294;;;;;;;;;;;;;;;;;;;;;;;;;;;;;;;;;;;;;;;   2.864; 119.288;   4.739;1739.500;   0.000;   0.000;   0.000;   0.000;   0.110; 1; 1; 1;       1;       2;       2;       4;       1;       1;0
26.07.2017 08:04:32;sgscl1n1;          4;          4;          2;          2;          1;         16;     262144;   1.000;.92000002;.13200003;.00000000;.03199995;3039.51611328;3038.32006836;1.19599998;1113.35691118;164.75685096;.04526496;2.86429977;7833178112;3841896448;      0;      0;      0;      0;      0;      0;      0;      0;;;;;;;;;;;;;;;;;;;;;;;;;;;;;;;;;;;;;;;;;;;;;;;;;;;;;;;;;;;;   2.864; 113.667;  10.422;1613.080;   0.000;   0.000;   0.000;   0.000;   0.130; 1; 1; 1;       1;       2;       2;       4;       1;       1;0
26.07.2017 08:05:38;sgscl1n1;          8;          8;          2;          2;          1;         32;       1024;   1.000;.02000000;.00000000;.00000000;.00800000;11.02399921;10.99199963;.03200000;5.37988448;.28546906;.07160878;3.88816500;504061952;256417792;      0;      0;      0;      0;      0;      0;      0;      0;;;;;;;;;;;;;;;;;;;;;;;;;;;;;;;;;;;;;;;;;;;;;;;;;;;;;;;;;;;;   3.888;   0.437;   0.032;   0.030;   0.000;   0.000;   0.000;   0.000;   0.000; 1; 1; 1;       1;       2;       2;       8;       1;       1;0
26.07.2017 08:05:38;sgscl1n1;          8;          8;          2;          2;          1;         32;       1024;   1.000;.02400000;.00000000;.00000000;.00000000;11.03600025;11.00800037;.02800000;5.34224987;.33330131;.07162595;3.88815784;504188928;256544768;      0;      0;      0;      0;      0;      0;      0;      0;;;;;;;;;;;;;;;;;;;;;;;;;;;;;;;;;;;;;;;;;;;;;;;;;;;;;;;;;;;;   3.888;   0.435;   0.033;   0.020;   0.000;   0.000;   0.000;   0.000;   0.000; 1; 1; 1;       1;       2;       2;       8;       1;       1;0
26.07.2017 08:05:38;sgscl1n1;          8;          8;          2;          2;          1;         32;       1024;   1.000;.02800000;.00000000;.00000000;.00000000;11.03199959;11.00399971;.02800000;4.84222531;.83092928;.07161832;3.88815856;500584448;252940288;      0;      0;      0;      0;      0;      0;      0;      0;;;;;;;;;;;;;;;;;;;;;;;;;;;;;;;;;;;;;;;;;;;;;;;;;;;;;;;;;;;;   3.888;   0.398;   0.071;   0.030;   0.000;   0.000;   0.000;   0.000;   0.000; 1; 1; 1;       1;       2;       2;       8;       1;       1;0
26.07.2017 08:05:38;sgscl1n1;          8;          8;          2;          2;          1;         32;       1024;   1.000;.03200000;.00000000;.00000000;.01600000;10.93600082;10.87600040;.06000000;4.87656355;.71552515;.07161093;3.88815188;501084160;253440000;      0;      2;      0;*******;      0;      0;      0;      0;          0.0609660148621;          5.6994364261627;          0.0000109672546;          0.0002124309540;          0.0001299381256;          4.8772952556610;          0.7160167694092;          0.0716531276703;          0.0003123283386;          0.0155887603760;          0.0000882148743;          0.0003881454468;          4.8766565322876;          0.7154161930084;          0.0716071128845;          0.5904407501221;          0.0635969638824;          0.0035064220428;          0.0233802795410;          0.0480537414551;          0.0001583099365;;;;;;;;;;;;;;;;;;;;;;;;;;;;;;;;;;;;;;;   3.888;   0.391;   0.057;   0.020;   0.000;   0.000;   0.000;   0.000;   0.000; 1; 1; 1;       1;       2;       2;       8;       1;       1;0
26.07.2017 08:05:38;sgscl1n1;          8;          8;          2;          2;          1;         32;       1024;   1.000;.03200000;.00800000;.00000000;.00800000;11.02400017;10.96399975;.06000000;5.35998917;.30264664;.07162380;3.88816309;505319424;257675264;      0;      0;      0;      0;      0;      0;      0;      0;;;;;;;;;;;;;;;;;;;;;;;;;;;;;;;;;;;;;;;;;;;;;;;;;;;;;;;;;;;;   3.888;   0.444;   0.025;   0.020;   0.000;   0.000;   0.000;   0.000;   0.000; 1; 1; 1;       1;       2;       2;       8;       1;       1;0
26.07.2017 08:05:38;sgscl1n1;          8;          8;          2;          2;          1;         32;       1024;   1.000;.04000000;.00000000;.00000000;.00400000;11.02399921;10.97999954;.04400000;5.34719920;.32947278;.07161713;3.88815880;503980032;256335872;      0;      0;      0;      0;      0;      0;      0;      0;;;;;;;;;;;;;;;;;;;;;;;;;;;;;;;;;;;;;;;;;;;;;;;;;;;;;;;;;;;;   3.888;   0.438;   0.031;   0.020;   0.000;   0.000;   0.000;   0.000;   0.000; 1; 1; 1;       1;       2;       2;       8;       1;       1;0
26.07.2017 08:05:38;sgscl1n1;          8;          8;          2;          2;          1;         32;       1024;   1.000;.04000000;.00400000;.00000000;.00000000;11.02400017;10.97599983;.04800000;5.36366200;.30714130;.07162976;3.88816309;504369152;256724992;      0;      0;      0;      0;      0;      0;      0;      0;;;;;;;;;;;;;;;;;;;;;;;;;;;;;;;;;;;;;;;;;;;;;;;;;;;;;;;;;;;;   3.888;   0.437;   0.032;   0.030;   0.000;   0.000;   0.000;   0.000;   0.000; 1; 1; 1;       1;       2;       2;       8;       1;       1;0
26.07.2017 08:05:38;sgscl1n1;          8;          8;          2;          2;          1;         32;       1024;   1.000;.04000000;.00800000;.00000000;.00000000;11.00000000;10.93599987;.06400000;5.35183644;.30689168;.07163429;3.88816166;505847808;258203648;      0;      0;      0;      0;      0;      0;      0;      0;;;;;;;;;;;;;;;;;;;;;;;;;;;;;;;;;;;;;;;;;;;;;;;;;;;;;;;;;;;;   3.888;   0.435;   0.034;   0.020;   0.000;   0.000;   0.000;   0.000;   0.010; 1; 1; 1;       1;       2;       2;       8;       1;       1;0
26.07.2017 08:06:23;sgscl1n1;          8;          8;          2;          2;          1;         32;       8192;   1.000;.03600000;.00000000;.00000000;.01200000;42.65200043;42.60400009;.04800000;30.97198439;3.05914187;.07165360;3.80829120;687005696;362283008;      0;      0;      0;      0;      0;      0;      0;      0;;;;;;;;;;;;;;;;;;;;;;;;;;;;;;;;;;;;;;;;;;;;;;;;;;;;;;;;;;;;   3.808;   2.653;   0.211;   0.340;   0.000;   0.000;   0.000;   0.000;   0.000; 1; 1; 1;       1;       2;       2;       8;       1;       1;0
26.07.2017 08:06:23;sgscl1n1;          8;          8;          2;          2;          1;         32;       8192;   1.000;.04800000;.00400000;.00000000;.00800000;42.63999939;42.57199860;.06800000;31.94344902;2.08741140;.07163358;3.80828547;683261952;358539264;      0;      0;      0;      0;      0;      0;      0;      0;;;;;;;;;;;;;;;;;;;;;;;;;;;;;;;;;;;;;;;;;;;;;;;;;;;;;;;;;;;;   3.808;   2.640;   0.212;   0.370;   0.000;   0.000;   0.000;   0.000;   0.000; 1; 1; 1;       1;       2;       2;       8;       1;       1;0
26.07.2017 08:06:23;sgscl1n1;          8;          8;          2;          2;          1;         32;       8192;   1.000;.06400000;.00799999;.00000000;.00000000;42.63199997;42.54000092;.09200000;31.07867551;2.93227863;.07165456;3.80828524;686768128;362045440;      0;      0;      0;      0;      0;      0;      0;      0;;;;;;;;;;;;;;;;;;;;;;;;;;;;;;;;;;;;;;;;;;;;;;;;;;;;;;;;;;;;   3.808;   2.662;   0.201;   0.350;   0.000;   0.000;   0.000;   0.000;   0.000; 1; 1; 1;       1;       2;       2;       8;       1;       1;0
26.07.2017 08:06:23;sgscl1n1;          8;          8;          2;          2;          1;         32;       8192;   1.000;.06400000;.01199999;.00000000;.00000000;42.65600204;42.58000183;.07600000;32.68444753;1.33169436;.07163548;3.80828953;686743552;362020864;      0;      0;      0;      0;      0;      0;      0;      0;;;;;;;;;;;;;;;;;;;;;;;;;;;;;;;;;;;;;;;;;;;;;;;;;;;;;;;;;;;;   3.808;   2.664;   0.200;   0.360;   0.000;   0.000;   0.000;   0.000;   0.000; 1; 1; 1;       1;       2;       2;       8;       1;       1;0
26.07.2017 08:06:23;sgscl1n1;          8;          8;          2;          2;          1;         32;       8192;   1.000;.07200000;.00800000;.00000000;.00400000;42.67599869;42.57199860;.10400000;32.46748900;1.62061048;.07163572;3.80828857;686772224;362049536;      0;      0;      0;      0;      0;      0;      0;      0;;;;;;;;;;;;;;;;;;;;;;;;;;;;;;;;;;;;;;;;;;;;;;;;;;;;;;;;;;;;   3.808;   2.654;   0.210;   0.310;   0.000;   0.000;   0.000;   0.000;   0.000; 1; 1; 1;       1;       2;       2;       8;       1;       1;0
26.07.2017 08:06:23;sgscl1n1;          8;          8;          2;          2;          1;         32;       8192;   1.000;.08400000;.00400000;.00000000;.00800000;42.65999985;42.56000137;.10000000;32.55688858;1.47968912;.07164168;3.80829334;688070656;363347968;      0;      0;      0;      0;      0;      0;      0;      0;;;;;;;;;;;;;;;;;;;;;;;;;;;;;;;;;;;;;;;;;;;;;;;;;;;;;;;;;;;;   3.808;   2.692;   0.160;   0.330;   0.000;   0.000;   0.000;   0.000;   0.000; 1; 1; 1;       1;       2;       2;       8;       1;       1;0
26.07.2017 08:06:23;sgscl1n1;          8;          8;          2;          2;          1;         32;       8192;   1.000;.08400000;.00800000;.00000000;.00400000;42.70399857;42.60400009;.10000000;32.46276689;1.60854030;.07165956;3.80828547;688566272;363843584;      0;      0;      0;      0;      0;      0;      0;      0;;;;;;;;;;;;;;;;;;;;;;;;;;;;;;;;;;;;;;;;;;;;;;;;;;;;;;;;;;;;   3.808;   2.689;   0.175;   0.320;   0.000;   0.000;   0.000;   0.000;   0.010; 1; 1; 1;       1;       2;       2;       8;       1;       1;0
26.07.2017 08:06:23;sgscl1n1;          8;          8;          2;          2;          1;         32;       8192;   1.000;.10400000;.01199999;.00400001;.02399999;42.52799988;42.35200119;.17600000;31.84819722;2.02938056;.07163382;3.80828285;683937792;359215104;      0;      2;      0;*******;      0;      0;      0;      0;          0.1327090263367;         34.0773580074310;          0.0000078678131;          0.0005714893341;          0.0001413822174;         31.8492667675018;          2.0300495624542;          0.0716779232025;          0.0012893676758;          0.1020052433014;          0.0001389980316;          0.0006549358368;         31.8483834266663;          2.0292332172394;          0.0716309547424;          1.2289435863495;          0.3708410263062;          0.0245051383972;          0.0238313674927;          0.0476272106171;          0.0001606941223;;;;;;;;;;;;;;;;;;;;;;;;;;;;;;;;;;;;;;;   3.808;   2.651;   0.197;   0.340;   0.000;   0.000;   0.000;   0.000;   0.010; 1; 1; 1;       1;       2;       2;       8;       1;       1;0
26.07.2017 08:11:48;sgscl1n1;          8;          8;          2;          2;          1;         32;      65536;   1.000;.42399999;.02000001;.00000000;.00799999;322.15600586;321.66000366;.49599999;247.87205577;14.29604840;.07410479;3.87396812;2147733504;993796096;      0;      0;      0;      0;      0;      0;      0;      0;;;;;;;;;;;;;;;;;;;;;;;;;;;;;;;;;;;;;;;;;;;;;;;;;;;;;;;;;;;;   3.874;  20.701;   1.543;  26.220;   0.000;   0.000;   0.000;   0.000;   0.010; 1; 1; 1;       1;       2;       2;       8;       1;       1;0
26.07.2017 08:11:48;sgscl1n1;          8;          8;          2;          2;          1;         32;      65536;   1.000;.42399999;.03200001;.00000000;.01600000;322.19998169;321.69198608;.50800002;217.21751571;44.33376288;.07404113;3.87401390;2151325696;997376000;      0;      0;      0;      0;      0;      0;      0;      0;;;;;;;;;;;;;;;;;;;;;;;;;;;;;;;;;;;;;;;;;;;;;;;;;;;;;;;;;;;;   3.874;  20.341;   1.911;  26.850;   0.000;   0.000;   0.000;   0.000;   0.010; 1; 1; 1;       1;       2;       2;       8;       1;       1;0
26.07.2017 08:11:48;sgscl1n1;          8;          8;          2;          2;          1;         32;      65536;   1.000;.43199999;.02800000;.01200002;.08399999;322.00399780;321.39199829;.61199999;246.79965186;14.47236753;.07407260;3.87402773;2149826560;995889152;      0;      2;      0;*******;      0;      0;      0;      0;          0.2447762489319;        262.2131450176239;          0.0000128746033;          0.0035946369171;          0.0002348423004;        246.8011388778687;         14.4732306003571;          0.0741262435913;          0.0140461921692;          0.8259768486023;          0.0001385211945;          0.0009603500366;        246.7999482154846;         14.4722170829773;          0.0740685462952;          8.1151719093323;          2.7803273200989;          0.3916511535645;          0.0251469612122;          0.0487389564514;          0.0001602172852;;;;;;;;;;;;;;;;;;;;;;;;;;;;;;;;;;;;;;;   3.874;  20.691;   1.524;  26.880;   0.000;   0.000;   0.000;   0.000;   0.010; 1; 1; 1;       1;       2;       2;       8;       1;       1;0
26.07.2017 08:11:48;sgscl1n1;          8;          8;          2;          2;          1;         32;      65536;   1.000;.43200001;.01600000;.00000000;.00399998;322.18399048;321.67599487;.50800002;248.80281687;12.63067484;.07404113;3.87401700;2152976384;999026688;      0;      0;      0;      0;      0;      0;      0;      0;;;;;;;;;;;;;;;;;;;;;;;;;;;;;;;;;;;;;;;;;;;;;;;;;;;;;;;;;;;;   3.874;  20.830;   1.418;  26.970;   0.000;   0.000;   0.000;   0.000;   0.000; 1; 1; 1;       1;       2;       2;       8;       1;       1;0
26.07.2017 08:11:48;sgscl1n1;          8;          8;          2;          2;          1;         32;      65536;   1.000;.43200001;.01600000;.00000000;.01599997;322.20800781;321.70001221;.50800002;215.48784804;46.56122994;.07405305;3.87401605;2151460864;997511168;      0;      0;      0;      0;      0;      0;      0;      0;;;;;;;;;;;;;;;;;;;;;;;;;;;;;;;;;;;;;;;;;;;;;;;;;;;;;;;;;;;;   3.874;  20.406;   1.845;  26.350;   0.000;   0.000;   0.000;   0.000;   0.000; 1; 1; 1;       1;       2;       2;       8;       1;       1;0
26.07.2017 08:11:48;sgscl1n1;          8;          8;          2;          2;          1;         32;      65536;   1.000;.44400001;.00799999;.00000000;.00800002;322.23199463;321.74398804;.48800001;248.41329217;13.09526396;.07408929;3.87401819;2152153088;998203392;      0;      0;      0;      0;      0;      0;      0;      0;;;;;;;;;;;;;;;;;;;;;;;;;;;;;;;;;;;;;;;;;;;;;;;;;;;;;;;;;;;;   3.874;  20.677;   1.575;  26.910;   0.000;   0.000;   0.000;   0.000;   0.000; 1; 1; 1;       1;       2;       2;       8;       1;       1;0
26.07.2017 08:11:48;sgscl1n1;          8;          8;          2;          2;          1;         32;      65536;   1.000;.44800000;.07200000;.00000000;.01600003;322.02801514;321.43200684;.59600002;248.05288148;14.06429791;.07406235;3.87400866;2150834176;996884480;      0;      0;      0;      0;      0;      0;      0;      0;;;;;;;;;;;;;;;;;;;;;;;;;;;;;;;;;;;;;;;;;;;;;;;;;;;;;;;;;;;;   3.874;  20.317;   1.935;  26.120;   0.000;   0.000;   0.000;   0.000;   0.060; 1; 1; 1;       1;       2;       2;       8;       1;       1;0
26.07.2017 08:11:48;sgscl1n1;          8;          8;          2;          2;          1;         32;      65536;   1.000;.45999999;.01600000;.00000000;.00400001;322.19598389;321.67999268;.51599997;252.14776826;10.12541485;.07404351;3.87400723;2150977536;997027840;      0;      0;      0;      0;      0;      0;      0;      0;;;;;;;;;;;;;;;;;;;;;;;;;;;;;;;;;;;;;;;;;;;;;;;;;;;;;;;;;;;;   3.874;  20.759;   1.493;  26.120;   0.000;   0.000;   0.000;   0.000;   0.020; 1; 1; 1;       1;       2;       2;       8;       1;       1;0
26.07.2017 08:13:06;sgscl1n1;         16;         16;          2;          2;          1;         64;       4096;   1.000;.12400001;1.59200002;.00000000;1.34800005;17.85199928;14.76799965;3.08400011;8.73171806;2.07701111;.08783627;4.68391991;574435328;300175360;      0;      2;      0;*******;      0;      0;      0;      0;          1.2025549411774;         10.9463031291962;          0.0000188350677;          0.0004305839539;          0.0002245903015;          8.7326784133911;          2.0777504444122;          0.0878860950470;          0.0005519390106;          0.0284121036530;          0.0001769065857;          0.0006730556488;          8.7318737506866;          2.0768718719482;          0.0878293514252;          0.8121321201324;          1.1473393440247;          0.0079174041748;          0.0234744548798;          0.0637521743774;          0.0005846023560;;;;;;;;;;;;;;;;;;;;;;;;;;;;;;;;;;;;;;;   4.684;   0.724;   0.203;   0.050;   0.000;   0.000;   0.000;   0.000;   0.000; 1; 1; 1;       1;       2;       2;      16;       1;       1;0
26.07.2017 08:13:06;sgscl1n1;         16;         16;          2;          2;          1;         64;       4096;   1.000;.14799999;.94399996;.00000000;1.54800010;19.34000015;16.52000046;2.81999993;9.29466796;2.64011407;.08721375;4.68369412;576667648;302587904;      0;      0;      0;      0;      0;      0;      0;      0;;;;;;;;;;;;;;;;;;;;;;;;;;;;;;;;;;;;;;;;;;;;;;;;;;;;;;;;;;;;   4.684;   0.771;   0.267;   0.050;   0.000;   0.000;   0.000;   0.000;   0.000; 1; 1; 1;       1;       2;       2;      16;       1;       1;0
26.07.2017 08:13:06;sgscl1n1;         16;         16;          2;          2;          1;         64;       4096;   1.000;.16400000;.76399998;.00000000;1.65200013;19.31599998;16.57200050;2.74399996;9.31388783;2.62107587;.08677578;4.68352222;593035264;301010944;      0;      0;      0;      0;      0;      0;      0;      0;;;;;;;;;;;;;;;;;;;;;;;;;;;;;;;;;;;;;;;;;;;;;;;;;;;;;;;;;;;;   4.684;   0.763;   0.274;   0.060;   0.000;   0.000;   0.000;   0.000;   0.000; 1; 1; 1;       1;       2;       2;      16;       1;       1;0
26.07.2017 08:13:06;sgscl1n1;         16;         16;          2;          2;          1;         64;       4096;   1.000;.16400000;.88800000;.00000000;1.62000012;19.32399940;16.51199913;2.81200004;9.32730460;2.60712242;.08779144;4.68388677;593342464;319082496;      0;      0;      0;      0;      0;      0;      0;      0;;;;;;;;;;;;;;;;;;;;;;;;;;;;;;;;;;;;;;;;;;;;;;;;;;;;;;;;;;;;   4.684;   0.776;   0.261;   0.050;   0.000;   0.000;   0.000;   0.000;   0.000; 1; 1; 1;       1;       2;       2;      16;       1;       1;0
26.07.2017 08:13:06;sgscl1n1;         16;         16;          2;          2;          1;         64;       4096;   1.000;.18000001;.95199996;.00000000;1.59200001;19.32400131;16.44000053;2.88400006;9.29349446;2.64122796;.08791709;4.68392372;576876544;302792704;      0;      0;      0;      0;      0;      0;      0;      0;;;;;;;;;;;;;;;;;;;;;;;;;;;;;;;;;;;;;;;;;;;;;;;;;;;;;;;;;;;;   4.684;   0.777;   0.260;   0.040;   0.000;   0.000;   0.000;   0.000;   0.010; 1; 1; 1;       1;       2;       2;      16;       1;       1;0
26.07.2017 08:13:06;sgscl1n1;         16;         16;          2;          2;          1;         64;       4096;   1.000;.18399999;.70800003;.00000000;1.70399988;19.30800056;16.54400063;2.76399994;9.36878657;2.56573319;.08696127;4.68372416;576753664;302493696;      0;      0;      0;      0;      0;      0;      0;      0;;;;;;;;;;;;;;;;;;;;;;;;;;;;;;;;;;;;;;;;;;;;;;;;;;;;;;;;;;;;   4.684;   0.762;   0.275;   0.050;   0.000;   0.000;   0.000;   0.000;   0.000; 1; 1; 1;       1;       2;       2;      16;       1;       1;0
26.07.2017 08:13:06;sgscl1n1;         16;         16;          2;          2;          1;         64;       4096;   1.000;.18399999;.94399998;.00000000;1.58800006;19.32400131;16.41600037;2.90799999;9.28277421;2.65216637;.08696747;4.68357897;592924672;318664704;      0;      0;      0;      0;      0;      0;      0;      0;;;;;;;;;;;;;;;;;;;;;;;;;;;;;;;;;;;;;;;;;;;;;;;;;;;;;;;;;;;;   4.684;   0.759;   0.278;   0.050;   0.000;   0.000;   0.000;   0.000;   0.000; 1; 1; 1;       1;       2;       2;      16;       1;       1;0
26.07.2017 08:13:06;sgscl1n1;         16;         16;          2;          2;          1;         64;       4096;   1.000;.21200000;.92799999;.00000000;2.01199996;19.33599854;16.03599930;3.29999995;8.80670667;3.12838626;.08686590;4.68351984;577544192;303464448;      0;      0;      0;      0;      0;      0;      0;      0;;;;;;;;;;;;;;;;;;;;;;;;;;;;;;;;;;;;;;;;;;;;;;;;;;;;;;;;;;;;   4.684;   0.767;   0.271;   0.040;   0.000;   0.000;   0.000;   0.000;   0.010; 1; 1; 1;       1;       2;       2;      16;       1;       1;0
26.07.2017 08:13:06;sgscl1n2;         16;         16;          2;          2;          1;         64;       4096;   1.000;.35600001;.73199999;.00000000;1.59200001;19.51200104;16.73600006;2.77600002;9.38997364;2.43966985;.08665204;4.68342400;587862016;301064192;      0;      0;      0;      0;      0;      0;      0;      0;;;;;;;;;;;;;;;;;;;;;;;;;;;;;;;;;;;;;;;;;;;;;;;;;;;;;;;;;;;;   4.683;   0.758;   0.277;   0.040;   0.000;   0.000;   0.000;   0.000;   0.000; 1; 1; 1;       1;       2;       2;      16;       1;       1;0
26.07.2017 08:13:06;sgscl1n2;         16;         16;          2;          2;          1;         64;       4096;   1.000;.36399999;.75600001;.00000000;1.48400009;19.38400078;16.70800018;2.67600012;9.24015832;2.48670721;.08811641;4.68377399;577835008;303575040;      0;      0;      0;      0;      0;      0;      0;      0;;;;;;;;;;;;;;;;;;;;;;;;;;;;;;;;;;;;;;;;;;;;;;;;;;;;;;;;;;;;   4.684;   0.758;   0.277;   0.050;   0.000;   0.000;   0.000;   0.000;   0.010; 1; 1; 1;       1;       2;       2;      16;       1;       1;0
26.07.2017 08:13:06;sgscl1n2;         16;         16;          2;          2;          1;         64;       4096;   1.000;.37199999;.72400004;.00000000;1.41200006;19.30799866;16.71999931;2.58800006;9.35315418;2.28673625;.08670020;4.68336368;593637376;302039040;      0;      0;      0;      0;      0;      0;      0;      0;;;;;;;;;;;;;;;;;;;;;;;;;;;;;;;;;;;;;;;;;;;;;;;;;;;;;;;;;;;;   4.683;   0.757;   0.278;   0.050;   0.000;   0.000;   0.000;   0.000;   0.000; 1; 1; 1;       1;       2;       2;      16;       1;       1;0
26.07.2017 08:13:06;sgscl1n2;         16;         16;          2;          2;          1;         64;       4096;   1.000;.38800001;1.56400001;.00000000;1.97200000;19.39999962;15.39200020;4.00799990;8.76742315;2.96623731;.08812070;4.68377566;573100032;298840064;      0;      0;      0;      0;      0;      0;      0;      0;;;;;;;;;;;;;;;;;;;;;;;;;;;;;;;;;;;;;;;;;;;;;;;;;;;;;;;;;;;;   4.684;   0.719;   0.317;   0.050;   0.000;   0.000;   0.000;   0.000;   0.000; 1; 1; 1;       1;       2;       2;      16;       1;       1;0
26.07.2017 08:13:06;sgscl1n2;         16;         16;          2;          2;          1;         64;       4096;   1.000;.40000001;.65999994;.00000000;1.40799999;19.37199974;16.83600044;2.53600001;9.30079198;2.42559886;.08712077;4.68357658;592322560;299958272;      0;      0;      0;      0;      0;      0;      0;      0;;;;;;;;;;;;;;;;;;;;;;;;;;;;;;;;;;;;;;;;;;;;;;;;;;;;;;;;;;;;   4.684;   0.759;   0.276;   0.050;   0.000;   0.000;   0.000;   0.000;   0.000; 1; 1; 1;       1;       2;       2;      16;       1;       1;0
26.07.2017 08:13:06;sgscl1n2;         16;         16;          2;          2;          1;         64;       4096;   1.000;.40400001;.74799994;.00000000;1.39199996;19.29199982;16.65600014;2.63599992;9.29168391;2.34185410;.08740997;4.68366647;576548864;302288896;      0;      0;      0;      0;      0;      0;      0;      0;;;;;;;;;;;;;;;;;;;;;;;;;;;;;;;;;;;;;;;;;;;;;;;;;;;;;;;;;;;;   4.684;   0.757;   0.279;   0.050;   0.000;   0.000;   0.000;   0.000;   0.000; 1; 1; 1;       1;       2;       2;      16;       1;       1;0
26.07.2017 08:13:06;sgscl1n2;         16;         16;          2;          2;          1;         64;       4096;   1.000;.41999999;.65200004;.00000000;1.51600003;19.42799950;16.76000023;2.66799998;9.30970120;2.42633653;.08700013;4.68352151;592355328;299933696;      0;      0;      0;      0;      0;      0;      0;      0;;;;;;;;;;;;;;;;;;;;;;;;;;;;;;;;;;;;;;;;;;;;;;;;;;;;;;;;;;;;   4.684;   0.759;   0.276;   0.050;   0.000;   0.000;   0.000;   0.000;   0.000; 1; 1; 1;       1;       2;       2;      16;       1;       1;0
26.07.2017 08:13:06;sgscl1n2;         16;         16;          2;          2;          1;         64;       4096;   1.000;.42399999;.68799999;.00000000;1.88400006;19.38399887;16.37999916;3.00399995;8.67740822;3.14557266;.08681965;4.68345475;579059712;305160192;      0;      0;      0;      0;      0;      0;      0;      0;;;;;;;;;;;;;;;;;;;;;;;;;;;;;;;;;;;;;;;;;;;;;;;;;;;;;;;;;;;;   4.683;   0.758;   0.278;   0.050;   0.000;   0.000;   0.000;   0.000;   0.000; 1; 1; 1;       1;       2;       2;      16;       1;       1;0
26.07.2017 08:15:56;sgscl1n1;         16;         16;          2;          2;          1;         64;      65536;   1.000;.50800002;1.44800001;.00000000;22.69600010;166.94000244;142.10800171;24.83200073;99.49201965;37.32726502;.08712077;4.58560562;2073587712;927154176;      0;      0;      0;      0;      0;      0;      0;      0;;;;;;;;;;;;;;;;;;;;;;;;;;;;;;;;;;;;;;;;;;;;;;;;;;;;;;;;;;;;   4.586;  10.311;   1.557;   6.470;   0.000;   0.000;   0.000;   0.000;   0.020; 1; 1; 1;       1;       2;       2;      16;       1;       1;0
26.07.2017 08:15:56;sgscl1n1;         16;         16;          2;          2;          1;         64;      65536;   1.000;.52399999;1.26000005;.00000000;4.74800003;166.91600037;160.21600342;6.69999981;125.36472726;11.44727468;.08858514;4.58581495;2071973888;925540352;      0;      0;      0;      0;      0;      0;      0;      0;;;;;;;;;;;;;;;;;;;;;;;;;;;;;;;;;;;;;;;;;;;;;;;;;;;;;;;;;;;;   4.586;  10.522;   1.346;   6.390;   0.000;   0.000;   0.000;   0.000;   0.010; 1; 1; 1;       1;       2;       2;      16;       1;       1;0
26.07.2017 08:15:56;sgscl1n1;         16;         16;          2;          2;          1;         64;      65536;   1.000;.52800000;1.52000010;.00000000;5.05999970;166.99198914;159.70399475;7.28800011;124.79373145;12.11926913;.08731174;4.58578014;2072805376;926371840;      0;      0;      0;      0;      0;      0;      0;      0;;;;;;;;;;;;;;;;;;;;;;;;;;;;;;;;;;;;;;;;;;;;;;;;;;;;;;;;;;;;   4.586;  10.237;   1.631;   6.370;   0.000;   0.000;   0.000;   0.000;   0.000; 1; 1; 1;       1;       2;       2;      16;       1;       1;0
26.07.2017 08:15:56;sgscl1n1;         16;         16;          2;          2;          1;         64;      65536;   1.000;.53600001;1.21200001;.00000000;5.25199997;167.03999329;159.83999634;7.19999981;124.91771436;11.88639903;.08823085;4.58580899;2072842240;926408704;      0;      0;      0;      0;      0;      0;      0;      0;;;;;;;;;;;;;;;;;;;;;;;;;;;;;;;;;;;;;;;;;;;;;;;;;;;;;;;;;;;;   4.586;  10.422;   1.442;   6.520;   0.000;   0.000;   0.000;   0.000;   0.020; 1; 1; 1;       1;       2;       2;      16;       1;       1;0
26.07.2017 08:15:56;sgscl1n1;         16;         16;          2;          2;          1;         64;      65536;   1.000;.54799998;1.24000001;.00000000;9.54399979;167.00799561;155.48399353;11.52400017;118.32645369;18.49688482;.08726811;4.58564377;2073321472;926887936;      0;      0;      0;      0;      0;      0;      0;      0;;;;;;;;;;;;;;;;;;;;;;;;;;;;;;;;;;;;;;;;;;;;;;;;;;;;;;;;;;;;   4.586;  10.243;   1.624;   6.470;   0.000;   0.000;   0.000;   0.000;   0.010; 1; 1; 1;       1;       2;       2;      16;       1;       1;0
26.07.2017 08:15:56;sgscl1n1;         16;         16;          2;          2;          1;         64;      65536;   1.000;.54799998;1.28400004;.00000000;5.35999990;167.04000854;159.65600586;7.38399982;124.43608880;12.37194467;.08795571;4.58587694;2073079808;926646272;      0;      0;      0;      0;      0;      0;      0;      0;;;;;;;;;;;;;;;;;;;;;;;;;;;;;;;;;;;;;;;;;;;;;;;;;;;;;;;;;;;;   4.586;  10.415;   1.452;   6.520;   0.000;   0.000;   0.000;   0.000;   0.010; 1; 1; 1;       1;       2;       2;      16;       1;       1;0
26.07.2017 08:15:56;sgscl1n1;         16;         16;          2;          2;          1;         64;      65536;   1.000;.58400000;1.75199991;.00800014;4.78399992;165.42401123;158.16000366;7.26399994;124.02805781;11.48847461;.08865023;4.58576560;2078490624;932057088;      0;      2;      0;*******;      0;      0;      0;      0;          1.3947947025299;        136.0628781318665;          0.0000143051147;          0.0018825531006;          0.0003783702850;        124.0295515060425;         11.4894306659698;          0.0886969566345;          0.0064523220062;          0.4152007102966;          0.0002281665802;          0.0010468959808;        124.0283396244049;         11.4883482456207;          0.0886421203613;          3.9511895179749;          5.7536973953247;          0.1675586700439;          0.0245590209961;          0.0639138221741;          0.0001492500305;;;;;;;;;;;;;;;;;;;;;;;;;;;;;;;;;;;;;;;   4.586;  10.344;   1.400;   6.330;   0.000;   0.000;   0.000;   0.000;   0.020; 1; 1; 1;       1;       2;       2;      16;       1;       1;0
26.07.2017 08:15:56;sgscl1n1;         16;         16;          2;          2;          1;         64;      65536;   1.000;.59999997;1.37199998;.00000000;4.82400024;166.92800903;159.93200684;6.99599981;125.36763477;11.45360851;.08755898;4.58585405;2071879680;925446144;      0;      0;      0;      0;      0;      0;      0;      0;;;;;;;;;;;;;;;;;;;;;;;;;;;;;;;;;;;;;;;;;;;;;;;;;;;;;;;;;;;;   4.586;  10.339;   1.528;   6.380;   0.000;   0.000;   0.000;   0.000;   0.010; 1; 1; 1;       1;       2;       2;      16;       1;       1;0
26.07.2017 08:15:56;sgscl1n2;         16;         16;          2;          2;          1;         64;      65536;   1.000;.58399999;1.13600004;.00000000;4.70399976;166.56399536;160.03999329;6.52400017;125.15248704;11.48629093;.08905864;4.58587790;2072981504;926547968;      0;      0;      0;      0;      0;      0;      0;      0;;;;;;;;;;;;;;;;;;;;;;;;;;;;;;;;;;;;;;;;;;;;;;;;;;;;;;;;;;;;   4.586;  10.311;   1.556;   6.330;   0.000;   0.000;   0.000;   0.000;   0.010; 1; 1; 1;       1;       2;       2;      16;       1;       1;0
26.07.2017 08:15:56;sgscl1n2;         16;         16;          2;          2;          1;         64;      65536;   1.000;.58800000;1.24400002;.00000000;4.41199994;166.47200012;160.10800171;6.36399984;125.56717849;11.08128595;.08732057;4.58557868;2072113152;925679616;      0;      0;      0;      0;      0;      0;      0;      0;;;;;;;;;;;;;;;;;;;;;;;;;;;;;;;;;;;;;;;;;;;;;;;;;;;;;;;;;;;;   4.586;  10.258;   1.609;   6.240;   0.000;   0.000;   0.000;   0.000;   0.010; 1; 1; 1;       1;       2;       2;      16;       1;       1;0
26.07.2017 08:15:56;sgscl1n2;         16;         16;          2;          2;          1;         64;      65536;   1.000;.65200002;1.24399996;.00000000;9.16000044;166.26800537;155.08399963;11.18400002;118.80929685;17.41820860;.08739185;4.58575296;2073989120;927555584;      0;      0;      0;      0;      0;      0;      0;      0;;;;;;;;;;;;;;;;;;;;;;;;;;;;;;;;;;;;;;;;;;;;;;;;;;;;;;;;;;;;   4.586;  10.259;   1.609;   6.450;   0.000;   0.000;   0.000;   0.000;   0.040; 1; 1; 1;       1;       2;       2;      16;       1;       1;0
26.07.2017 08:15:56;sgscl1n2;         16;         16;          2;          2;          1;         64;      65536;   1.000;.65600003;1.33999997;.00000000;4.37200022;166.40400696;159.93600464;6.46799994;125.41448116;10.89366913;.08807898;4.58576393;2071744512;925310976;      0;      0;      0;      0;      0;      0;      0;      0;;;;;;;;;;;;;;;;;;;;;;;;;;;;;;;;;;;;;;;;;;;;;;;;;;;;;;;;;;;;   4.586;  10.244;   1.623;   6.520;   0.000;   0.000;   0.000;   0.000;   0.000; 1; 1; 1;       1;       2;       2;      16;       1;       1;0
26.07.2017 08:15:56;sgscl1n2;         16;         16;          2;          2;          1;         64;      65536;   1.000;.65999997;1.30400008;.00000000;4.34399974;166.28399658;159.86000061;6.42399979;125.37144923;10.95312810;.08734989;4.58561778;2073509888;927076352;      0;      0;      0;      0;      0;      0;      0;      0;;;;;;;;;;;;;;;;;;;;;;;;;;;;;;;;;;;;;;;;;;;;;;;;;;;;;;;;;;;;   4.586;  10.297;   1.570;   6.370;   0.000;   0.000;   0.000;   0.000;   0.010; 1; 1; 1;       1;       2;       2;      16;       1;       1;0
26.07.2017 08:15:56;sgscl1n2;         16;         16;          2;          2;          1;         64;      65536;   1.000;.67600000;1.24800003;.00000000;4.54800010;166.36000061;159.86000061;6.50000000;125.19315863;11.23042798;.08760715;4.58567977;2072363008;925929472;      0;      0;      0;      0;      0;      0;      0;      0;;;;;;;;;;;;;;;;;;;;;;;;;;;;;;;;;;;;;;;;;;;;;;;;;;;;;;;;;;;;   4.586;  10.228;   1.640;   6.500;   0.000;   0.000;   0.000;   0.000;   0.010; 1; 1; 1;       1;       2;       2;      16;       1;       1;0
26.07.2017 08:15:56;sgscl1n2;         16;         16;          2;          2;          1;         64;      65536;   1.000;.70400000;1.30800009;.00000000;23.02800083;166.40800476;141.24400330;25.16399956;99.39884567;37.00952268;.08728123;4.58569908;2074861568;928428032;      0;      0;      0;      0;      0;      0;      0;      0;;;;;;;;;;;;;;;;;;;;;;;;;;;;;;;;;;;;;;;;;;;;;;;;;;;;;;;;;;;;   4.586;  10.310;   1.558;   6.430;   0.000;   0.000;   0.000;   0.000;   0.010; 1; 1; 1;       1;       2;       2;      16;       1;       1;0
26.07.2017 08:15:56;sgscl1n2;         16;         16;          2;          2;          1;         64;      65536;   1.000;.71200001;2.08399999;.00000000;4.55600023;166.35600281;158.88000488;7.47599983;125.02767634;11.27725577;.08927321;4.58588648;2069295104;922861568;      0;      0;      0;      0;      0;      0;      0;      0;;;;;;;;;;;;;;;;;;;;;;;;;;;;;;;;;;;;;;;;;;;;;;;;;;;;;;;;;;;;   4.586;  10.264;   1.604;   6.510;   0.000;   0.000;   0.000;   0.000;   0.020; 1; 1; 1;       1;       2;       2;      16;       1;       1;0
26.07.2017 13:25:29;sgscl1n1;          1;          1;          2;          2;          1;          4;         64;   1.000;.01200000;.00000000;.00000000;.00800000;2.22000003;2.19199991;.02800000;1.35092258;.03660631;.01255035;.30065489;295546880;228982784;      0;      2;      0;*******;      0;      0;      0;      0;          0.0476295948029;          1.4209256172180;          0.0000081062317;          0.0001046657562;          0.0000417232513;          1.3513069152832;          0.0368309020996;          0.0125753879547;          0.0001134872437;          0.0040740966797;          0.0000545978546;          0.0001544952393;          1.3509728908539;          0.0365576744080;          0.0125474929810;          0.0140905380249;          0.0085661411285;          0.0009415149689;          0.0062549114227;          0.0062384605408;          0.0000452995300;;;;;;;;;;;;;;;;;;;;;;;;;;;;;;;;;;;;;;;   0.301;   0.133;   0.004;   0.010;   0.000;   0.000;   0.000;   0.000;   0.000; 1; 1; 1;       1;       2;       2;       1;       1;       1;0
26.07.2017 13:25:34;sgscl1n1;          1;          1;          2;          2;          1;          4;        128;   1.000;.02000000;.00000000;.00000000;.00000000;2.49600005;2.47600007;.02000000;1.48536801;.05977988;.01258779;.31277800;298221568;231657472;      0;      2;      0;*******;      0;      0;      0;      0;          0.0484566688538;          1.5825047492981;          0.0000057220459;          0.0001285076141;          0.0000410079956;          1.4857687950134;          0.0600099563599;          0.0126059055328;          0.0001540184021;          0.0068371295929;          0.0000550746918;          0.0001780986786;          1.4854230880737;          0.0597338676453;          0.0125858783722;          0.0215444564819;          0.0122482776642;          0.0013833045959;          0.0063400268555;          0.0061857700348;          0.0000491142273;;;;;;;;;;;;;;;;;;;;;;;;;;;;;;;;;;;;;;;   0.313;   0.230;   0.007;   0.020;   0.000;   0.000;   0.000;   0.000;   0.000; 1; 1; 1;       1;       2;       2;       1;       1;       1;0
26.07.2017 13:25:43;sgscl1n1;          1;          1;          2;          2;          1;          4;        256;   1.000;.00800000;.00400000;.00000000;.01200000;6.18400002;6.15600014;.02800000;4.85648203;.12219477;.01246166;.29662204;303771648;237207552;      0;      2;      0;*******;      0;      0;      0;      0;          0.0529546737671;          5.0230226516724;          0.0000088214874;          0.0001454353333;          0.0000400543213;          4.8568785190582;          0.1224372386932;          0.0124821662903;          0.0002121925354;          0.0123498439789;          0.0000367164612;          0.0001926422119;          4.8565421104431;          0.1221356391907;          0.0124588012695;          0.0533039569855;          0.0194873809814;          0.0022857189178;          0.0062017440796;          0.0061922073364;          0.0000505447388;;;;;;;;;;;;;;;;;;;;;;;;;;;;;;;;;;;;;;;   0.297;   0.461;   0.012;   0.030;   0.000;   0.000;   0.000;   0.000;   0.010; 1; 1; 1;       1;       2;       2;       1;       1;       1;0
26.07.2017 13:25:57;sgscl1n1;          1;          1;          2;          2;          1;          4;        512;   1.000;.02000000;.00400000;.00000000;.01600000;11.58799934;11.54399967;.04400000;9.65957904;.22711873;.01302338;.30509281;314601472;243462144;      0;      2;      0;*******;      0;      0;      0;      0;          0.0551640987396;          9.9438149929047;          0.0000092983246;          0.0001518726349;          0.0000379085541;          9.6600399017334;          0.2273695468903;          0.0130434036255;          0.0003266334534;          0.0243041515350;          0.0000457763672;          0.0001893043518;          9.6596357822418;          0.2270569801331;          0.0130147933960;          0.0983481407166;          0.0343351364136;          0.0040993690491;          0.0064599514008;          0.0064992904663;          0.0000445842743;;;;;;;;;;;;;;;;;;;;;;;;;;;;;;;;;;;;;;;   0.305;   0.877;   0.022;   0.070;   0.000;   0.000;   0.000;   0.000;   0.000; 1; 1; 1;       1;       2;       2;       1;       1;       1;0
26.07.2017 13:26:22;sgscl1n1;          1;          1;          2;          2;          1;          4;       1024;   1.000;.01600000;.00000000;.00000000;.00400000;22.55200005;22.52799988;.02400000;19.38197994;.45102811;.01241112;.28880787;336642048;261066752;      0;      2;      0;*******;      0;      0;      0;      0;          0.0602881908417;         19.9108521938324;          0.0000116825104;          0.0002431869507;          0.0000700950623;         19.3824450969696;          0.4512660503387;          0.0124347209930;          0.0005586147308;          0.0456030368805;          0.0000534057617;          0.0002009868622;         19.3820490837097;          0.4509561061859;          0.0124089717865;          0.1956887245178;          0.0636351108551;          0.0083410739899;          0.0061759948730;          0.0061678886414;          0.0000531673431;;;;;;;;;;;;;;;;;;;;;;;;;;;;;;;;;;;;;;;   0.289;   1.723;   0.045;   0.180;   0.000;   0.000;   0.000;   0.000;   0.000; 1; 1; 1;       1;       2;       2;       1;       1;       1;0
26.07.2017 13:27:08;sgscl1n1;          1;          1;          2;          2;          1;          4;       2048;   1.000;.01600000;.00000000;.00000000;.00400000;43.99600220;43.96400070;.03200000;38.20950913;.86644101;.01266789;.29884458;380510208;296062976;      0;      2;      0;*******;      0;      0;      0;      0;          0.0659935474396;         39.1972670555115;          0.0000123977661;          0.0003681182861;          0.0000398159027;         38.2100017070770;          0.8667135238647;          0.0126934051514;          0.0010175704956;          0.0877156257629;          0.0000820159912;          0.0002312660217;         38.2095830440521;          0.8663740158081;          0.0126667022705;          0.3637359142303;          0.1237144470215;          0.0207738876343;          0.0062313079834;          0.0063755512238;          0.0000479221344;;;;;;;;;;;;;;;;;;;;;;;;;;;;;;;;;;;;;;;   0.299;   3.381;   0.087;   0.550;   0.000;   0.000;   0.000;   0.000;   0.000; 1; 1; 1;       1;       2;       2;       1;       1;       1;0
26.07.2017 13:28:38;sgscl1n1;          1;          1;          2;          2;          1;          4;       4096;   1.000;.02800000;.02000000;.00000000;.00800000;88.12000275;88.05200195;.06800000;75.93144989;1.77470851;.01254344;.29544473;468508672;366317568;      0;      2;      0;*******;      0;      0;      0;      0;          0.0783524513245;         77.9215207099915;          0.0000126361847;          0.0009222030640;          0.0000529289246;         75.9320888519287;          1.7750167846680;          0.0125720500946;          0.0019721984863;          0.1807007789612;          0.0001280307770;          0.0003366470337;         75.9315433502197;          1.7746257781982;          0.0125424861908;          0.7350003719330;          0.2449681758881;          0.0471556186676;          0.0061793327332;          0.0063011646271;          0.0000529289246;;;;;;;;;;;;;;;;;;;;;;;;;;;;;;;;;;;;;;;   0.295;   6.725;   0.179;   2.340;   0.000;   0.000;   0.000;   0.000;   0.020; 1; 1; 1;       1;       2;       2;       1;       1;       1;0
26.07.2017 13:31:41;sgscl1n1;          1;          1;          2;          2;          1;          4;       8192;   1.000;.06000000;.00799999;.00000000;.04000000;180.04400635;179.91600037;.12800001;150.36596584;3.59247851;.01232862;.29480433;645857280;485715968;      0;      2;      0;*******;      0;      0;      0;      0;          0.0998270511627;        154.3606629371643;          0.0000104904175;          0.0020773410797;          0.0000519752502;        150.3669319152832;          3.5929818153381;          0.0123558044434;          0.0038669109344;          0.3644783496857;          0.0001966953278;          0.0005569458008;        150.3661830425262;          3.5923640727997;          0.0123226642609;          1.4855215549469;          0.5119931697845;          0.0919046401978;          0.0059897899628;          0.0062720775604;          0.0000467300415;;;;;;;;;;;;;;;;;;;;;;;;;;;;;;;;;;;;;;;   0.295;  13.380;   0.378;  10.640;   0.000;   0.000;   0.000;   0.000;   0.010; 1; 1; 1;       1;       2;       2;       1;       1;       1;0
26.07.2017 13:38:06;sgscl1n1;          1;          1;          2;          2;          1;          4;      16384;   1.000;.11600000;.02800000;.00400001;.04799999;382.23199463;382.00000000;.23199999;302.10926414;7.41397429;.01283503;.29808283;989589504;704040960;      0;      2;      0;*******;      0;      0;      0;      0;          0.1395921707153;        310.2908680438995;          0.0000100135803;          0.0037736892700;          0.0000469684601;        302.1106452941895;          7.4147183895111;          0.0128641128540;          0.0075891017914;          0.7252469062805;          0.0001823902130;          0.0008811950684;        302.1095244884491;          7.4138600826263;          0.0128300189972;          3.0414681434631;          1.0506963729858;          0.1885578632355;          0.0062110424042;          0.0065619945526;          0.0000469684601;;;;;;;;;;;;;;;;;;;;;;;;;;;;;;;;;;;;;;;   0.298;  26.827;   0.771;  42.380;   0.000;   0.000;   0.000;   0.000;   0.020; 1; 1; 1;       1;       2;       2;       1;       1;       1;0
26.07.2017 13:52:08;sgscl1n1;          1;          1;          2;          2;          1;          4;      32768;   1.000;.16000000;.03999999;.00800000;.06800000;839.29199219;838.95599365;.33600000;599.05353093;15.17403483;.01326418;.30140591;1697824768;1072840704;      0;      2;      0;*******;      0;      0;      0;      0;          0.2366373538971;        615.8279411792755;          0.0000121593475;          0.0082666873932;          0.0000545978546;        599.0548660755157;         15.1748025417328;          0.0133011341095;          0.0146551132202;          1.5352635383606;          0.0002226829529;          0.0009186267853;        599.0537993907928;         15.1739144325256;          0.0132641792297;          6.3470449447632;          2.1138861179352;          0.3850436210632;          0.0065021514893;          0.0066938400269;          0.0000569820404;;;;;;;;;;;;;;;;;;;;;;;;;;;;;;;;;;;;;;;   0.301;  53.431;   1.609; 165.020;   0.000;   0.000;   0.000;   0.000;   0.040; 1; 1; 1;       1;       2;       2;       1;       1;       1;0
26.07.2017 14:24:45;sgscl1n1;          1;          1;          2;          2;          1;          4;      65536;   1.000;.36800000;.10800001;.01600000;.09999999;1954.30004883;1953.59204102;.70800000;1195.19277143;29.54136205;.01333547;.30432701;3102298112;1861701632;      0;      2;      0;*******;      0;      0;      0;      0;          0.2963862419128;       1227.7918589115143;          0.0000133514404;          0.0189990997314;          0.0000674724579;       1195.1942679882050;         29.5421872138977;          0.0133697986603;          0.0310859680176;          2.9758095741272;          0.0002117156982;          0.0009841918945;       1195.1930949687958;         29.5412375926971;          0.0133306980133;         11.7619328498840;          4.2063384056091;          0.7202682495117;          0.0065250396729;          0.0067403316498;          0.0000576972961;;;;;;;;;;;;;;;;;;;;;;;;;;;;;;;;;;;;;;;   0.304; 106.967;   3.119; 610.150;   0.000;   0.000;   0.000;   0.000;   0.100; 1; 1; 1;       1;       2;       2;       1;       1;       1;0
26.07.2017 16:03:05;sgscl1n1;          1;          1;          2;          2;          1;          4;     131072;   1.000;.57999999;.15200001;.02800000;.16799998;5896.56787109;5895.45605469;1.11199999;2383.75368619;59.92212725;.01345181;.29285693;5945065472;3530752000;      0;      2;      0;*******;      0;      0;      0;      0;          0.4376029968262;       2449.8822345733643;          0.0000116825104;          0.0388350486755;          0.0000607967377;       2383.7555105686188;         59.9230649471283;          0.0134868621826;          0.0604293346405;          6.0745251178741;          0.0002553462982;          0.0012567043304;       2383.7541050910950;         59.9219999313354;          0.0134499073029;         24.5180196762085;          8.4345486164093;          1.4763243198395;          0.0066006183624;          0.0067770481110;          0.0000619888306;;;;;;;;;;;;;;;;;;;;;;;;;;;;;;;;;;;;;;;   0.293; 213.573;   6.467;3214.550;   0.000;   0.000;   0.000;   0.000;   0.140; 1; 1; 1;       1;       2;       2;       1;       1;       1;0
