hodgkin_huxley_implicit_euler;20.0;0.0;0.0001
hodgkin_huxley_implicit_euler;20.0;0.0;6.81292e-05
hodgkin_huxley_implicit_euler;20.0;0.0;4.64145e-05
hodgkin_huxley_implicit_euler;20.0;0.0;3.16226e-05
hodgkin_huxley_implicit_euler;20.0;0.0;2.15443e-05
hodgkin_huxley_implicit_euler;20.0;0.0;1.46778e-05
hodgkin_huxley_implicit_euler;20.0;0.0;1e-05
hodgkin_huxley_implicit_euler;20.0;0.0;6.81292e-06
hodgkin_huxley_implicit_euler;20.0;0.0;4.64158e-06
hodgkin_huxley_implicit_euler;20.0;0.0;3.16226e-05
hodgkin_huxley_implicit_euler;20.0;0.0;1.46778e-05
hodgkin_huxley_implicit_euler;20.0;0.0;1e-05
hodgkin_huxley_implicit_euler;20.0;0.0;6.81292e-06
hodgkin_huxley_implicit_euler;20.0;0.0;4.64158e-06
hodgkin_huxley_implicit_euler;20.0;0.0;3.16228e-06
hodgkin_huxley_implicit_euler;20.0;0.0;2.15443e-06
hodgkin_huxley_implicit_euler;20.0;0.0;1.4678e-06
hodgkin_huxley_implicit_euler;20.0;0.0;1e-06
hodgkin_huxley_implicit_euler;40.0;0.0;0.0001
hodgkin_huxley_implicit_euler;40.0;0.0;6.81292e-05
hodgkin_huxley_implicit_euler;40.0;0.0;4.64145e-05
hodgkin_huxley_implicit_euler;40.0;0.0;3.16226e-05
hodgkin_huxley_implicit_euler;40.0;0.0;2.15443e-05
hodgkin_huxley_implicit_euler;40.0;0.0;1.46778e-05
hodgkin_huxley_implicit_euler;40.0;0.0;1e-05
hodgkin_huxley_implicit_euler;40.0;0.0;6.81292e-06
hodgkin_huxley_implicit_euler;40.0;0.0;4.64158e-06
hodgkin_huxley_implicit_euler;40.0;0.0;3.16226e-05
hodgkin_huxley_implicit_euler;40.0;0.0;1.46778e-05
hodgkin_huxley_implicit_euler;40.0;0.0;1e-05
hodgkin_huxley_implicit_euler;40.0;0.0;6.81292e-06
hodgkin_huxley_implicit_euler;40.0;0.0;4.64158e-06
hodgkin_huxley_implicit_euler;40.0;0.0;3.16228e-06
hodgkin_huxley_implicit_euler;40.0;0.0;2.15443e-06
hodgkin_huxley_implicit_euler;40.0;0.0;1.4678e-06
hodgkin_huxley_implicit_euler;40.0;0.0;1e-06
hodgkin_huxley_implicit_euler;60.0;0.0;0.0001
hodgkin_huxley_implicit_euler;60.0;0.0;6.81292e-05
hodgkin_huxley_implicit_euler;60.0;0.0;4.64145e-05
hodgkin_huxley_implicit_euler;60.0;0.0;3.16226e-05
hodgkin_huxley_implicit_euler;60.0;0.0;2.15443e-05
hodgkin_huxley_implicit_euler;60.0;0.0;1.46778e-05
hodgkin_huxley_implicit_euler;60.0;0.0;1e-05
hodgkin_huxley_implicit_euler;60.0;0.0;6.81292e-06
hodgkin_huxley_implicit_euler;60.0;0.0;4.64158e-06
hodgkin_huxley_implicit_euler;60.0;0.0;3.16226e-05
hodgkin_huxley_implicit_euler;60.0;0.0;1.46778e-05
hodgkin_huxley_implicit_euler;60.0;0.0;1e-05
hodgkin_huxley_implicit_euler;60.0;0.0;6.81292e-06
hodgkin_huxley_implicit_euler;60.0;0.0;4.64158e-06
hodgkin_huxley_implicit_euler;60.0;0.0;3.16228e-06
hodgkin_huxley_implicit_euler;60.0;0.0;2.15443e-06
hodgkin_huxley_implicit_euler;60.0;0.0;1.4678e-06
hodgkin_huxley_implicit_euler;60.0;0.0;1e-06
hodgkin_huxley_implicit_euler;80.0;0.0;0.0001
hodgkin_huxley_implicit_euler;80.0;0.0;6.81292e-05
hodgkin_huxley_implicit_euler;80.0;0.0;4.64145e-05
hodgkin_huxley_implicit_euler;80.0;0.0;3.16226e-05
hodgkin_huxley_implicit_euler;80.0;0.0;2.15443e-05
hodgkin_huxley_implicit_euler;80.0;0.0;1.46778e-05
hodgkin_huxley_implicit_euler;80.0;0.0;1e-05
hodgkin_huxley_implicit_euler;80.0;0.0;6.81292e-06
hodgkin_huxley_implicit_euler;80.0;0.0;4.64158e-06
hodgkin_huxley_implicit_euler;80.0;0.0;3.16226e-05
hodgkin_huxley_implicit_euler;80.0;0.0;1.46778e-05
hodgkin_huxley_implicit_euler;80.0;0.0;1e-05
hodgkin_huxley_implicit_euler;80.0;0.0;6.81292e-06
hodgkin_huxley_implicit_euler;80.0;0.0;4.64158e-06
hodgkin_huxley_implicit_euler;80.0;0.0;3.16228e-06
hodgkin_huxley_implicit_euler;80.0;0.0;2.15443e-06
hodgkin_huxley_implicit_euler;80.0;0.0;1.4678e-06
hodgkin_huxley_implicit_euler;80.0;0.0;1e-06
hodgkin_huxley_implicit_euler;100.0;0.0;0.0001
hodgkin_huxley_implicit_euler;100.0;0.0;6.81292e-05
hodgkin_huxley_implicit_euler;100.0;0.0;4.64145e-05
hodgkin_huxley_implicit_euler;100.0;0.0;3.16226e-05
hodgkin_huxley_implicit_euler;100.0;0.0;2.15443e-05
hodgkin_huxley_implicit_euler;100.0;0.0;1.46778e-05
hodgkin_huxley_implicit_euler;100.0;0.0;1e-05
hodgkin_huxley_implicit_euler;100.0;0.0;6.81292e-06
hodgkin_huxley_implicit_euler;100.0;0.0;4.64158e-06
hodgkin_huxley_implicit_euler;100.0;0.0;3.16226e-05
hodgkin_huxley_implicit_euler;100.0;0.0;1.46778e-05
hodgkin_huxley_implicit_euler;100.0;0.0;1e-05
hodgkin_huxley_implicit_euler;100.0;0.0;6.81292e-06
hodgkin_huxley_implicit_euler;100.0;0.0;4.64158e-06
hodgkin_huxley_implicit_euler;100.0;0.0;3.16228e-06
hodgkin_huxley_implicit_euler;100.0;0.0;2.15443e-06
hodgkin_huxley_implicit_euler;100.0;0.0;1.4678e-06
hodgkin_huxley_implicit_euler;100.0;0.0;1e-06
hodgkin_huxley_implicit_euler;120.0;0.0;0.0001
hodgkin_huxley_implicit_euler;120.0;0.0;6.81292e-05
hodgkin_huxley_implicit_euler;120.0;0.0;4.64145e-05
hodgkin_huxley_implicit_euler;120.0;0.0;3.16226e-05
hodgkin_huxley_implicit_euler;120.0;0.0;2.15443e-05
hodgkin_huxley_implicit_euler;120.0;0.0;1.46778e-05
hodgkin_huxley_implicit_euler;120.0;0.0;1e-05
hodgkin_huxley_implicit_euler;120.0;0.0;6.81292e-06
hodgkin_huxley_implicit_euler;120.0;0.0;4.64158e-06
hodgkin_huxley_implicit_euler;120.0;0.0;3.16226e-05
hodgkin_huxley_implicit_euler;120.0;0.0;1.46778e-05
hodgkin_huxley_implicit_euler;120.0;0.0;1e-05
hodgkin_huxley_implicit_euler;120.0;0.0;6.81292e-06
hodgkin_huxley_implicit_euler;120.0;0.0;4.64158e-06
hodgkin_huxley_implicit_euler;120.0;0.0;3.16228e-06
hodgkin_huxley_implicit_euler;120.0;0.0;2.15443e-06
hodgkin_huxley_implicit_euler;120.0;0.0;1.4678e-06
hodgkin_huxley_implicit_euler;120.0;0.0;1e-06
hodgkin_huxley_implicit_euler;140.0;0.0;0.0001
hodgkin_huxley_implicit_euler;140.0;0.0;6.81292e-05
hodgkin_huxley_implicit_euler;140.0;0.0;4.64145e-05
hodgkin_huxley_implicit_euler;140.0;0.0;3.16226e-05
hodgkin_huxley_implicit_euler;140.0;0.0;2.15443e-05
hodgkin_huxley_implicit_euler;140.0;0.0;1.46778e-05
hodgkin_huxley_implicit_euler;140.0;0.0;1e-05
hodgkin_huxley_implicit_euler;140.0;0.0;6.81292e-06
hodgkin_huxley_implicit_euler;140.0;0.0;4.64158e-06
hodgkin_huxley_implicit_euler;140.0;0.0;3.16226e-05
hodgkin_huxley_implicit_euler;140.0;0.0;1.46778e-05
hodgkin_huxley_implicit_euler;140.0;0.0;1e-05
hodgkin_huxley_implicit_euler;140.0;0.0;6.81292e-06
hodgkin_huxley_implicit_euler;140.0;0.0;4.64158e-06
hodgkin_huxley_implicit_euler;140.0;0.0;3.16228e-06
hodgkin_huxley_implicit_euler;140.0;0.0;2.15443e-06
hodgkin_huxley_implicit_euler;140.0;0.0;1.4678e-06
hodgkin_huxley_implicit_euler;140.0;0.0;1e-06
hodgkin_huxley_implicit_euler;160.0;0.0;0.0001
hodgkin_huxley_implicit_euler;160.0;0.0;6.81292e-05
hodgkin_huxley_implicit_euler;160.0;0.0;4.64145e-05
hodgkin_huxley_implicit_euler;160.0;0.0;3.16226e-05
hodgkin_huxley_implicit_euler;160.0;0.0;2.15443e-05
hodgkin_huxley_implicit_euler;160.0;0.0;1.46778e-05
hodgkin_huxley_implicit_euler;160.0;0.0;1e-05
hodgkin_huxley_implicit_euler;160.0;0.0;6.81292e-06
hodgkin_huxley_implicit_euler;160.0;0.0;4.64158e-06
hodgkin_huxley_implicit_euler;160.0;0.0;3.16226e-05
hodgkin_huxley_implicit_euler;160.0;0.0;1.46778e-05
hodgkin_huxley_implicit_euler;160.0;0.0;1e-05
hodgkin_huxley_implicit_euler;160.0;0.0;6.81292e-06
hodgkin_huxley_implicit_euler;160.0;0.0;4.64158e-06
hodgkin_huxley_implicit_euler;160.0;0.0;3.16228e-06
hodgkin_huxley_implicit_euler;160.0;0.0;2.15443e-06
hodgkin_huxley_implicit_euler;160.0;0.0;1.4678e-06
hodgkin_huxley_implicit_euler;160.0;0.0;1e-06
hodgkin_huxley_implicit_euler;180.0;0.0;0.0001
hodgkin_huxley_implicit_euler;180.0;0.0;6.81292e-05
hodgkin_huxley_implicit_euler;180.0;0.0;4.64145e-05
hodgkin_huxley_implicit_euler;180.0;0.0;3.16226e-05
hodgkin_huxley_implicit_euler;180.0;0.0;2.15443e-05
hodgkin_huxley_implicit_euler;180.0;0.0;1.46778e-05
hodgkin_huxley_implicit_euler;180.0;0.0;1e-05
hodgkin_huxley_implicit_euler;180.0;0.0;6.81292e-06
hodgkin_huxley_implicit_euler;180.0;0.0;4.64158e-06
hodgkin_huxley_implicit_euler;180.0;0.0;3.16226e-05
hodgkin_huxley_implicit_euler;180.0;0.0;1.46778e-05
hodgkin_huxley_implicit_euler;180.0;0.0;1e-05
hodgkin_huxley_implicit_euler;180.0;0.0;6.81292e-06
hodgkin_huxley_implicit_euler;180.0;0.0;4.64158e-06
hodgkin_huxley_implicit_euler;180.0;0.0;3.16228e-06
hodgkin_huxley_implicit_euler;180.0;0.0;2.15443e-06
hodgkin_huxley_implicit_euler;180.0;0.0;1.4678e-06
hodgkin_huxley_implicit_euler;180.0;0.0;1e-06
hodgkin_huxley_implicit_euler;200.0;0.0;0.0001
hodgkin_huxley_implicit_euler;200.0;0.0;6.81292e-05
hodgkin_huxley_implicit_euler;200.0;0.0;4.64145e-05
hodgkin_huxley_implicit_euler;200.0;0.0;3.16226e-05
hodgkin_huxley_implicit_euler;200.0;0.0;2.15443e-05
hodgkin_huxley_implicit_euler;200.0;0.0;1.46778e-05
hodgkin_huxley_implicit_euler;200.0;0.0;1e-05
hodgkin_huxley_implicit_euler;200.0;0.0;6.81292e-06
hodgkin_huxley_implicit_euler;200.0;0.0;4.64158e-06
hodgkin_huxley_implicit_euler;200.0;0.0;3.16226e-05
hodgkin_huxley_implicit_euler;200.0;0.0;1.46778e-05
hodgkin_huxley_implicit_euler;200.0;0.0;1e-05
hodgkin_huxley_implicit_euler;200.0;0.0;6.81292e-06
hodgkin_huxley_implicit_euler;200.0;0.0;4.64158e-06
hodgkin_huxley_implicit_euler;200.0;0.0;3.16228e-06
hodgkin_huxley_implicit_euler;200.0;0.0;2.15443e-06
hodgkin_huxley_implicit_euler;200.0;0.0;1.4678e-06
hodgkin_huxley_implicit_euler;200.0;0.0;1e-06
hodgkin_huxley_implicit_euler;220.0;0.0;0.0001
hodgkin_huxley_implicit_euler;220.0;0.0;6.81292e-05
hodgkin_huxley_implicit_euler;220.0;0.0;4.64145e-05
hodgkin_huxley_implicit_euler;220.0;0.0;3.16226e-05
hodgkin_huxley_implicit_euler;220.0;0.0;2.15443e-05
hodgkin_huxley_implicit_euler;220.0;0.0;1.46778e-05
hodgkin_huxley_implicit_euler;220.0;0.0;1e-05
hodgkin_huxley_implicit_euler;220.0;0.0;6.81292e-06
hodgkin_huxley_implicit_euler;220.0;0.0;4.64158e-06
hodgkin_huxley_implicit_euler;220.0;0.0;3.16226e-05
hodgkin_huxley_implicit_euler;220.0;0.0;1.46778e-05
hodgkin_huxley_implicit_euler;220.0;0.0;1e-05
hodgkin_huxley_implicit_euler;220.0;0.0;6.81292e-06
hodgkin_huxley_implicit_euler;220.0;0.0;4.64158e-06
hodgkin_huxley_implicit_euler;220.0;0.0;3.16228e-06
hodgkin_huxley_implicit_euler;220.0;0.0;2.15443e-06
hodgkin_huxley_implicit_euler;220.0;0.0;1.4678e-06
hodgkin_huxley_implicit_euler;220.0;0.0;1e-06
hodgkin_huxley_implicit_euler;240.0;0.0;0.0001
hodgkin_huxley_implicit_euler;240.0;0.0;6.81292e-05
hodgkin_huxley_implicit_euler;240.0;0.0;4.64145e-05
hodgkin_huxley_implicit_euler;240.0;0.0;3.16226e-05
hodgkin_huxley_implicit_euler;240.0;0.0;2.15443e-05
hodgkin_huxley_implicit_euler;240.0;0.0;1.46778e-05
hodgkin_huxley_implicit_euler;240.0;0.0;1e-05
hodgkin_huxley_implicit_euler;240.0;0.0;6.81292e-06
hodgkin_huxley_implicit_euler;240.0;0.0;4.64158e-06
hodgkin_huxley_implicit_euler;240.0;0.0;3.16226e-05
hodgkin_huxley_implicit_euler;240.0;0.0;1.46778e-05
hodgkin_huxley_implicit_euler;240.0;0.0;1e-05
hodgkin_huxley_implicit_euler;240.0;0.0;6.81292e-06
hodgkin_huxley_implicit_euler;240.0;0.0;4.64158e-06
hodgkin_huxley_implicit_euler;240.0;0.0;3.16228e-06
hodgkin_huxley_implicit_euler;240.0;0.0;2.15443e-06
hodgkin_huxley_implicit_euler;240.0;0.0;1.4678e-06
hodgkin_huxley_implicit_euler;240.0;0.0;1e-06
hodgkin_huxley_implicit_euler;260.0;0.0;0.0001
hodgkin_huxley_implicit_euler;260.0;0.0;6.81292e-05
hodgkin_huxley_implicit_euler;260.0;0.0;4.64145e-05
hodgkin_huxley_implicit_euler;260.0;0.0;3.16226e-05
hodgkin_huxley_implicit_euler;260.0;0.0;2.15443e-05
hodgkin_huxley_implicit_euler;260.0;0.0;1.46778e-05
hodgkin_huxley_implicit_euler;260.0;0.0;1e-05
hodgkin_huxley_implicit_euler;260.0;0.0;6.81292e-06
hodgkin_huxley_implicit_euler;260.0;0.0;4.64158e-06
hodgkin_huxley_implicit_euler;260.0;0.0;3.16226e-05
hodgkin_huxley_implicit_euler;260.0;0.0;1.46778e-05
hodgkin_huxley_implicit_euler;260.0;0.0;1e-05
hodgkin_huxley_implicit_euler;260.0;0.0;6.81292e-06
hodgkin_huxley_implicit_euler;260.0;0.0;4.64158e-06
hodgkin_huxley_implicit_euler;260.0;0.0;3.16228e-06
hodgkin_huxley_implicit_euler;260.0;0.0;2.15443e-06
hodgkin_huxley_implicit_euler;260.0;0.0;1.4678e-06
hodgkin_huxley_implicit_euler;260.0;0.0;1e-06
hodgkin_huxley_implicit_euler;280.0;0.0;0.0001
hodgkin_huxley_implicit_euler;280.0;0.0;6.81292e-05
hodgkin_huxley_implicit_euler;280.0;0.0;4.64145e-05
hodgkin_huxley_implicit_euler;280.0;0.0;3.16226e-05
hodgkin_huxley_implicit_euler;280.0;0.0;2.15443e-05
hodgkin_huxley_implicit_euler;280.0;0.0;1.46778e-05
hodgkin_huxley_implicit_euler;280.0;0.0;1e-05
hodgkin_huxley_implicit_euler;280.0;0.0;6.81292e-06
hodgkin_huxley_implicit_euler;280.0;0.0;4.64158e-06
hodgkin_huxley_implicit_euler;280.0;0.0;3.16226e-05
hodgkin_huxley_implicit_euler;280.0;0.0;1.46778e-05
hodgkin_huxley_implicit_euler;280.0;0.0;1e-05
hodgkin_huxley_implicit_euler;280.0;0.0;6.81292e-06
hodgkin_huxley_implicit_euler;280.0;0.0;4.64158e-06
hodgkin_huxley_implicit_euler;280.0;0.0;3.16228e-06
hodgkin_huxley_implicit_euler;280.0;0.0;2.15443e-06
hodgkin_huxley_implicit_euler;280.0;0.0;1.4678e-06
hodgkin_huxley_implicit_euler;280.0;0.0;1e-06
hodgkin_huxley_implicit_euler;300.0;0.0;0.0001
hodgkin_huxley_implicit_euler;300.0;0.0;6.81292e-05
hodgkin_huxley_implicit_euler;300.0;0.0;4.64145e-05
hodgkin_huxley_implicit_euler;300.0;0.0;3.16226e-05
hodgkin_huxley_implicit_euler;300.0;0.0;2.15443e-05
hodgkin_huxley_implicit_euler;300.0;0.0;1.46778e-05
hodgkin_huxley_implicit_euler;300.0;0.0;1e-05
hodgkin_huxley_implicit_euler;300.0;0.0;6.81292e-06
hodgkin_huxley_implicit_euler;300.0;0.0;4.64158e-06
hodgkin_huxley_implicit_euler;300.0;0.0;3.16226e-05
hodgkin_huxley_implicit_euler;300.0;0.0;1.46778e-05
hodgkin_huxley_implicit_euler;300.0;0.0;1e-05
hodgkin_huxley_implicit_euler;300.0;0.0;6.81292e-06
hodgkin_huxley_implicit_euler;300.0;0.0;4.64158e-06
hodgkin_huxley_implicit_euler;300.0;0.0;3.16228e-06
hodgkin_huxley_implicit_euler;300.0;0.0;2.15443e-06
hodgkin_huxley_implicit_euler;300.0;0.0;1.4678e-06
hodgkin_huxley_implicit_euler;300.0;0.0;1e-06
hodgkin_huxley_implicit_euler;320.0;0.0;0.0001
hodgkin_huxley_implicit_euler;320.0;0.0;6.81292e-05
hodgkin_huxley_implicit_euler;320.0;0.0;4.64145e-05
hodgkin_huxley_implicit_euler;320.0;0.0;3.16226e-05
hodgkin_huxley_implicit_euler;320.0;0.0;2.15443e-05
hodgkin_huxley_implicit_euler;320.0;0.0;1.46778e-05
hodgkin_huxley_implicit_euler;320.0;0.0;1e-05
hodgkin_huxley_implicit_euler;320.0;0.0;6.81292e-06
hodgkin_huxley_implicit_euler;320.0;0.0;4.64158e-06
hodgkin_huxley_implicit_euler;320.0;0.0;3.16226e-05
hodgkin_huxley_implicit_euler;320.0;0.0;1.46778e-05
hodgkin_huxley_implicit_euler;320.0;0.0;1e-05
hodgkin_huxley_implicit_euler;320.0;0.0;6.81292e-06
hodgkin_huxley_implicit_euler;320.0;0.0;4.64158e-06
hodgkin_huxley_implicit_euler;320.0;0.0;3.16228e-06
hodgkin_huxley_implicit_euler;320.0;0.0;2.15443e-06
hodgkin_huxley_implicit_euler;320.0;0.0;1.4678e-06
hodgkin_huxley_implicit_euler;320.0;0.0;1e-06
hodgkin_huxley_implicit_euler;340.0;0.0;0.0001
hodgkin_huxley_implicit_euler;340.0;0.0;6.81292e-05
hodgkin_huxley_implicit_euler;340.0;0.0;4.64145e-05
hodgkin_huxley_implicit_euler;340.0;0.0;3.16226e-05
hodgkin_huxley_implicit_euler;340.0;0.0;2.15443e-05
hodgkin_huxley_implicit_euler;340.0;0.0;1.46778e-05
hodgkin_huxley_implicit_euler;340.0;0.0;1e-05
hodgkin_huxley_implicit_euler;340.0;0.0;6.81292e-06
hodgkin_huxley_implicit_euler;340.0;0.0;4.64158e-06
hodgkin_huxley_implicit_euler;340.0;0.0;3.16226e-05
hodgkin_huxley_implicit_euler;340.0;0.0;1.46778e-05
hodgkin_huxley_implicit_euler;340.0;0.0;1e-05
hodgkin_huxley_implicit_euler;340.0;0.0;6.81292e-06
hodgkin_huxley_implicit_euler;340.0;0.0;4.64158e-06
hodgkin_huxley_implicit_euler;340.0;0.0;3.16228e-06
hodgkin_huxley_implicit_euler;340.0;0.0;2.15443e-06
hodgkin_huxley_implicit_euler;340.0;0.0;1.4678e-06
hodgkin_huxley_implicit_euler;340.0;0.0;1e-06
hodgkin_huxley_implicit_euler;360.0;0.0;0.0001
hodgkin_huxley_implicit_euler;360.0;0.0;6.81292e-05
hodgkin_huxley_implicit_euler;360.0;0.0;4.64145e-05
hodgkin_huxley_implicit_euler;360.0;0.0;3.16226e-05
hodgkin_huxley_implicit_euler;360.0;0.0;2.15443e-05
hodgkin_huxley_implicit_euler;360.0;0.0;1.46778e-05
hodgkin_huxley_implicit_euler;360.0;0.0;1e-05
hodgkin_huxley_implicit_euler;360.0;0.0;6.81292e-06
hodgkin_huxley_implicit_euler;360.0;0.0;4.64158e-06
hodgkin_huxley_implicit_euler;360.0;0.0;3.16226e-05
hodgkin_huxley_implicit_euler;360.0;0.0;1.46778e-05
hodgkin_huxley_implicit_euler;360.0;0.0;1e-05
hodgkin_huxley_implicit_euler;360.0;0.0;6.81292e-06
hodgkin_huxley_implicit_euler;360.0;0.0;4.64158e-06
hodgkin_huxley_implicit_euler;360.0;0.0;3.16228e-06
hodgkin_huxley_implicit_euler;360.0;0.0;2.15443e-06
hodgkin_huxley_implicit_euler;360.0;0.0;1.4678e-06
hodgkin_huxley_implicit_euler;360.0;0.0;1e-06
hodgkin_huxley_implicit_euler;380.0;0.0;0.0001
hodgkin_huxley_implicit_euler;380.0;0.0;6.81292e-05
hodgkin_huxley_implicit_euler;380.0;0.0;4.64145e-05
hodgkin_huxley_implicit_euler;380.0;0.0;3.16226e-05
hodgkin_huxley_implicit_euler;380.0;0.0;2.15443e-05
hodgkin_huxley_implicit_euler;380.0;0.0;1.46778e-05
hodgkin_huxley_implicit_euler;380.0;0.0;1e-05
hodgkin_huxley_implicit_euler;380.0;0.0;6.81292e-06
hodgkin_huxley_implicit_euler;380.0;0.0;4.64158e-06
hodgkin_huxley_implicit_euler;380.0;0.0;3.16226e-05
hodgkin_huxley_implicit_euler;380.0;0.0;1.46778e-05
hodgkin_huxley_implicit_euler;380.0;0.0;1e-05
hodgkin_huxley_implicit_euler;380.0;0.0;6.81292e-06
hodgkin_huxley_implicit_euler;380.0;0.0;4.64158e-06
hodgkin_huxley_implicit_euler;380.0;0.0;3.16228e-06
hodgkin_huxley_implicit_euler;380.0;0.0;2.15443e-06
hodgkin_huxley_implicit_euler;380.0;0.0;1.4678e-06
hodgkin_huxley_implicit_euler;380.0;0.0;1e-06
hodgkin_huxley_implicit_euler;400.0;0.0;0.0001
hodgkin_huxley_implicit_euler;400.0;0.0;6.81292e-05
hodgkin_huxley_implicit_euler;400.0;0.0;4.64145e-05
hodgkin_huxley_implicit_euler;400.0;0.0;3.16226e-05
hodgkin_huxley_implicit_euler;400.0;0.0;2.15443e-05
hodgkin_huxley_implicit_euler;400.0;0.0;1.46778e-05
hodgkin_huxley_implicit_euler;400.0;0.0;1e-05
hodgkin_huxley_implicit_euler;400.0;0.0;6.81292e-06
hodgkin_huxley_implicit_euler;400.0;0.0;4.64158e-06
hodgkin_huxley_implicit_euler;400.0;0.0;3.16226e-05
hodgkin_huxley_implicit_euler;400.0;0.0;1.46778e-05
hodgkin_huxley_implicit_euler;400.0;0.0;1e-05
hodgkin_huxley_implicit_euler;400.0;0.0;6.81292e-06
hodgkin_huxley_implicit_euler;400.0;0.0;4.64158e-06
hodgkin_huxley_implicit_euler;400.0;0.0;3.16228e-06
hodgkin_huxley_implicit_euler;400.0;0.0;2.15443e-06
hodgkin_huxley_implicit_euler;400.0;0.0;1.4678e-06
hodgkin_huxley_implicit_euler;400.0;0.0;1e-06
hodgkin_huxley_implicit_euler;420.0;0.0;0.0001
hodgkin_huxley_implicit_euler;420.0;0.0;6.81292e-05
hodgkin_huxley_implicit_euler;420.0;0.0;4.64145e-05
hodgkin_huxley_implicit_euler;420.0;0.0;3.16226e-05
hodgkin_huxley_implicit_euler;420.0;0.0;2.15443e-05
hodgkin_huxley_implicit_euler;420.0;0.0;1.46778e-05
hodgkin_huxley_implicit_euler;420.0;0.0;1e-05
hodgkin_huxley_implicit_euler;420.0;0.0;6.81292e-06
hodgkin_huxley_implicit_euler;420.0;0.0;4.64158e-06
hodgkin_huxley_implicit_euler;420.0;0.0;3.16226e-05
hodgkin_huxley_implicit_euler;420.0;0.0;1.46778e-05
hodgkin_huxley_implicit_euler;420.0;0.0;1e-05
hodgkin_huxley_implicit_euler;420.0;0.0;6.81292e-06
hodgkin_huxley_implicit_euler;420.0;0.0;4.64158e-06
hodgkin_huxley_implicit_euler;420.0;0.0;3.16228e-06
hodgkin_huxley_implicit_euler;420.0;0.0;2.15443e-06
hodgkin_huxley_implicit_euler;420.0;0.0;1.4678e-06
hodgkin_huxley_implicit_euler;420.0;0.0;1e-06
hodgkin_huxley_implicit_euler;440.0;0.0;0.0001
hodgkin_huxley_implicit_euler;440.0;0.0;6.81292e-05
hodgkin_huxley_implicit_euler;440.0;0.0;4.64145e-05
hodgkin_huxley_implicit_euler;440.0;0.0;3.16226e-05
hodgkin_huxley_implicit_euler;440.0;0.0;2.15443e-05
hodgkin_huxley_implicit_euler;440.0;0.0;1.46778e-05
hodgkin_huxley_implicit_euler;440.0;0.0;1e-05
hodgkin_huxley_implicit_euler;440.0;0.0;6.81292e-06
hodgkin_huxley_implicit_euler;440.0;0.0;4.64158e-06
hodgkin_huxley_implicit_euler;440.0;0.0;3.16226e-05
hodgkin_huxley_implicit_euler;440.0;0.0;1.46778e-05
hodgkin_huxley_implicit_euler;440.0;0.0;1e-05
hodgkin_huxley_implicit_euler;440.0;0.0;6.81292e-06
hodgkin_huxley_implicit_euler;440.0;0.0;4.64158e-06
hodgkin_huxley_implicit_euler;440.0;0.0;3.16228e-06
hodgkin_huxley_implicit_euler;440.0;0.0;2.15443e-06
hodgkin_huxley_implicit_euler;440.0;0.0;1.4678e-06
hodgkin_huxley_implicit_euler;440.0;0.0;1e-06
hodgkin_huxley_implicit_euler;460.0;0.0;0.0001
hodgkin_huxley_implicit_euler;460.0;0.0;6.81292e-05
hodgkin_huxley_implicit_euler;460.0;0.0;4.64145e-05
hodgkin_huxley_implicit_euler;460.0;0.0;3.16226e-05
hodgkin_huxley_implicit_euler;460.0;0.0;2.15443e-05
hodgkin_huxley_implicit_euler;460.0;0.0;1.46778e-05
hodgkin_huxley_implicit_euler;460.0;0.0;1e-05
hodgkin_huxley_implicit_euler;460.0;0.0;6.81292e-06
hodgkin_huxley_implicit_euler;460.0;0.0;4.64158e-06
hodgkin_huxley_implicit_euler;460.0;0.0;3.16226e-05
hodgkin_huxley_implicit_euler;460.0;0.0;1.46778e-05
hodgkin_huxley_implicit_euler;460.0;0.0;1e-05
hodgkin_huxley_implicit_euler;460.0;0.0;6.81292e-06
hodgkin_huxley_implicit_euler;460.0;0.0;4.64158e-06
hodgkin_huxley_implicit_euler;460.0;0.0;3.16228e-06
hodgkin_huxley_implicit_euler;460.0;0.0;2.15443e-06
hodgkin_huxley_implicit_euler;460.0;0.0;1.4678e-06
hodgkin_huxley_implicit_euler;460.0;0.0;1e-06
hodgkin_huxley_implicit_euler;480.0;0.0;0.0001
hodgkin_huxley_implicit_euler;480.0;0.0;6.81292e-05
hodgkin_huxley_implicit_euler;480.0;0.0;4.64145e-05
hodgkin_huxley_implicit_euler;480.0;0.0;3.16226e-05
hodgkin_huxley_implicit_euler;480.0;0.0;2.15443e-05
hodgkin_huxley_implicit_euler;480.0;0.0;1.46778e-05
hodgkin_huxley_implicit_euler;480.0;0.0;1e-05
hodgkin_huxley_implicit_euler;480.0;0.0;6.81292e-06
hodgkin_huxley_implicit_euler;480.0;0.0;4.64158e-06
hodgkin_huxley_implicit_euler;480.0;0.0;3.16226e-05
hodgkin_huxley_implicit_euler;480.0;0.0;1.46778e-05
hodgkin_huxley_implicit_euler;480.0;0.0;1e-05
hodgkin_huxley_implicit_euler;480.0;0.0;6.81292e-06
hodgkin_huxley_implicit_euler;480.0;0.0;4.64158e-06
hodgkin_huxley_implicit_euler;480.0;0.0;3.16228e-06
hodgkin_huxley_implicit_euler;480.0;0.0;2.15443e-06
hodgkin_huxley_implicit_euler;480.0;0.0;1.4678e-06
hodgkin_huxley_implicit_euler;480.0;0.0;1e-06
hodgkin_huxley_implicit_euler;500.0;0.0;0.0001
hodgkin_huxley_implicit_euler;500.0;0.0;6.81292e-05
hodgkin_huxley_implicit_euler;500.0;0.0;4.64145e-05
hodgkin_huxley_implicit_euler;500.0;0.0;3.16226e-05
hodgkin_huxley_implicit_euler;500.0;0.0;2.15443e-05
hodgkin_huxley_implicit_euler;500.0;0.0;1.46778e-05
hodgkin_huxley_implicit_euler;500.0;0.0;1e-05
hodgkin_huxley_implicit_euler;500.0;0.0;6.81292e-06
hodgkin_huxley_implicit_euler;500.0;0.0;4.64158e-06
hodgkin_huxley_implicit_euler;500.0;0.0;3.16226e-05
hodgkin_huxley_implicit_euler;500.0;0.0;1.46778e-05
hodgkin_huxley_implicit_euler;500.0;0.0;1e-05
hodgkin_huxley_implicit_euler;500.0;0.0;6.81292e-06
hodgkin_huxley_implicit_euler;500.0;0.0;4.64158e-06
hodgkin_huxley_implicit_euler;500.0;0.0;3.16228e-06
hodgkin_huxley_implicit_euler;500.0;0.0;2.15443e-06
hodgkin_huxley_implicit_euler;500.0;0.0;1.4678e-06
hodgkin_huxley_implicit_euler;500.0;0.0;1e-06
hodgkin_huxley_implicit_euler;520.0;0.0;0.0001
hodgkin_huxley_implicit_euler;520.0;0.0;6.81292e-05
hodgkin_huxley_implicit_euler;520.0;0.0;4.64145e-05
hodgkin_huxley_implicit_euler;520.0;0.0;3.16226e-05
hodgkin_huxley_implicit_euler;520.0;0.0;2.15443e-05
hodgkin_huxley_implicit_euler;520.0;0.0;1.46778e-05
hodgkin_huxley_implicit_euler;520.0;0.0;1e-05
hodgkin_huxley_implicit_euler;520.0;0.0;6.81292e-06
hodgkin_huxley_implicit_euler;520.0;0.0;4.64158e-06
hodgkin_huxley_implicit_euler;520.0;0.0;3.16226e-05
hodgkin_huxley_implicit_euler;520.0;0.0;1.46778e-05
hodgkin_huxley_implicit_euler;520.0;0.0;1e-05
hodgkin_huxley_implicit_euler;520.0;0.0;6.81292e-06
hodgkin_huxley_implicit_euler;520.0;0.0;4.64158e-06
hodgkin_huxley_implicit_euler;520.0;0.0;3.16228e-06
hodgkin_huxley_implicit_euler;520.0;0.0;2.15443e-06
hodgkin_huxley_implicit_euler;520.0;0.0;1.4678e-06
hodgkin_huxley_implicit_euler;520.0;0.0;1e-06
hodgkin_huxley_implicit_euler;540.0;0.0;0.0001
hodgkin_huxley_implicit_euler;540.0;0.0;6.81292e-05
hodgkin_huxley_implicit_euler;540.0;0.0;4.64145e-05
hodgkin_huxley_implicit_euler;540.0;0.0;3.16226e-05
hodgkin_huxley_implicit_euler;540.0;0.0;2.15443e-05
hodgkin_huxley_implicit_euler;540.0;0.0;1.46778e-05
hodgkin_huxley_implicit_euler;540.0;0.0;1e-05
hodgkin_huxley_implicit_euler;540.0;0.0;6.81292e-06
hodgkin_huxley_implicit_euler;540.0;0.0;4.64158e-06
hodgkin_huxley_implicit_euler;540.0;0.0;3.16226e-05
hodgkin_huxley_implicit_euler;540.0;0.0;1.46778e-05
hodgkin_huxley_implicit_euler;540.0;0.0;1e-05
hodgkin_huxley_implicit_euler;540.0;0.0;6.81292e-06
hodgkin_huxley_implicit_euler;540.0;0.0;4.64158e-06
hodgkin_huxley_implicit_euler;540.0;0.0;3.16228e-06
hodgkin_huxley_implicit_euler;540.0;0.0;2.15443e-06
hodgkin_huxley_implicit_euler;540.0;0.0;1.4678e-06
hodgkin_huxley_implicit_euler;540.0;0.0;1e-06
hodgkin_huxley_implicit_euler;560.0;0.0;0.0001
hodgkin_huxley_implicit_euler;560.0;0.0;6.81292e-05
hodgkin_huxley_implicit_euler;560.0;0.0;4.64145e-05
hodgkin_huxley_implicit_euler;560.0;0.0;3.16226e-05
hodgkin_huxley_implicit_euler;560.0;0.0;2.15443e-05
hodgkin_huxley_implicit_euler;560.0;0.0;1.46778e-05
hodgkin_huxley_implicit_euler;560.0;0.0;1e-05
hodgkin_huxley_implicit_euler;560.0;0.0;6.81292e-06
hodgkin_huxley_implicit_euler;560.0;0.0;4.64158e-06
hodgkin_huxley_implicit_euler;560.0;0.0;3.16226e-05
hodgkin_huxley_implicit_euler;560.0;0.0;1.46778e-05
hodgkin_huxley_implicit_euler;560.0;0.0;1e-05
hodgkin_huxley_implicit_euler;560.0;0.0;6.81292e-06
hodgkin_huxley_implicit_euler;560.0;0.0;4.64158e-06
hodgkin_huxley_implicit_euler;560.0;0.0;3.16228e-06
hodgkin_huxley_implicit_euler;560.0;0.0;2.15443e-06
hodgkin_huxley_implicit_euler;560.0;0.0;1.4678e-06
hodgkin_huxley_implicit_euler;560.0;0.0;1e-06
hodgkin_huxley_implicit_euler;580.0;0.0;0.0001
hodgkin_huxley_implicit_euler;580.0;0.0;6.81292e-05
hodgkin_huxley_implicit_euler;580.0;0.0;4.64145e-05
hodgkin_huxley_implicit_euler;580.0;0.0;3.16226e-05
hodgkin_huxley_implicit_euler;580.0;0.0;2.15443e-05
hodgkin_huxley_implicit_euler;580.0;0.0;1.46778e-05
hodgkin_huxley_implicit_euler;580.0;0.0;1e-05
hodgkin_huxley_implicit_euler;580.0;0.0;6.81292e-06
hodgkin_huxley_implicit_euler;580.0;0.0;4.64158e-06
hodgkin_huxley_implicit_euler;580.0;0.0;3.16226e-05
hodgkin_huxley_implicit_euler;580.0;0.0;1.46778e-05
hodgkin_huxley_implicit_euler;580.0;0.0;1e-05
hodgkin_huxley_implicit_euler;580.0;0.0;6.81292e-06
hodgkin_huxley_implicit_euler;580.0;0.0;4.64158e-06
hodgkin_huxley_implicit_euler;580.0;0.0;3.16228e-06
hodgkin_huxley_implicit_euler;580.0;0.0;2.15443e-06
hodgkin_huxley_implicit_euler;580.0;0.0;1.4678e-06
hodgkin_huxley_implicit_euler;580.0;0.0;1e-06
hodgkin_huxley_implicit_euler;600.0;0.0;0.0001
hodgkin_huxley_implicit_euler;600.0;0.0;6.81292e-05
hodgkin_huxley_implicit_euler;600.0;0.0;4.64145e-05
hodgkin_huxley_implicit_euler;600.0;0.0;3.16226e-05
hodgkin_huxley_implicit_euler;600.0;0.0;2.15443e-05
hodgkin_huxley_implicit_euler;600.0;0.0;1.46778e-05
hodgkin_huxley_implicit_euler;600.0;0.0;1e-05
hodgkin_huxley_implicit_euler;600.0;0.0;6.81292e-06
hodgkin_huxley_implicit_euler;600.0;0.0;4.64158e-06
hodgkin_huxley_implicit_euler;600.0;0.0;3.16226e-05
hodgkin_huxley_implicit_euler;600.0;0.0;1.46778e-05
hodgkin_huxley_implicit_euler;600.0;0.0;1e-05
hodgkin_huxley_implicit_euler;600.0;0.0;6.81292e-06
hodgkin_huxley_implicit_euler;600.0;0.0;4.64158e-06
hodgkin_huxley_implicit_euler;600.0;0.0;3.16228e-06
hodgkin_huxley_implicit_euler;600.0;0.0;2.15443e-06
hodgkin_huxley_implicit_euler;600.0;0.0;1.4678e-06
hodgkin_huxley_implicit_euler;600.0;0.0;1e-06
hodgkin_huxley_implicit_euler;620.0;0.0;0.0001
hodgkin_huxley_implicit_euler;620.0;0.0;6.81292e-05
hodgkin_huxley_implicit_euler;620.0;0.0;4.64145e-05
hodgkin_huxley_implicit_euler;620.0;0.0;3.16226e-05
hodgkin_huxley_implicit_euler;620.0;0.0;2.15443e-05
hodgkin_huxley_implicit_euler;620.0;0.0;1.46778e-05
hodgkin_huxley_implicit_euler;620.0;0.0;1e-05
hodgkin_huxley_implicit_euler;620.0;0.0;6.81292e-06
hodgkin_huxley_implicit_euler;620.0;0.0;4.64158e-06
hodgkin_huxley_implicit_euler;620.0;0.0;3.16226e-05
hodgkin_huxley_implicit_euler;620.0;0.0;1.46778e-05
hodgkin_huxley_implicit_euler;620.0;0.0;1e-05
hodgkin_huxley_implicit_euler;620.0;0.0;6.81292e-06
hodgkin_huxley_implicit_euler;620.0;0.0;4.64158e-06
hodgkin_huxley_implicit_euler;620.0;0.0;3.16228e-06
hodgkin_huxley_implicit_euler;620.0;0.0;2.15443e-06
hodgkin_huxley_implicit_euler;620.0;0.0;1.4678e-06
hodgkin_huxley_implicit_euler;620.0;0.0;1e-06
hodgkin_huxley_implicit_euler;640.0;0.0;0.0001
hodgkin_huxley_implicit_euler;640.0;0.0;6.81292e-05
hodgkin_huxley_implicit_euler;640.0;0.0;4.64145e-05
hodgkin_huxley_implicit_euler;640.0;0.0;3.16226e-05
hodgkin_huxley_implicit_euler;640.0;0.0;2.15443e-05
hodgkin_huxley_implicit_euler;640.0;0.0;1.46778e-05
hodgkin_huxley_implicit_euler;640.0;0.0;1e-05
hodgkin_huxley_implicit_euler;640.0;0.0;6.81292e-06
hodgkin_huxley_implicit_euler;640.0;0.0;4.64158e-06
hodgkin_huxley_implicit_euler;640.0;0.0;3.16226e-05
hodgkin_huxley_implicit_euler;640.0;0.0;1.46778e-05
hodgkin_huxley_implicit_euler;640.0;0.0;1e-05
hodgkin_huxley_implicit_euler;640.0;0.0;6.81292e-06
hodgkin_huxley_implicit_euler;640.0;0.0;4.64158e-06
hodgkin_huxley_implicit_euler;640.0;0.0;3.16228e-06
