# timestamp;hostname;version;nRanks;rankNo;durationAssembleBoundaryConditions;n;durationComputeMappingBetweenMeshes;n;durationInitCellml;n;durationMap;n;durationMapFinalize;n;durationMapPrepare;n;durationParaview1D;n;durationParaview1DInit;n;durationParaview1DReduction;n;durationParaview1DWrite;n;durationParaview2D;n;durationParaview2D3DInit;n;durationParaview3D;n;durationParaview3DInit;n;durationParaview3DReduction;n;durationParaview3DWrite;n;durationParaviewOutput;n;durationReadGeometry;n;durationSetRightHandSide;n;durationSetStiffnessMatrix;n;durationSolve_activationSolver;n;durationSolve_potentialFlowSolver;n;durationWriteOutput;n;durationWriteOutputParaview;n;duration_bidomain;n;duration_subdomains_xy_init;n;duration_subdomains_z_init;n;duration_total;n;duration_total_advanceTimeSpan1;n;duration_total_advanceTimeSpan2;n;duration_total_transfer12;n;duration_total_transfer21;n;activationSolver_preconditionerType;activationSolver_solverType;currentSimulationTime;dt_0D;dt_1D;dt_3D;dt_splitting;duration_subdomains_xy_n;duration_subdomains_z_n;endTime;exit;exit_signal;implicitSolver_preconditionerType;implicitSolver_solverType;memoryData;memoryPage;memoryResidentSet;memoryVirtual;meta_partitioning;nInstancesComputedGlobally;nIterations_activationSolver;nIterations_potentialFlowSolver;potentialFlowSolver_preconditionerType;potentialFlowSolver_solverType;residualNorm_activationSolver;residualNorm_potentialFlowSolver;scenarioName;totalUsertime;~nDofs;~nDofs3Dmesh;~nDofsFiber0;~nElements;~nElements3Dmesh;~nElementsFiber0;~nNodes;~nNodes3Dmesh;~nNodesFiber0;nIterationsTotal_activationSolver;nIterationsTotal_potentialFlowSolver;
2021/1/16 11:52:07;pcsgs02;opendihu 1.2, built Jan 14 2021, C++ 201402, GCC 10.2.0;1;0;0.002513;172;10.4042;169;1.1352;169;1.52393;5577;0.0748485;33;0.00154208;33;7.08639;66;0.00301208;5;7.55105e-06;1;4.00646;33;0.029802;66;3.65109e-05;4;0.0072254;66;0.00584326;5;2.67103e-06;1;0.00989693;33;7.13006;66;0.0250464;1;1.8165e-05;172;0.407829;172;0.0744497;33;0.0100455;1;7.13113;438;7.13086;99;0.076459;33;1.61361;1;1.216;1;0;0;22.1649;33;0.109849;33;12.1128;33;0.00764823;33;none;cg;13.200000;0.003;0.001;0.4;0.003;1;169;100;Interrupt;2;none;cg;539664384;4096;620285952;6370951168;[1, 1, 1];169;68;219;none;gmres;0.000482118;9.65283e-10;double;35.86;1481;1519;1481;1480;1080;1480;1481;1519;1481;2317;219;
# timestamp;hostname;version;nRanks;rankNo;durationAssembleBoundaryConditions;n;durationComputeMappingBetweenMeshes;n;durationInitCellml;n;durationMap;n;durationMapFinalize;n;durationMapPrepare;n;durationParaview1D;n;durationParaview1DInit;n;durationParaview1DReduction;n;durationParaview1DWrite;n;durationParaview2D;n;durationParaview2D3DInit;n;durationParaview3D;n;durationParaview3DInit;n;durationParaview3DReduction;n;durationParaview3DWrite;n;durationParaviewOutput;n;durationReadGeometry;n;durationSetRightHandSide;n;durationSetStiffnessMatrix;n;durationSolve_activationSolver;n;durationSolve_potentialFlowSolver;n;durationWriteOutput;n;durationWriteOutputParaview;n;duration_bidomain;n;duration_subdomains_xy_init;n;duration_subdomains_z_init;n;duration_total;n;duration_total_advanceTimeSpan1;n;duration_total_advanceTimeSpan2;n;duration_total_transfer12;n;duration_total_transfer21;n;activationSolver_preconditionerType;activationSolver_solverType;currentSimulationTime;dt_0D;dt_1D;dt_3D;dt_splitting;duration_subdomains_xy_n;duration_subdomains_z_n;endTime;exit;exit_signal;implicitSolver_preconditionerType;implicitSolver_solverType;memoryData;memoryPage;memoryResidentSet;memoryVirtual;meta_partitioning;nInstancesComputedGlobally;nIterations_activationSolver;nIterations_potentialFlowSolver;potentialFlowSolver_preconditionerType;potentialFlowSolver_solverType;residualNorm_activationSolver;residualNorm_potentialFlowSolver;scenarioName;totalUsertime;~nDofs;~nDofs3Dmesh;~nDofsFiber0;~nElements;~nElements3Dmesh;~nElementsFiber0;~nNodes;~nNodes3Dmesh;~nNodesFiber0;nIterationsTotal_activationSolver;nIterationsTotal_potentialFlowSolver;
2021/1/16 11:52:08;pcsgs02;opendihu 1.2, built Jan 14 2021, C++ 201402, GCC 10.2.0;1;0;0.002513;172;10.4042;169;1.1352;169;1.52393;5577;0.0748485;33;0.00154208;33;7.08639;66;0.00301208;5;7.55105e-06;1;4.00646;33;0.029802;66;3.65109e-05;4;0.0072254;66;0.00584326;5;2.67103e-06;1;0.00989693;33;7.13006;66;0.0250464;1;1.8165e-05;172;0.407829;172;0.0744497;33;0.0100455;1;7.13113;438;7.13086;99;0.076459;33;1.61361;1;1.216;1;0;0;22.1649;33;0.109849;33;12.1128;33;0.00764823;33;none;cg;13.200000;0.003;0.001;0.4;0.003;1;169;100;Interrupt;2;none;cg;539664384;4096;620285952;6370951168;[1, 1, 1];169;68;219;none;gmres;0.000482118;9.65283e-10;double;35.86;1481;1519;1481;1480;1080;1480;1481;1519;1481;2317;219;
# timestamp;hostname;version;nRanks;rankNo;durationAssembleBoundaryConditions;n;durationComputeMappingBetweenMeshes;n;durationInitCellml;n;durationMap;n;durationMapPrepare;n;durationParaview1D;n;durationParaview1DInit;n;durationParaview1DReduction;n;durationParaview1DWrite;n;durationParaview2D;n;durationParaview2D3DInit;n;durationParaview3D;n;durationParaview3DInit;n;durationParaview3DReduction;n;durationParaview3DWrite;n;durationParaviewOutput;n;durationReadGeometry;n;durationSetRightHandSide;n;durationSetStiffnessMatrix;n;durationSolve_potentialFlowSolver;n;durationWriteOutput;n;durationWriteOutputParaview;n;duration_subdomains_xy_init;n;duration_subdomains_z_init;n;duration_total;n;duration_total_advanceTimeSpan1;n;duration_total_transfer12;n;activationSolver_preconditionerType;activationSolver_solverType;dt_0D;dt_1D;dt_3D;dt_splitting;duration_subdomains_xy_n;duration_subdomains_z_n;endTime;exit;exit_signal;implicitSolver_preconditionerType;implicitSolver_solverType;memoryData;memoryPage;memoryResidentSet;memoryVirtual;meta_partitioning;nInstancesComputedGlobally;nIterations_potentialFlowSolver;potentialFlowSolver_preconditionerType;potentialFlowSolver_solverType;residualNorm_potentialFlowSolver;scenarioName;totalUsertime;~nDofs;~nDofs3Dmesh;~nDofsFiber0;~nElements;~nElements3Dmesh;~nElementsFiber0;~nNodes;~nNodes3Dmesh;~nNodesFiber0;nIterationsTotal_potentialFlowSolver;
2021/1/16 12:00:12;pcsgs02;opendihu 1.2, built Jan 14 2021, C++ 201402, GCC 10.2.0;1;0;0.00257529;172;2.62067;25;0.11496;169;0.00776239;25;8.5506e-05;1;0.204057;1;0.00297818;3;2.50601e-06;1;0.121211;1;0.00325397;1;3.6949e-05;2;0.00334513;1;0.00645162;2;0.0;0;0.0;0;0.210748;1;0.0210826;1;2.0244e-05;172;0.37114;172;0.00975791;1;0.210823;340;0.210767;1;0.526842;1;0.184935;1;0;0;0.531112;1;0;0;none;cg;0.003;0.001;0.4;0.003;1;169;100;Interrupt;2;none;cg;506363904;4096;587018240;6337658880;[1, 1, 1];169;219;none;gmres;9.65283e-10;double;5.76;1481;1519;1481;1480;1080;1480;1481;1519;1481;219;
# timestamp;hostname;version;nRanks;rankNo;durationAssembleBoundaryConditions;n;durationComputeMappingBetweenMeshes;n;durationInitCellml;n;durationMap;n;durationMapPrepare;n;durationParaview1D;n;durationParaview1DInit;n;durationParaview1DReduction;n;durationParaview1DWrite;n;durationParaview2D;n;durationParaview2D3DInit;n;durationParaview3D;n;durationParaview3DInit;n;durationParaview3DReduction;n;durationParaview3DWrite;n;durationParaviewOutput;n;durationReadGeometry;n;durationSetRightHandSide;n;durationSetStiffnessMatrix;n;durationSolve_potentialFlowSolver;n;durationWriteOutput;n;durationWriteOutputParaview;n;duration_subdomains_xy_init;n;duration_subdomains_z_init;n;duration_total;n;duration_total_advanceTimeSpan1;n;duration_total_transfer12;n;activationSolver_preconditionerType;activationSolver_solverType;dt_0D;dt_1D;dt_3D;dt_splitting;duration_subdomains_xy_n;duration_subdomains_z_n;endTime;exit;exit_signal;implicitSolver_preconditionerType;implicitSolver_solverType;memoryData;memoryPage;memoryResidentSet;memoryVirtual;meta_partitioning;nInstancesComputedGlobally;nIterations_potentialFlowSolver;potentialFlowSolver_preconditionerType;potentialFlowSolver_solverType;residualNorm_potentialFlowSolver;scenarioName;totalUsertime;~nDofs;~nDofs3Dmesh;~nDofsFiber0;~nElements;~nElements3Dmesh;~nElementsFiber0;~nNodes;~nNodes3Dmesh;~nNodesFiber0;nIterationsTotal_potentialFlowSolver;
2021/1/16 12:00:35;pcsgs02;opendihu 1.2, built Jan 14 2021, C++ 201402, GCC 10.2.0;1;0;0.00239664;172;6.59271;157;0.109825;169;0.0490638;157;8.5549e-05;1;0.206354;1;0.00325546;3;3.08e-06;1;0.121054;1;0.00314329;1;3.4866e-05;2;0.00315706;1;0.0061644;2;0.0;0;0.0;0;0.212739;1;0.0139622;1;1.86318e-05;172;0.371185;172;0.00986943;1;0.212816;340;0.212756;1;0.50896;1;0.176746;1;0;0;0.68563;1;0;0;none;cg;0.003;0.001;0.4;0.003;1;169;100;Interrupt;2;none;cg;506327040;4096;578748416;6337613824;[1, 1, 1];169;219;none;gmres;9.65283e-10;double;9.41;1481;1519;1481;1480;1080;1480;1481;1519;1481;219;
# timestamp;hostname;version;nRanks;rankNo;durationAssembleBoundaryConditions;n;durationComputeMappingBetweenMeshes;n;durationInitCellml;n;durationMap;n;durationMapFinalize;n;durationMapPrepare;n;durationParaview1D;n;durationParaview1DInit;n;durationParaview1DReduction;n;durationParaview1DWrite;n;durationParaview2D;n;durationParaview2D3DInit;n;durationParaview3D;n;durationParaview3DInit;n;durationParaview3DReduction;n;durationParaview3DWrite;n;durationParaviewOutput;n;durationReadGeometry;n;durationSetRightHandSide;n;durationSetStiffnessMatrix;n;durationSolve_activationSolver;n;durationSolve_potentialFlowSolver;n;durationWriteOutput;n;durationWriteOutputParaview;n;duration_bidomain;n;duration_subdomains_xy_init;n;duration_subdomains_z_init;n;duration_total;n;duration_total_advanceTimeSpan1;n;duration_total_advanceTimeSpan2;n;duration_total_transfer12;n;duration_total_transfer21;n;activationSolver_preconditionerType;activationSolver_solverType;currentSimulationTime;dt_0D;dt_1D;dt_3D;dt_splitting;duration_subdomains_xy_n;duration_subdomains_z_n;endTime;exit;exit_signal;implicitSolver_preconditionerType;implicitSolver_solverType;memoryData;memoryPage;memoryResidentSet;memoryVirtual;meta_partitioning;nInstancesComputedGlobally;nIterations_activationSolver;nIterations_potentialFlowSolver;potentialFlowSolver_preconditionerType;potentialFlowSolver_solverType;residualNorm_activationSolver;residualNorm_potentialFlowSolver;scenarioName;totalUsertime;~nDofs;~nDofs3Dmesh;~nDofsFiber0;~nElements;~nElements3Dmesh;~nElementsFiber0;~nNodes;~nNodes3Dmesh;~nNodesFiber0;nIterationsTotal_activationSolver;nIterationsTotal_potentialFlowSolver;
2021/1/16 12:58:34;pcsgs02;opendihu 1.2, built Jan 14 2021, C++ 201402, GCC 10.2.0;1;0;0.00247291;172;10.736;169;0.112306;169;1.72232;6253;0.0840095;37;0.00174798;37;7.74206;74;0.00331228;5;3.25998e-06;1;4.81528;37;0.0339612;74;3.911e-05;4;0.0080252;74;0.00643267;5;3.258e-06;1;0.0114993;37;7.79119;74;0.0266042;1;1.39016e-05;172;0.364378;172;0.0830012;37;0.0103248;1;7.79237;450;7.7921;111;0.0851552;37;0.511545;1;0.179779;1;0;0;24.6556;37;0.123036;37;12.6648;37;0.00830412;37;none;cg;14.800000;0.003;0.001;0.4;0.003;1;169;100;Interrupt;2;none;cg;540573696;4096;613302272;6371868672;[1, 1, 1];169;68;219;none;gmres;0.000548227;9.65283e-10;double;39.11;1481;1519;1481;1480;1080;1480;1481;1519;1481;2592;219;
# timestamp;hostname;version;nRanks;rankNo;durationAssembleBoundaryConditions;n;durationComputeMappingBetweenMeshes;n;durationInitCellml;n;durationMap;n;durationMapFinalize;n;durationMapPrepare;n;durationParaview1D;n;durationParaview1DInit;n;durationParaview1DReduction;n;durationParaview1DWrite;n;durationParaview2D;n;durationParaview2D3DInit;n;durationParaview3D;n;durationParaview3DInit;n;durationParaview3DReduction;n;durationParaview3DWrite;n;durationParaviewOutput;n;durationReadGeometry;n;durationSetRightHandSide;n;durationSetStiffnessMatrix;n;durationSolve_activationSolver;n;durationSolve_potentialFlowSolver;n;durationWriteOutput;n;durationWriteOutputParaview;n;duration_bidomain;n;duration_subdomains_xy_init;n;duration_subdomains_z_init;n;duration_total;n;duration_total_advanceTimeSpan1;n;duration_total_advanceTimeSpan2;n;duration_total_transfer12;n;duration_total_transfer21;n;activationSolver_preconditionerType;activationSolver_solverType;currentSimulationTime;dt_0D;dt_1D;dt_3D;dt_splitting;duration_subdomains_xy_n;duration_subdomains_z_n;endTime;exit;exit_signal;implicitSolver_preconditionerType;implicitSolver_solverType;memoryData;memoryPage;memoryResidentSet;memoryVirtual;meta_partitioning;nInstancesComputedGlobally;nIterations_activationSolver;nIterations_potentialFlowSolver;potentialFlowSolver_preconditionerType;potentialFlowSolver_solverType;residualNorm_activationSolver;residualNorm_potentialFlowSolver;scenarioName;totalUsertime;~nDofs;~nDofs3Dmesh;~nDofsFiber0;~nElements;~nElements3Dmesh;~nElementsFiber0;~nNodes;~nNodes3Dmesh;~nNodesFiber0;nIterationsTotal_activationSolver;nIterationsTotal_potentialFlowSolver;
2021/1/16 13:01:21;pcsgs02;opendihu 1.2, built Jan 14 2021, C++ 201402, GCC 10.2.0;1;0;0.00230027;172;10.6057;169;0.117413;169;11.0325;42250;0.525235;250;0.0132551;250;50.3683;504;0.00298592;7;3.24001e-06;1;30.4408;250;0.210279;504;7e-05;6;0.0461228;504;0.00769311;8;5.73398e-06;2;0.0816122;254;50.6743;504;0.027182;1;1.90217e-05;172;0.367212;172;0.0117148;250;0.0094328;1;50.6815;1089;50.68;750;0.02532;250;0.551227;1;0.188177;1;154.903;1;131.57;250;0.288331;250;22.9749;250;0.0570668;250;none;cg;100.000000;0.003;0.001;0.4;0.003;1;169;100;normal;;none;cg;570720256;4096;643444736;6402015232;[1, 1, 1];169;0;219;none;gmres;7.74909e-05;9.65283e-10;double;154.48;1481;1519;1481;1480;1080;1480;1481;1519;1481;220;219;
# timestamp;hostname;version;nRanks;rankNo;durationAssembleBoundaryConditions;n;durationComputeMappingBetweenMeshes;n;durationInitCellml;n;durationMap;n;durationMapFinalize;n;durationMapPrepare;n;durationParaview1D;n;durationParaview1DInit;n;durationParaview1DReduction;n;durationParaview1DWrite;n;durationParaview2D;n;durationParaview2D3DInit;n;durationParaview3D;n;durationParaview3DInit;n;durationParaview3DReduction;n;durationParaview3DWrite;n;durationParaviewOutput;n;durationReadGeometry;n;durationSetRightHandSide;n;durationSetStiffnessMatrix;n;durationSolve_activationSolver;n;durationSolve_potentialFlowSolver;n;durationWriteOutput;n;durationWriteOutputParaview;n;duration_bidomain;n;duration_subdomains_xy_init;n;duration_subdomains_z_init;n;duration_total;n;duration_total_advanceTimeSpan1;n;duration_total_advanceTimeSpan2;n;duration_total_transfer12;n;duration_total_transfer21;n;activationSolver_preconditionerType;activationSolver_solverType;currentSimulationTime;dt_0D;dt_1D;dt_3D;dt_splitting;duration_subdomains_xy_n;duration_subdomains_z_n;endTime;exit;exit_signal;implicitSolver_preconditionerType;implicitSolver_solverType;memoryData;memoryPage;memoryResidentSet;memoryVirtual;meta_partitioning;nInstancesComputedGlobally;nIterations_activationSolver;nIterations_potentialFlowSolver;potentialFlowSolver_preconditionerType;potentialFlowSolver_solverType;residualNorm_activationSolver;residualNorm_potentialFlowSolver;scenarioName;totalUsertime;~nDofs;~nDofs3Dmesh;~nDofsFiber0;~nElements;~nElements3Dmesh;~nElementsFiber0;~nNodes;~nNodes3Dmesh;~nNodesFiber0;nIterationsTotal_activationSolver;nIterationsTotal_potentialFlowSolver;
2021/1/16 13:18:19;pcsgs02;opendihu 1.2, built Jan 14 2021, C++ 201402, GCC 10.2.0;1;0;0.00238229;172;10.3712;169;0.114018;169;1.13469;4225;0.0543949;25;0.00110123;25;5.42132;50;0.00296878;5;8.71898e-06;1;2.95657;25;0.0225253;50;3.55801e-05;4;0.00609234;50;0.00576552;5;2.80095e-06;1;0.00709939;25;5.45458;50;0.0180274;1;2.09317e-05;172;0.361316;172;0.0164642;25;0.0100756;1;5.45538;414;5.45517;75;0.0179097;25;0.524691;1;0.183143;1;25.1449;1;13.4522;25;0.0422194;25;11.6436;25;0.00566195;25;none;cg;10.000000;0.003;0.001;0.4;0.003;1;169;10;normal;;none;cg;534880256;4096;607887360;6366175232;[1, 1, 1];169;0;219;none;gmres;0.000403793;9.65283e-10;double;25.95;1481;1519;1481;1480;1080;1480;1481;1519;1481;510;219;
# timestamp;hostname;version;nRanks;rankNo;durationAssembleBoundaryConditions;n;durationComputeMappingBetweenMeshes;n;durationInitCellml;n;durationMap;n;durationMapFinalize;n;durationMapPrepare;n;durationParaview1D;n;durationParaview1DInit;n;durationParaview1DReduction;n;durationParaview1DWrite;n;durationParaview2D;n;durationParaview2D3DInit;n;durationParaview3D;n;durationParaview3DInit;n;durationParaview3DReduction;n;durationParaview3DWrite;n;durationParaviewOutput;n;durationReadGeometry;n;durationSetRightHandSide;n;durationSetStiffnessMatrix;n;durationSolve_activationSolver;n;durationSolve_potentialFlowSolver;n;durationWriteOutput;n;durationWriteOutputParaview;n;duration_bidomain;n;duration_subdomains_xy_init;n;duration_subdomains_z_init;n;duration_total;n;duration_total_advanceTimeSpan1;n;duration_total_advanceTimeSpan2;n;duration_total_transfer12;n;duration_total_transfer21;n;activationSolver_preconditionerType;activationSolver_solverType;currentSimulationTime;dt_0D;dt_1D;dt_3D;dt_splitting;duration_subdomains_xy_n;duration_subdomains_z_n;endTime;exit;exit_signal;implicitSolver_preconditionerType;implicitSolver_solverType;memoryData;memoryPage;memoryResidentSet;memoryVirtual;meta_partitioning;nInstancesComputedGlobally;nIterations_activationSolver;nIterations_potentialFlowSolver;potentialFlowSolver_preconditionerType;potentialFlowSolver_solverType;residualNorm_activationSolver;residualNorm_potentialFlowSolver;scenarioName;totalUsertime;~nDofs;~nDofs3Dmesh;~nDofsFiber0;~nElements;~nElements3Dmesh;~nElementsFiber0;~nNodes;~nNodes3Dmesh;~nNodesFiber0;nIterationsTotal_activationSolver;nIterationsTotal_potentialFlowSolver;
2021/1/16 13:34:23;pcsgs02;opendihu 1.2, built Jan 14 2021, C++ 201402, GCC 10.2.0;1;0;0.00240599;172;10.6502;169;0.111922;169;1.08743;4225;0.0517228;25;0.00106412;25;5.24093;50;0.00329793;5;8.09703e-06;1;2.82893;25;0.0222568;50;4.2095e-05;4;0.00637383;50;0.00644445;5;3.10695e-06;1;0.00674892;25;5.27418;50;0.0236928;1;1.54978e-05;172;0.361145;172;0.00726153;25;0.0103209;1;5.27496;414;5.27476;75;0.00864655;25;0.512228;1;0.179858;1;767.589;1;755.677;25;0.0322535;25;11.8725;25;0.00566428;25;none;cg;10.000000;3e-05;1e-05;0.4;3e-05;1;169;10;normal;;none;cg;534876160;4096;607330304;6366171136;[1, 1, 1];169;0;219;none;gmres;8.3575e-05;9.65283e-10;double;768.54;1481;1519;1481;1480;1080;1480;1481;1519;1481;220;219;
# timestamp;hostname;version;nRanks;rankNo;durationAssembleBoundaryConditions;n;durationComputeMappingBetweenMeshes;n;durationInitCellml;n;durationMap;n;durationMapFinalize;n;durationMapPrepare;n;durationParaview1D;n;durationParaview1DInit;n;durationParaview1DReduction;n;durationParaview1DWrite;n;durationParaview2D;n;durationParaview2D3DInit;n;durationParaview3D;n;durationParaview3DInit;n;durationParaview3DReduction;n;durationParaview3DWrite;n;durationParaviewOutput;n;durationReadGeometry;n;durationSetRightHandSide;n;durationSetStiffnessMatrix;n;durationSolve_activationSolver;n;durationSolve_potentialFlowSolver;n;durationWriteOutput;n;durationWriteOutputParaview;n;duration_0D;n;duration_1D;n;duration_bidomain;n;duration_subdomains_xy_init;n;duration_subdomains_z_init;n;duration_total;n;duration_total_advanceTimeSpan1;n;duration_total_advanceTimeSpan2;n;duration_total_transfer12;n;duration_total_transfer21;n;activationSolver_preconditionerType;activationSolver_solverType;currentSimulationTime;dt_0D;dt_1D;dt_3D;dt_splitting;duration_subdomains_xy_n;duration_subdomains_z_n;endTime;exit;exit_signal;implicitSolver_preconditionerType;implicitSolver_solverType;memoryData;memoryPage;memoryResidentSet;memoryVirtual;meta_partitioning;nInstancesComputedGlobally;nIterations_activationSolver;nIterations_potentialFlowSolver;potentialFlowSolver_preconditionerType;potentialFlowSolver_solverType;residualNorm_activationSolver;residualNorm_potentialFlowSolver;scenarioName;totalUsertime;~nDofs;~nDofs3Dmesh;~nDofsFiber0;~nElements;~nElements3Dmesh;~nElementsFiber0;~nNodes;~nNodes3Dmesh;~nNodesFiber0;nIterationsTotal_activationSolver;nIterationsTotal_potentialFlowSolver;
2021/1/16 15:35:39;pcsgs02;opendihu 1.2, built Jan 16 2021, C++ 201402, GCC 10.2.0;1;0;0.00237815;172;10.5295;169;3.02752;169;1.0827;4225;0.0553671;25;0.00111086;25;5.59763;50;0.00309598;5;8.84105e-06;1;2.93521;25;0.0220509;50;3.7246e-05;4;0.00594613;50;0.00570361;5;2.24798e-06;1;0.00677914;25;5.63044;50;0.0130324;1;1.65048e-05;172;0.364873;172;0.0515474;25;0.00983114;1;5.63131;414;5.6311;75;1421.62;666700;529.979;300015;0.0529748;25;3.47304;1;3.1082;1;1970;1;1958.16;25;0.0768276;25;11.7531;25;0.00564622;25;none;cg;10.000000;3e-05;1e-05;0.4;3e-05;1;169;10;normal;;none;cg;453570560;4096;462032896;875253760;[1, 1, 1];169;72;219;none;gmres;0.0360432;9.65283e-10;vc-1;1969.67;1481;1519;1481;1480;1080;1480;1481;1519;1481;1721;219;
# timestamp;hostname;version;nRanks;rankNo;durationAssembleBoundaryConditions;n;durationComputeMappingBetweenMeshes;n;durationInitCellml;n;durationMap;n;durationMapFinalize;n;durationMapPrepare;n;durationParaview1D;n;durationParaview1DInit;n;durationParaview1DReduction;n;durationParaview1DWrite;n;durationParaview2D;n;durationParaview2D3DInit;n;durationParaview3D;n;durationParaview3DInit;n;durationParaview3DReduction;n;durationParaview3DWrite;n;durationParaviewOutput;n;durationReadGeometry;n;durationSetRightHandSide;n;durationSetStiffnessMatrix;n;durationSolve_activationSolver;n;durationSolve_potentialFlowSolver;n;durationWriteOutput;n;durationWriteOutputParaview;n;duration_0D;n;duration_1D;n;duration_bidomain;n;duration_subdomains_xy_init;n;duration_subdomains_z_init;n;duration_total;n;duration_total_advanceTimeSpan1;n;duration_total_advanceTimeSpan2;n;duration_total_transfer12;n;duration_total_transfer21;n;activationSolver_preconditionerType;activationSolver_solverType;currentSimulationTime;dt_0D;dt_1D;dt_3D;dt_splitting;duration_subdomains_xy_n;duration_subdomains_z_n;endTime;exit;exit_signal;implicitSolver_preconditionerType;implicitSolver_solverType;memoryData;memoryPage;memoryResidentSet;memoryVirtual;meta_partitioning;nInstancesComputedGlobally;nIterations_activationSolver;nIterations_potentialFlowSolver;potentialFlowSolver_preconditionerType;potentialFlowSolver_solverType;residualNorm_activationSolver;residualNorm_potentialFlowSolver;scenarioName;totalUsertime;~nDofs;~nDofs3Dmesh;~nDofsFiber0;~nElements;~nElements3Dmesh;~nElementsFiber0;~nNodes;~nNodes3Dmesh;~nNodesFiber0;nIterationsTotal_activationSolver;nIterationsTotal_potentialFlowSolver;
2021/1/16 15:52:47;pcsgs02;opendihu 1.2, built Jan 16 2021, C++ 201402, GCC 10.2.0;2;0;0.0020318;172;2.04834;169;7.97495;169;0.553034;4225;0.233309;25;0.00112405;25;3.42474;50;0.00293594;5;1.6846e-05;1;1.56365;25;0.0214479;50;3.6419e-05;4;0.00604627;50;0.00583312;5;4.281e-06;1;0.00501079;25;3.4574;50;0.0214211;1;1.62735e-05;172;0.215054;172;0.0321469;25;0.00583463;1;3.45828;414;3.45809;75;724.437;666700;283.799;300015;0.0349568;25;8.38151;1;8.0722;1;1015.35;1;1012.39;25;0.0586915;25;2.89391;25;0.0057963;25;none;cg;10.000000;3e-05;1e-05;0.4;3e-05;1;169;10;normal;;none;cg;356552704;4096;351674368;788758528;[1, 1, 2];169;73;226;none;gmres;0.0359974;8.08604e-10;vc-2;1015.61;1481;1519;1481;1480;1080;1480;1481;1519;1481;1754;226;
2021/1/16 15:52:47;pcsgs02;opendihu 1.2, built Jan 16 2021, C++ 201402, GCC 10.2.0;2;1;0.00200504;172;2.20793;169;7.97529;169;0.543505;4225;0.0444311;25;0.0503067;25;3.41936;50;0.504638;5;0.501723;1;1.56361;25;0.0201415;50;3.7394e-05;4;0.00610972;50;0.00589169;5;4.4837e-05;1;0.00501535;25;3.45191;50;0.0224426;1;1.60348e-05;172;0.215147;172;0.0321421;25;0.00583477;1;3.45278;414;3.4526;75;722.239;666700;279.685;300015;0.033203;25;8.38146;1;8.07228;1;1015.35;1;1012.39;25;0.0569302;25;2.90117;25;0.00566209;25;none;cg;10.000000;3e-05;1e-05;0.4;3e-05;1;169;10;normal;;none;cg;364736512;4096;359600128;796938240;[1, 1, 2];169;73;226;none;gmres;0.0359974;8.08604e-10;vc-2;1024.07;1481;1519;1481;1480;1080;1480;1481;1519;1481;1754;226;
# timestamp;hostname;version;nRanks;rankNo;durationAssembleBoundaryConditions;n;durationComputeMappingBetweenMeshes;n;durationInitCellml;n;durationMap;n;durationMapFinalize;n;durationMapPrepare;n;durationParaview1D;n;durationParaview1DInit;n;durationParaview1DReduction;n;durationParaview1DWrite;n;durationParaview2D;n;durationParaview2D3DInit;n;durationParaview3D;n;durationParaview3DInit;n;durationParaview3DReduction;n;durationParaview3DWrite;n;durationParaviewOutput;n;durationReadGeometry;n;durationSetRightHandSide;n;durationSetStiffnessMatrix;n;durationSolve_activationSolver;n;durationSolve_potentialFlowSolver;n;durationWriteOutput;n;durationWriteOutputParaview;n;duration_0D;n;duration_1D;n;duration_bidomain;n;duration_subdomains_xy_init;n;duration_subdomains_z_init;n;duration_total;n;duration_total_advanceTimeSpan1;n;duration_total_advanceTimeSpan2;n;duration_total_transfer12;n;duration_total_transfer21;n;activationSolver_preconditionerType;activationSolver_solverType;currentSimulationTime;dt_0D;dt_1D;dt_3D;dt_splitting;duration_subdomains_xy_n;duration_subdomains_z_n;endTime;exit;exit_signal;implicitSolver_preconditionerType;implicitSolver_solverType;memoryData;memoryPage;memoryResidentSet;memoryVirtual;meta_partitioning;nInstancesComputedGlobally;nIterations_activationSolver;nIterations_potentialFlowSolver;potentialFlowSolver_preconditionerType;potentialFlowSolver_solverType;residualNorm_activationSolver;residualNorm_potentialFlowSolver;scenarioName;totalUsertime;~nDofs;~nDofs3Dmesh;~nDofsFiber0;~nElements;~nElements3Dmesh;~nElementsFiber0;~nNodes;~nNodes3Dmesh;~nNodesFiber0;nIterationsTotal_activationSolver;nIterationsTotal_potentialFlowSolver;
2021/1/16 16:02:34;pcsgs02;opendihu 1.2, built Jan 16 2021, C++ 201402, GCC 10.2.0;4;0;0.00195489;94;0.568847;91;0.0755289;91;0.320872;2275;0.739334;25;0.000639085;25;1.92053;50;0.000897821;5;5.67e-05;1;0.99065;25;0.0303967;50;2.0943e-05;4;0.00351676;50;0.00159756;5;5.69905e-06;1;0.0147447;25;1.95866;50;0.0623126;1;8.69023e-06;94;0.139903;94;0.0277703;25;0.00554947;1;1.95934;258;1.95917;75;412.591;666700;166.236;300015;0.0297508;25;0.295899;1;0.126192;1;582.982;1;581.248;25;0.0657072;25;1.66406;25;0.00318294;25;none;cg;10.000000;3e-05;1e-05;0.4;3e-05;1;91;10;normal;;none;cg;221908992;4096;226869248;662511616;[2, 1, 2];91;74;280;none;gmres;0.0358039;8.9433e-10;vc-4;582.94;1481;1736;1481;1480;1260;1480;1481;1736;1481;1801;280;
2021/1/16 16:02:34;pcsgs02;opendihu 1.2, built Jan 16 2021, C++ 201402, GCC 10.2.0;4;1;0.00195204;81;0.648785;78;0.066409;78;0.265541;1950;0.682955;25;0.0443186;25;105.765;50;0.503704;5;0.502989;1;0.990644;25;0.0287459;50;1.82771e-05;4;0.00312513;50;0.00141618;5;5.4968e-05;1;0.014749;25;105.803;50;0.0628457;1;7.91787e-06;81;0.134855;81;0.0277884;25;0.00555411;1;105.803;232;105.803;75;333.672;666700;141.263;300015;0.0293905;25;0.260461;1;0.110349;1;582.982;1;581.243;25;0.0653492;25;1.67061;25;0.00270054;25;none;cg;10.000000;3e-05;1e-05;0.4;3e-05;1;78;10;normal;;none;cg;197480448;4096;202448896;638083072;[2, 1, 2];78;74;280;none;gmres;0.0358039;8.9433e-10;vc-4;586.58;1481;1736;1480;1260;1481;1736;1801;280;
2021/1/16 16:02:34;pcsgs02;opendihu 1.2, built Jan 16 2021, C++ 201402, GCC 10.2.0;4;2;0.0019433;94;1.2512;91;0.0767201;91;0.324466;2275;0.0193011;25;0.0415157;25;1.91602;50;0.503829;5;0.502983;1;0.990653;25;0.0289662;50;2.12789e-05;4;0.0034156;50;0.0016507;5;5.5631e-05;1;0.0147566;25;1.95403;50;0.0624996;1;8.47393e-06;94;0.139996;94;0.0277689;25;0.00555366;1;1.95473;258;1.95456;75;400.019;666700;162.536;300015;0.0286864;25;0.297025;1;0.12741;1;582.982;1;581.244;25;0.0646462;25;1.66975;25;0.00315719;25;none;cg;10.000000;3e-05;1e-05;0.4;3e-05;1;91;10;normal;;none;cg;218898432;4096;222822400;659496960;[2, 1, 2];91;74;280;none;gmres;0.0358039;8.9433e-10;vc-4;586.6;1481;1736;1481;1480;1260;1480;1481;1736;1481;1801;280;
2021/1/16 16:02:34;pcsgs02;opendihu 1.2, built Jan 16 2021, C++ 201402, GCC 10.2.0;4;3;0.00194872;81;0.724745;78;0.0649431;78;0.263206;1950;0.611708;25;0.042398;25;105.765;50;0.503709;5;0.50299;1;0.990827;25;0.0287584;50;1.9262e-05;4;0.00316836;50;0.00141195;5;5.5624e-05;1;0.0149319;25;105.803;50;0.052037;1;8.62725e-06;81;0.134865;81;0.0277733;25;0.00555364;1;105.803;232;105.803;75;331.121;666700;141.525;300015;0.0287466;25;0.259243;1;0.109142;1;582.983;1;581.243;25;0.0647187;25;1.67131;25;0.00271924;25;none;cg;10.000000;3e-05;1e-05;0.4;3e-05;1;78;10;normal;;none;cg;197386240;4096;203169792;637984768;[2, 1, 2];78;74;280;none;gmres;0.0358039;8.9433e-10;vc-4;586.62;1481;1736;1480;1260;1481;1736;1801;280;
# timestamp;hostname;version;nRanks;rankNo;durationAssembleBoundaryConditions;n;durationComputeMappingBetweenMeshes;n;durationInitCellml;n;durationMap;n;durationMapFinalize;n;durationMapPrepare;n;durationParaview1D;n;durationParaview1DInit;n;durationParaview1DReduction;n;durationParaview1DWrite;n;durationParaview2D;n;durationParaview2D3DInit;n;durationParaview3D;n;durationParaview3DInit;n;durationParaview3DReduction;n;durationParaview3DWrite;n;durationParaviewOutput;n;durationReadGeometry;n;durationSetRightHandSide;n;durationSetStiffnessMatrix;n;durationSolve_activationSolver;n;durationSolve_potentialFlowSolver;n;durationWriteOutput;n;durationWriteOutputParaview;n;duration_0D;n;duration_1D;n;duration_bidomain;n;duration_subdomains_xy_init;n;duration_subdomains_z_init;n;duration_total;n;duration_total_advanceTimeSpan1;n;duration_total_advanceTimeSpan2;n;duration_total_transfer12;n;duration_total_transfer21;n;activationSolver_preconditionerType;activationSolver_solverType;currentSimulationTime;dt_0D;dt_1D;dt_3D;dt_splitting;duration_subdomains_xy_n;duration_subdomains_z_n;endTime;exit;exit_signal;implicitSolver_preconditionerType;implicitSolver_solverType;memoryData;memoryPage;memoryResidentSet;memoryVirtual;meta_partitioning;nInstancesComputedGlobally;nIterations_activationSolver;nIterations_potentialFlowSolver;potentialFlowSolver_preconditionerType;potentialFlowSolver_solverType;residualNorm_activationSolver;residualNorm_potentialFlowSolver;scenarioName;totalUsertime;~nDofs;~nDofs3Dmesh;~nDofsFiber0;~nElements;~nElements3Dmesh;~nElementsFiber0;~nNodes;~nNodes3Dmesh;~nNodesFiber0;nIterationsTotal_activationSolver;nIterationsTotal_potentialFlowSolver;
2021/1/16 16:08:03;pcsgs02;opendihu 1.2, built Jan 16 2021, C++ 201402, GCC 10.2.0;8;0;0.00232499;52;0.211564;49;0.042619;49;0.180329;1225;0.394209;25;0.000599716;25;1.25077;25;0.00030787;3;3.2015e-05;1;0.594372;25;0.000619716;25;1.0023e-05;2;0.00122954;25;0.000519878;2;0.0;0;0.0;0;1.2537;25;0.0746775;1;6.05587e-06;52;0.0968152;52;0.035835;25;0.00776539;1;1.25413;149;1.25401;50;228.909;666700;93.1885;300015;0.0376616;25;0.170024;1;0.0717394;1;324.621;1;323.769;25;0.0377451;25;0.811038;25;0.00174665;25;none;cg;10.000000;3e-05;1e-05;0.4;3e-05;1;49;10;normal;;none;cg;144064512;4096;153952256;601432064;[2, 2, 2];49;79;343;none;gmres;0.033742;9.49169e-10;vc-8;324.59;1481;1984;1481;1480;1470;1480;1481;1984;1481;1897;343;
2021/1/16 16:08:03;pcsgs02;opendihu 1.2, built Jan 16 2021, C++ 201402, GCC 10.2.0;8;1;0.00231239;45;0.250163;42;0.0374589;42;0.151162;1050;0.352269;25;0.0369076;25;61.8566;25;0.504496;3;0.504234;1;0.594377;25;0.000485858;25;9.20403e-06;2;0.00099277;25;0.000440125;2;0.0;0;0.0;0;61.8589;25;0.076324;1;4.68903e-06;45;0.0931332;45;0.0358206;25;0.00779499;1;61.8594;135;61.8592;50;183.782;666700;77.8024;300015;0.0376368;25;0.147048;1;0.0624809;1;324.622;1;323.77;25;0.0377244;25;0.812305;25;0.00145133;25;none;cg;10.000000;3e-05;1e-05;0.4;3e-05;1;42;10;normal;;none;cg;128393216;4096;138338304;585760768;[2, 2, 2];42;79;343;none;gmres;0.033742;9.49169e-10;vc-8;328.06;1481;1984;1480;1470;1481;1984;1897;343;
2021/1/16 16:08:03;pcsgs02;opendihu 1.2, built Jan 16 2021, C++ 201402, GCC 10.2.0;8;2;0.00231731;45;0.413634;42;0.0367033;42;0.156372;1050;0.187769;25;0.0347977;25;33.7679;50;0.504469;5;0.504237;1;0.594361;25;0.0317516;50;1.081e-05;4;0.00243753;50;0.000427471;5;6.23299e-06;1;0.0159663;25;33.8056;50;0.0763407;1;4.78089e-06;45;0.0929985;45;0.0357927;25;0.00779486;1;33.8062;160;33.8061;75;211.48;666700;78.089;300015;0.0372781;25;0.145645;1;0.0614074;1;324.623;1;323.731;25;0.0758191;25;0.814693;25;0.00161302;25;none;cg;10.000000;3e-05;1e-05;0.4;3e-05;1;42;10;normal;;none;cg;131837952;4096;141819904;589205504;[2, 2, 2];42;79;343;none;gmres;0.033742;9.49169e-10;vc-8;328.07;1481;1984;1480;1470;1481;1984;1897;343;
2021/1/16 16:08:03;pcsgs02;opendihu 1.2, built Jan 16 2021, C++ 201402, GCC 10.2.0;8;3;0.00231029;39;0.358409;36;0.0324014;36;0.128306;900;0.267233;25;0.0398094;25;103.615;50;0.504419;5;0.504232;1;0.594338;25;0.0300756;50;8.92807e-06;4;0.00235351;50;0.000405092;5;7.0139e-05;1;0.0159864;25;103.652;50;0.0756148;1;3.88228e-06;39;0.0902468;39;0.0357907;25;0.00779498;1;103.653;148;103.653;75;149.285;666700;66.7388;300015;0.0378062;25;0.128199;1;0.054248;1;324.623;1;323.732;25;0.0763447;25;0.813269;25;0.00140871;25;none;cg;10.000000;3e-05;1e-05;0.4;3e-05;1;36;10;normal;;none;cg;119689216;4096;130387968;577056768;[2, 2, 2];36;79;343;none;gmres;0.033742;9.49169e-10;vc-8;328.09;1481;1984;1480;1470;1481;1984;1897;343;
2021/1/16 16:08:03;pcsgs02;opendihu 1.2, built Jan 16 2021, C++ 201402, GCC 10.2.0;8;4;0.00232023;52;0.196201;49;0.0426538;49;0.177508;1225;0.38134;25;0.0345105;25;1.24891;25;0.504524;3;0.504249;1;0.594373;25;0.000546475;25;1.0907e-05;2;0.00103588;25;0.000520747;2;0.0;0;0.0;0;1.25141;25;0.066871;1;5.21401e-06;52;0.0968212;52;0.0357746;25;0.00779489;1;1.25185;149;1.25174;50;218.87;666700;89.2956;300015;0.0371194;25;0.169953;1;0.0717275;1;324.621;1;323.768;25;0.0372043;25;0.813882;25;0.00163751;25;none;cg;10.000000;3e-05;1e-05;0.4;3e-05;1;49;10;normal;;none;cg;141762560;4096;150827008;599126016;[2, 2, 2];49;79;343;none;gmres;0.033742;9.49169e-10;vc-8;328.06;1481;1984;1481;1480;1470;1480;1481;1984;1481;1897;343;
2021/1/16 16:08:03;pcsgs02;opendihu 1.2, built Jan 16 2021, C++ 201402, GCC 10.2.0;8;5;0.00230747;45;0.307844;42;0.0368536;42;0.148567;1050;0.29965;25;0.0350471;25;61.8563;25;0.504474;3;0.504239;1;0.594359;25;0.000491084;25;9.38203e-06;2;0.000936662;25;0.000436108;2;0.0;0;0.0;0;61.8586;25;0.0668313;1;4.78083e-06;45;0.0931275;45;0.0358105;25;0.00779453;1;61.8591;135;61.859;50;181.906;666700;78.138;300015;0.0372013;25;0.146361;1;0.0617983;1;324.622;1;323.77;25;0.0372904;25;0.813028;25;0.00140935;25;none;cg;10.000000;3e-05;1e-05;0.4;3e-05;1;42;10;normal;;none;cg;128229376;4096;138723328;585592832;[2, 2, 2];42;79;343;none;gmres;0.033742;9.49169e-10;vc-8;328.05;1481;1984;1480;1470;1481;1984;1897;343;
2021/1/16 16:08:03;pcsgs02;opendihu 1.2, built Jan 16 2021, C++ 201402, GCC 10.2.0;8;6;0.00230926;45;0.554609;42;0.0373093;42;0.144121;1050;0.0577512;25;0.0365113;25;33.7679;50;0.50448;5;0.504245;1;0.594333;25;0.0301426;50;1.1753e-05;4;0.00239973;50;0.000493128;5;7.3416e-05;1;0.0159856;25;33.8055;50;0.0763217;1;4.42326e-06;45;0.0930073;45;0.0358012;25;0.00779532;1;33.8062;160;33.806;75;211.5;666700;77.4212;300015;0.0372055;25;0.146411;1;0.0621558;1;324.623;1;323.73;25;0.0757508;25;0.814812;25;0.00161864;25;none;cg;10.000000;3e-05;1e-05;0.4;3e-05;1;42;10;normal;;none;cg;131694592;4096;141475840;589058048;[2, 2, 2];42;79;343;none;gmres;0.033742;9.49169e-10;vc-8;328.08;1481;1984;1480;1470;1481;1984;1897;343;
2021/1/16 16:08:03;pcsgs02;opendihu 1.2, built Jan 16 2021, C++ 201402, GCC 10.2.0;8;7;0.00231255;39;0.491691;36;0.0321102;36;0.126879;900;0.140743;25;0.0365738;25;103.614;50;0.504426;5;0.504241;1;0.594556;25;0.0300428;50;9.12097e-06;4;0.00230163;50;0.000404235;5;7.0815e-05;1;0.0161635;25;103.651;50;0.0748431;1;4.20096e-06;39;0.0902503;39;0.0357852;25;0.00779456;1;103.652;148;103.652;75;153.078;666700;66.6785;300015;0.0372859;25;0.127904;1;0.0539614;1;324.623;1;323.731;25;0.075837;25;0.815118;25;0.001352;25;none;cg;10.000000;3e-05;1e-05;0.4;3e-05;1;36;10;normal;;none;cg;120414208;4096;131379200;577777664;[2, 2, 2];36;79;343;none;gmres;0.033742;9.49169e-10;vc-8;328.12;1481;1984;1480;1470;1481;1984;1897;343;
# timestamp;hostname;version;nRanks;rankNo;durationAssembleBoundaryConditions;n;durationComputeMappingBetweenMeshes;n;durationInitCellml;n;durationMap;n;durationMapFinalize;n;durationMapPrepare;n;durationParaview1D;n;durationParaview1DInit;n;durationParaview1DReduction;n;durationParaview1DWrite;n;durationParaview2D;n;durationParaview2D3DInit;n;durationParaview3D;n;durationParaview3DInit;n;durationParaview3DReduction;n;durationParaview3DWrite;n;durationParaviewOutput;n;durationReadGeometry;n;durationSetRightHandSide;n;durationSetStiffnessMatrix;n;durationSolve_activationSolver;n;durationSolve_potentialFlowSolver;n;durationWriteOutput;n;durationWriteOutputParaview;n;duration_0D;n;duration_1D;n;duration_bidomain;n;duration_subdomains_xy_init;n;duration_subdomains_z_init;n;duration_total;n;duration_total_advanceTimeSpan1;n;duration_total_advanceTimeSpan2;n;duration_total_transfer12;n;duration_total_transfer21;n;activationSolver_preconditionerType;activationSolver_solverType;currentSimulationTime;dt_0D;dt_1D;dt_3D;dt_splitting;duration_subdomains_xy_n;duration_subdomains_z_n;endTime;exit;exit_signal;implicitSolver_preconditionerType;implicitSolver_solverType;memoryData;memoryPage;memoryResidentSet;memoryVirtual;meta_partitioning;nInstancesComputedGlobally;nIterations_activationSolver;nIterations_potentialFlowSolver;potentialFlowSolver_preconditionerType;potentialFlowSolver_solverType;residualNorm_activationSolver;residualNorm_potentialFlowSolver;scenarioName;totalUsertime;~nDofs;~nDofs3Dmesh;~nDofsFiber0;~nElements;~nElements3Dmesh;~nElementsFiber0;~nNodes;~nNodes3Dmesh;~nNodesFiber0;nIterationsTotal_activationSolver;nIterationsTotal_potentialFlowSolver;
2021/1/16 16:12:10;pcsgs02;opendihu 1.2, built Jan 16 2021, C++ 201402, GCC 10.2.0;12;0;0.00269643;52;0.130153;49;3.67029;49;0.121843;1225;0.150791;25;0.000612266;25;1.08842;25;0.000327909;3;4.1196e-05;1;0.444664;25;0.000725503;25;1.1478e-05;2;0.00177705;25;0.000521583;2;0.0;0;0.0;0;1.09237;25;0.136942;1;5.27705e-06;52;0.07009;52;0.043155;25;0.0073499;1;1.09287;149;1.09275;50;172.776;666700;63.9952;300015;0.0553908;25;3.80428;1;3.71344;1;238.68;1;238.19;25;0.0554765;25;0.431812;25;0.00163279;25;none;cg;10.000000;3e-05;1e-05;0.4;3e-05;1;49;10;normal;;none;cg;122007552;4096;134615040;596131840;[2, 2, 3];49;78;321;none;gmres;0.0376388;9.00156e-10;vc-12;238.82;1481;1984;1481;1480;1470;1480;1481;1984;1481;1877;321;
2021/1/16 16:12:10;pcsgs02;opendihu 1.2, built Jan 16 2021, C++ 201402, GCC 10.2.0;12;1;0.00268789;45;0.136817;42;3.68607;42;0.10314;1050;0.149049;25;0.0194797;25;59.377;25;0.511347;3;0.511106;1;0.444702;25;0.000491844;25;8.90403e-06;2;0.000941763;25;0.000438657;2;0.0;0;0.0;0;59.3793;25;0.137337;1;5.28217e-06;45;0.0668355;45;0.0431806;25;0.00740305;1;59.3797;135;59.3796;50;126.006;666700;52.5201;300015;0.0551846;25;3.79796;1;3.72035;1;238.681;1;238.187;25;0.0552739;25;0.436363;25;0.00134874;25;none;cg;10.000000;3e-05;1e-05;0.4;3e-05;1;42;10;normal;;none;cg;111054848;4096;123633664;585179136;[2, 2, 3];42;78;321;none;gmres;0.0376388;9.00156e-10;vc-12;242.26;1481;1984;1480;1470;1481;1984;1877;321;
2021/1/16 16:12:10;pcsgs02;opendihu 1.2, built Jan 16 2021, C++ 201402, GCC 10.2.0;12;2;0.00268933;45;0.194052;42;3.65444;42;0.100413;1050;0.0964322;25;0.0179926;25;41.3459;50;0.511347;5;0.511108;1;0.444685;25;0.0373152;50;1.0226e-05;4;0.00256666;50;0.000432649;5;8.63901e-06;1;0.0199287;25;41.3894;50;0.0851986;1;4.43909e-06;45;0.0670153;45;0.0431629;25;0.0074046;1;41.39;160;41.3899;75;143.678;666700;52.6502;300015;0.0551437;25;3.76792;1;3.68964;1;238.682;1;238.144;25;0.0995802;25;0.436823;25;0.00168152;25;none;cg;10.000000;3e-05;1e-05;0.4;3e-05;1;42;10;normal;;none;cg;114335744;4096;126963712;588460032;[2, 2, 3];42;78;321;none;gmres;0.0376388;9.00156e-10;vc-12;242.32;1481;1984;1480;1470;1481;1984;1877;321;
2021/1/16 16:12:10;pcsgs02;opendihu 1.2, built Jan 16 2021, C++ 201402, GCC 10.2.0;12;3;0.00267916;39;0.235311;36;3.68036;36;0.0891909;900;0.067042;25;0.0212287;25;90.5207;50;0.511299;5;0.511105;1;0.44467;25;0.035608;50;1.01881e-05;4;0.00240517;50;0.000408785;5;7.3082e-05;1;0.0199485;25;90.5639;50;0.137291;1;4.13001e-06;39;0.0643868;39;0.0431687;25;0.00740433;1;90.5644;148;90.5643;75;102.046;666700;45.1027;300015;0.0551967;25;3.77853;1;3.71161;1;238.683;1;238.144;25;0.0995987;25;0.437272;25;0.0013905;25;none;cg;10.000000;3e-05;1e-05;0.4;3e-05;1;36;10;normal;;none;cg;105484288;4096;118640640;579608576;[2, 2, 3];36;78;321;none;gmres;0.0376388;9.00156e-10;vc-12;242.31;1481;1984;1480;1470;1481;1984;1877;321;
2021/1/16 16:12:10;pcsgs02;opendihu 1.2, built Jan 16 2021, C++ 201402, GCC 10.2.0;12;4;0.00268858;52;0.089285;49;3.67261;49;0.1228;1225;0.187066;25;0.0177645;25;1.08565;25;0.511399;3;0.511118;1;0.444719;25;0.000553149;25;1.0945e-05;2;0.00107282;25;0.000519617;2;0.0;0;0.0;0;1.08828;25;0.11059;1;4.86476e-06;52;0.070162;52;0.042956;25;0.00740427;1;1.08875;149;1.08863;50;149.69;666700;59.936;300015;0.0443535;25;3.80615;1;3.71532;1;238.68;1;238.187;25;0.0444352;25;0.44702;25;0.00168305;25;none;cg;10.000000;3e-05;1e-05;0.4;3e-05;1;49;10;normal;;none;cg;122138624;4096;134733824;596262912;[2, 2, 3];49;78;321;none;gmres;0.0376388;9.00156e-10;vc-12;245.9;1481;1984;1481;1480;1470;1480;1481;1984;1481;1877;321;
2021/1/16 16:12:10;pcsgs02;opendihu 1.2, built Jan 16 2021, C++ 201402, GCC 10.2.0;12;5;0.00267438;45;0.132552;42;3.68594;42;0.101398;1050;0.1675;25;0.0184969;25;59.3767;25;0.51135;3;0.511109;1;0.444738;25;0.000495002;25;8.19599e-06;2;0.000950747;25;0.000438565;2;0.0;0;0.0;0;59.3789;25;0.120341;1;5.45516e-06;45;0.0668616;45;0.0429569;25;0.00740397;1;59.3793;135;59.3792;50;123.595;666700;52.412;300015;0.0442533;25;3.7978;1;3.72018;1;238.681;1;238.187;25;0.0443466;25;0.447655;25;0.00140907;25;none;cg;10.000000;3e-05;1e-05;0.4;3e-05;1;42;10;normal;;none;cg;111837184;4096;124502016;585961472;[2, 2, 3];42;78;321;none;gmres;0.0376388;9.00156e-10;vc-12;245.89;1481;1984;1480;1470;1481;1984;1877;321;
2021/1/16 16:12:10;pcsgs02;opendihu 1.2, built Jan 16 2021, C++ 201402, GCC 10.2.0;12;6;0.00268431;45;0.203196;42;3.65478;42;0.100587;1050;0.0970873;25;0.0192218;25;41.3459;50;0.511351;5;0.511114;1;0.444692;25;0.0356772;50;1.13191e-05;4;0.00256651;50;0.00049363;5;7.2629e-05;1;0.0199621;25;41.3894;50;0.136401;1;4.99713e-06;45;0.0670368;45;0.0429723;25;0.00740476;1;41.39;160;41.3898;75;142.26;666700;52.5975;300015;0.0441075;25;3.76802;1;3.68974;1;238.682;1;238.144;25;0.0885555;25;0.447843;25;0.00168776;25;none;cg;10.000000;3e-05;1e-05;0.4;3e-05;1;42;10;normal;;none;cg;114528256;4096;128253952;588652544;[2, 2, 3];42;78;321;none;gmres;0.0376388;9.00156e-10;vc-12;245.95;1481;1984;1480;1470;1481;1984;1877;321;
2021/1/16 16:12:10;pcsgs02;opendihu 1.2, built Jan 16 2021, C++ 201402, GCC 10.2.0;12;7;0.00267294;39;0.255999;36;3.68013;36;0.0889357;900;0.0574128;25;0.0216704;25;90.5207;50;0.5113;5;0.511113;1;0.444676;25;0.0355889;50;9.46596e-06;4;0.00243124;50;0.000408802;5;7.4687e-05;1;0.0199539;25;90.5639;50;0.119555;1;4.07401e-06;39;0.064424;39;0.0429483;25;0.0074047;1;90.5644;148;90.5643;75;102.096;666700;45.0018;300015;0.0440606;25;3.77788;1;3.71095;1;238.683;1;238.144;25;0.0884914;25;0.448389;25;0.00147421;25;none;cg;10.000000;3e-05;1e-05;0.4;3e-05;1;36;10;normal;;none;cg;105885696;4096;119394304;580009984;[2, 2, 3];36;78;321;none;gmres;0.0376388;9.00156e-10;vc-12;245.96;1481;1984;1480;1470;1481;1984;1877;321;
2021/1/16 16:12:10;pcsgs02;opendihu 1.2, built Jan 16 2021, C++ 201402, GCC 10.2.0;12;8;0.0027021;52;0.131265;49;3.67279;49;0.120105;1225;0.14844;25;0.0177757;25;1.08559;25;0.511407;3;0.511125;1;0.444732;25;0.000570791;25;1.0503e-05;2;0.00105898;25;0.000520642;2;0.0;0;0.0;0;1.0882;25;0.103442;1;5.44987e-06;52;0.0701314;52;0.0429648;25;0.00740426;1;1.08866;149;1.08854;50;147.796;666700;60.105;300015;0.0439362;25;3.80645;1;3.71562;1;238.68;1;238.187;25;0.0440175;25;0.447476;25;0.0017044;25;none;cg;10.000000;3e-05;1e-05;0.4;3e-05;1;49;10;normal;;none;cg;121708544;4096;133890048;595832832;[2, 2, 3];49;78;321;none;gmres;0.0376388;9.00156e-10;vc-12;242.27;1481;1984;1481;1480;1470;1480;1481;1984;1481;1877;321;
2021/1/16 16:12:10;pcsgs02;opendihu 1.2, built Jan 16 2021, C++ 201402, GCC 10.2.0;12;9;0.00268339;45;0.172314;42;3.68575;42;0.102021;1050;0.1277;25;0.0182346;25;59.3767;25;0.511358;3;0.511118;1;0.444694;25;0.000482586;25;8.512e-06;2;0.000882465;25;0.000439927;2;0.0;0;0.0;0;59.3789;25;0.121278;1;4.55097e-06;45;0.0668523;45;0.0429653;25;0.00740454;1;59.3793;135;59.3792;50;123.053;666700;52.6249;300015;0.0438537;25;3.79772;1;3.72011;1;238.681;1;238.187;25;0.0439447;25;0.448089;25;0.00141502;25;none;cg;10.000000;3e-05;1e-05;0.4;3e-05;1;42;10;normal;;none;cg;111128576;4096;124002304;585252864;[2, 2, 3];42;78;321;none;gmres;0.0376388;9.00156e-10;vc-12;242.26;1481;1984;1480;1470;1481;1984;1877;321;
2021/1/16 16:12:10;pcsgs02;opendihu 1.2, built Jan 16 2021, C++ 201402, GCC 10.2.0;12;10;0.0026855;45;0.227123;42;3.65486;42;0.100097;1050;0.074886;25;0.0179911;25;41.3459;50;0.511356;5;0.511121;1;0.444679;25;0.0357026;50;1.059e-05;4;0.00255648;50;0.000499354;5;7.5944e-05;1;0.0199457;25;41.3876;50;0.117413;1;4.67995e-06;45;0.0670416;45;0.0429594;25;0.00740101;1;41.3882;160;41.3881;75;140.815;666700;52.6251;300015;0.043874;25;3.76805;1;3.68977;1;238.682;1;238.145;25;0.0865607;25;0.448049;25;0.00178202;25;none;cg;10.000000;3e-05;1e-05;0.4;3e-05;1;42;10;normal;;none;cg;113983488;4096;127078400;588107776;[2, 2, 3];42;78;321;none;gmres;0.0376388;9.00156e-10;vc-12;242.32;1481;1984;1480;1470;1481;1984;1877;321;
2021/1/16 16:12:10;pcsgs02;opendihu 1.2, built Jan 16 2021, C++ 201402, GCC 10.2.0;12;11;0.00267987;39;0.269645;36;3.68108;36;0.0899291;900;0.0459951;25;0.018939;25;90.5208;50;0.511307;5;0.511118;1;0.444924;25;0.0355841;50;8.434e-06;4;0.00238895;50;0.000408491;5;7.5601e-05;1;0.0200995;25;90.5622;50;0.137497;1;4.16895e-06;39;0.0644129;39;0.0429566;25;0.00740552;1;90.5627;148;90.5626;75;100.913;666700;45.0933;300015;0.043843;25;3.77883;1;3.71189;1;238.683;1;238.145;25;0.086539;25;0.448578;25;0.00152139;25;none;cg;10.000000;3e-05;1e-05;0.4;3e-05;1;36;10;normal;;none;cg;105607168;4096;118419456;579731456;[2, 2, 3];36;78;321;none;gmres;0.0376388;9.00156e-10;vc-12;242.24;1481;1984;1480;1470;1481;1984;1877;321;
# timestamp;hostname;version;nRanks;rankNo;durationAssembleBoundaryConditions;n;durationComputeMappingBetweenMeshes;n;durationInitCellml;n;durationMap;n;durationMapFinalize;n;durationMapPrepare;n;durationParaview1D;n;durationParaview1DInit;n;durationParaview1DReduction;n;durationParaview1DWrite;n;durationParaview2D;n;durationParaview2D3DInit;n;durationParaview3D;n;durationParaview3DInit;n;durationParaview3DReduction;n;durationParaview3DWrite;n;durationParaviewOutput;n;durationReadGeometry;n;durationSetRightHandSide;n;durationSetStiffnessMatrix;n;durationSolve_activationSolver;n;durationSolve_potentialFlowSolver;n;durationWriteOutput;n;durationWriteOutputParaview;n;duration_0D;n;duration_1D;n;duration_bidomain;n;duration_subdomains_xy_init;n;duration_subdomains_z_init;n;duration_total;n;duration_total_advanceTimeSpan1;n;duration_total_advanceTimeSpan2;n;duration_total_transfer12;n;duration_total_transfer21;n;activationSolver_preconditionerType;activationSolver_solverType;currentSimulationTime;dt_0D;dt_1D;dt_3D;dt_splitting;duration_subdomains_xy_n;duration_subdomains_z_n;endTime;exit;exit_signal;implicitSolver_preconditionerType;implicitSolver_solverType;memoryData;memoryPage;memoryResidentSet;memoryVirtual;meta_partitioning;nInstancesComputedGlobally;nIterations_activationSolver;nIterations_potentialFlowSolver;potentialFlowSolver_preconditionerType;potentialFlowSolver_solverType;residualNorm_activationSolver;residualNorm_potentialFlowSolver;scenarioName;totalUsertime;~nDofs;~nDofs3Dmesh;~nDofsFiber0;~nElements;~nElements3Dmesh;~nElementsFiber0;~nNodes;~nNodes3Dmesh;~nNodesFiber0;nIterationsTotal_activationSolver;nIterationsTotal_potentialFlowSolver;
2021/1/16 16:14:54;pcsgs02;opendihu 1.2, built Jan 16 2021, C++ 201402, GCC 10.2.0;18;0;0.00230982;38;0.108727;35;0.0358173;35;0.0877609;875;0.0759235;25;0.000328326;25;0.967138;25;0.000202404;3;4.9194e-05;1;0.362093;25;0.00062615;25;1.73969e-05;2;0.00204976;25;0.000384931;2;0.0;0;0.0;0;0.971102;25;0.226491;1;4.53484e-06;38;0.0481161;38;0.0560624;25;0.00851717;1;0.971669;121;0.971498;50;110.891;666700;45.19;300015;0.124507;25;0.126051;1;0.0608566;1;159.102;1;158.676;25;0.124588;25;0.298039;25;0.00115599;25;none;cg;10.000000;3e-05;1e-05;0.4;3e-05;1;35;10;normal;;none;cg;101130240;4096;114601984;600387584;[3, 2, 3];35;80;347;none;gmres;0.037057;9.1279e-10;vc-18;159.18;1481;1984;1481;1480;1470;1480;1481;1984;1481;1915;347;
2021/1/16 16:14:54;pcsgs02;opendihu 1.2, built Jan 16 2021, C++ 201402, GCC 10.2.0;18;1;0.00229768;31;0.037992;28;0.0292967;28;0.0716335;700;0.214762;25;0.0176982;25;20.1195;25;0.501953;3;0.501835;1;0.362132;25;0.000278846;25;6.25104e-06;2;0.000702962;25;0.000215711;2;0.0;0;0.0;0;20.1211;25;0.227006;1;3.5069e-06;31;0.0450687;31;0.0559786;25;0.00851656;1;20.1215;107;20.1214;50;100.763;666700;37.5513;300015;0.0607504;25;0.101696;1;0.0491576;1;159.102;1;158.671;25;0.0608337;25;0.369319;25;0.000911952;25;none;cg;10.000000;3e-05;1e-05;0.4;3e-05;1;28;10;normal;;none;cg;90492928;4096;104882176;589750272;[3, 2, 3];28;80;347;none;gmres;0.037057;9.1279e-10;vc-18;162.65;1481;1984;1480;1470;1481;1984;1915;347;
2021/1/16 16:14:54;pcsgs02;opendihu 1.2, built Jan 16 2021, C++ 201402, GCC 10.2.0;18;2;0.00230454;31;0.103915;28;0.0282069;28;0.0686498;700;0.15385;25;0.0171396;25;27.0737;25;0.501961;3;0.501843;1;0.362126;25;0.000291254;25;5.93805e-06;2;0.000714773;25;0.000221516;2;0.0;0;0.0;0;27.0753;25;0.199568;1;3.70096e-06;31;0.0452224;31;0.0559968;25;0.00851098;1;27.0757;107;27.0756;50;93.7362;666700;37.6258;300015;0.0592243;25;0.100257;1;0.047893;1;159.102;1;158.671;25;0.0593109;25;0.37087;25;0.00086217;25;none;cg;10.000000;3e-05;1e-05;0.4;3e-05;1;28;10;normal;;none;cg;90505216;4096;104501248;589762560;[3, 2, 3];28;80;347;none;gmres;0.037057;9.1279e-10;vc-18;162.67;1481;1984;1480;1470;1481;1984;1915;347;
2021/1/16 16:14:54;pcsgs02;opendihu 1.2, built Jan 16 2021, C++ 201402, GCC 10.2.0;18;3;0.002298;33;0.156266;30;0.0314319;30;0.070239;750;0.0348416;25;0.015874;25;19.2695;50;0.501979;5;0.501838;1;0.362139;25;0.0470738;50;9.37196e-06;4;0.00246555;50;0.000253235;5;5.63299e-06;1;0.0259723;25;19.3227;50;0.227115;1;3.60695e-06;33;0.045998;33;0.0560591;25;0.00851773;1;19.3234;136;19.3232;75;100.465;666700;37.6042;300015;0.124487;25;0.108718;1;0.0528042;1;159.104;1;158.617;25;0.179523;25;0.305408;25;0.00113538;25;none;cg;10.000000;3e-05;1e-05;0.4;3e-05;1;30;10;normal;;none;cg;96194560;4096;110534656;595451904;[3, 2, 3];30;80;347;none;gmres;0.037057;9.1279e-10;vc-18;162.68;1481;1984;1480;1470;1481;1984;1915;347;
2021/1/16 16:14:54;pcsgs02;opendihu 1.2, built Jan 16 2021, C++ 201402, GCC 10.2.0;18;4;0.00229465;27;0.0537736;24;0.0248084;24;0.0619837;600;0.21204;25;0.0174416;25;47.3328;50;0.501962;5;0.501853;1;0.362102;25;0.0452416;50;6.87595e-06;4;0.00240301;50;0.000261424;5;7.8911e-05;1;0.0259721;25;47.3858;50;0.212724;1;3.02389e-06;27;0.0433565;27;0.0559257;25;0.00851703;1;47.3863;124;47.3862;75;80.4186;666700;30.1089;300015;0.0607253;25;0.0872437;1;0.0419435;1;159.104;1;158.617;25;0.115734;25;0.369701;25;0.000936002;25;none;cg;10.000000;3e-05;1e-05;0.4;3e-05;1;24;10;normal;;none;cg;87298048;4096;102449152;586555392;[3, 2, 3];24;80;347;none;gmres;0.037057;9.1279e-10;vc-18;162.64;1481;1984;1480;1470;1481;1984;1915;347;
2021/1/16 16:14:54;pcsgs02;opendihu 1.2, built Jan 16 2021, C++ 201402, GCC 10.2.0;18;5;0.00228684;27;0.209358;24;0.0243588;24;0.0602535;600;0.0580467;25;0.0193274;25;55.9532;50;0.501934;5;0.501842;1;0.362122;25;0.0452694;50;7.72602e-06;4;0.00244022;50;0.000253447;5;8.1033e-05;1;0.025987;25;56.0041;50;0.226049;1;2.87098e-06;27;0.0434723;27;0.0559491;25;0.00851726;1;56.0046;124;56.0045;75;71.865;666700;30.0445;300015;0.059349;25;0.0861999;1;0.0411745;1;159.104;1;158.619;25;0.112374;25;0.371159;25;0.001012;25;none;cg;10.000000;3e-05;1e-05;0.4;3e-05;1;24;10;normal;;none;cg;87314432;4096;101867520;586571776;[3, 2, 3];24;80;347;none;gmres;0.037057;9.1279e-10;vc-18;162.69;1481;1984;1480;1470;1481;1984;1915;347;
2021/1/16 16:14:54;pcsgs02;opendihu 1.2, built Jan 16 2021, C++ 201402, GCC 10.2.0;18;6;0.00230328;38;0.0704767;35;0.0366432;35;0.0878648;875;0.12119;25;0.0159324;25;0.96254;25;0.501997;3;0.50185;1;0.362119;25;0.000404787;25;8.61805e-06;2;0.00102863;25;0.000275132;2;0.0;0;0.0;0;0.965052;25;0.228403;1;4.26121e-06;38;0.0481646;38;0.0558667;25;0.0085172;1;0.965596;121;0.965431;50;112.218;666700;45.125;300015;0.103854;25;0.126732;1;0.0615871;1;159.102;1;158.671;25;0.103941;25;0.324651;25;0.00124379;25;none;cg;10.000000;3e-05;1e-05;0.4;3e-05;1;35;10;normal;;none;cg;101847040;4096;115183616;601104384;[3, 2, 3];35;80;347;none;gmres;0.037057;9.1279e-10;vc-18;162.63;1481;1984;1481;1480;1470;1480;1481;1984;1481;1915;347;
2021/1/16 16:14:54;pcsgs02;opendihu 1.2, built Jan 16 2021, C++ 201402, GCC 10.2.0;18;7;0.00228831;31;0.0296854;28;0.0292706;28;0.0717494;700;0.226303;25;0.016749;25;20.1196;25;0.501961;3;0.501845;1;0.362143;25;0.000277368;25;6.33305e-06;2;0.000669113;25;0.000214349;2;0.0;0;0.0;0;20.1211;25;0.226629;1;3.50317e-06;31;0.0450904;31;0.0557345;25;0.00851753;1;20.1215;107;20.1214;50;89.7923;666700;33.7708;300015;0.0585729;25;0.101701;1;0.0491417;1;159.102;1;158.67;25;0.0586667;25;0.371555;25;0.000975519;25;none;cg;10.000000;3e-05;1e-05;0.4;3e-05;1;28;10;normal;;none;cg;90628096;4096;105652224;589885440;[3, 2, 3];28;80;347;none;gmres;0.037057;9.1279e-10;vc-18;162.67;1481;1984;1480;1470;1481;1984;1915;347;
2021/1/16 16:14:54;pcsgs02;opendihu 1.2, built Jan 16 2021, C++ 201402, GCC 10.2.0;18;8;0.00229562;31;0.0982766;28;0.0287802;28;0.0679819;700;0.163212;25;0.0163633;25;27.0738;25;0.501991;3;0.50187;1;0.362116;25;0.000305064;25;7.15198e-06;2;0.00068577;25;0.000225362;2;0.0;0;0.0;0;27.0754;25;0.118908;1;3.44566e-06;31;0.0452414;31;0.0557216;25;0.0085174;1;27.0758;107;27.0757;50;86.2382;666700;33.9502;300015;0.0569088;25;0.100781;1;0.048409;1;159.102;1;158.671;25;0.0570065;25;0.373173;25;0.000954414;25;none;cg;10.000000;3e-05;1e-05;0.4;3e-05;1;28;10;normal;;none;cg;90685440;4096;104587264;589942784;[3, 2, 3];28;80;347;none;gmres;0.037057;9.1279e-10;vc-18;162.69;1481;1984;1480;1470;1481;1984;1915;347;
2021/1/16 16:14:54;pcsgs02;opendihu 1.2, built Jan 16 2021, C++ 201402, GCC 10.2.0;18;9;0.00229036;33;0.163361;30;0.0305404;30;0.0722312;750;0.0451363;25;0.0172163;25;19.2695;50;0.501993;5;0.50185;1;0.362136;25;0.0453535;50;7.38306e-06;4;0.00248441;50;0.000322945;5;8.0898e-05;1;0.0259829;25;19.3227;50;0.227178;1;3.56982e-06;33;0.0460169;33;0.0558759;25;0.00851794;1;19.3234;136;19.3232;75;101.227;666700;37.5963;300015;0.103794;25;0.107749;1;0.0518294;1;159.104;1;158.617;25;0.158819;25;0.32605;25;0.0011682;25;none;cg;10.000000;3e-05;1e-05;0.4;3e-05;1;30;10;normal;;none;cg;96477184;4096;110903296;595734528;[3, 2, 3];30;80;347;none;gmres;0.037057;9.1279e-10;vc-18;162.68;1481;1984;1480;1470;1481;1984;1915;347;
2021/1/16 16:14:54;pcsgs02;opendihu 1.2, built Jan 16 2021, C++ 201402, GCC 10.2.0;18;10;0.00228625;27;0.0452528;24;0.0249558;24;0.0618129;600;0.221215;25;0.0196348;25;47.3329;50;0.50196;5;0.501856;1;0.362106;25;0.0452272;50;8.29098e-06;4;0.00234155;50;0.000260577;5;8.369e-05;1;0.0259741;25;47.3857;50;0.229574;1;3.51883e-06;27;0.0433692;27;0.0557156;25;0.0085109;1;47.3863;124;47.3862;75;80.5719;666700;29.8663;300015;0.0584563;25;0.0874028;1;0.0421003;1;159.104;1;158.617;25;0.113518;25;0.371984;25;0.000979678;25;none;cg;10.000000;3e-05;1e-05;0.4;3e-05;1;24;10;normal;;none;cg;87642112;4096;102735872;586899456;[3, 2, 3];24;80;347;none;gmres;0.037057;9.1279e-10;vc-18;162.65;1481;1984;1480;1470;1481;1984;1915;347;
2021/1/16 16:14:54;pcsgs02;opendihu 1.2, built Jan 16 2021, C++ 201402, GCC 10.2.0;18;11;0.00228466;27;0.227907;24;0.0242438;24;0.0602594;600;0.0421951;25;0.0190827;25;55.9532;50;0.501944;5;0.501852;1;0.36216;25;0.045204;50;7.59697e-06;4;0.0023585;50;0.000230556;5;8.4598e-05;1;0.0259644;25;56.0041;50;0.226997;1;3.08984e-06;27;0.0434789;27;0.0557337;25;0.00851892;1;56.0047;124;56.0046;75;71.0044;666700;30.071;300015;0.056898;25;0.0860736;1;0.0410324;1;159.104;1;158.619;25;0.110008;25;0.37357;25;0.00102012;25;none;cg;10.000000;3e-05;1e-05;0.4;3e-05;1;24;10;normal;;none;cg;87691264;4096;102719488;586948608;[3, 2, 3];24;80;347;none;gmres;0.037057;9.1279e-10;vc-18;162.7;1481;1984;1480;1470;1481;1984;1915;347;
2021/1/16 16:14:54;pcsgs02;opendihu 1.2, built Jan 16 2021, C++ 201402, GCC 10.2.0;18;12;0.00230796;38;0.102927;35;0.0364166;35;0.0849878;875;0.0923012;25;0.0159616;25;0.962259;25;0.502015;3;0.501866;1;0.362127;25;0.000345642;25;7.27299e-06;2;0.00085513;25;0.000273398;2;0.0;0;0.0;0;0.964424;25;0.205518;1;4.58781e-06;38;0.0481608;38;0.055856;25;0.00851681;1;0.964956;121;0.964798;50;101.351;666700;41.2671;300015;0.103576;25;0.126611;1;0.0614473;1;159.102;1;158.671;25;0.10367;25;0.325625;25;0.00122032;25;none;cg;10.000000;3e-05;1e-05;0.4;3e-05;1;35;10;normal;;none;cg;100585472;4096;114634752;599842816;[3, 2, 3];35;80;347;none;gmres;0.037057;9.1279e-10;vc-18;162.65;1481;1984;1481;1480;1470;1480;1481;1984;1481;1915;347;
2021/1/16 16:14:54;pcsgs02;opendihu 1.2, built Jan 16 2021, C++ 201402, GCC 10.2.0;18;13;0.00229219;31;0.039727;28;0.0285584;28;0.0708847;700;0.21737;25;0.0164466;25;20.1198;25;0.501972;3;0.501855;1;0.362145;25;0.000302179;25;5.84102e-06;2;0.000677597;25;0.000215565;2;0.0;0;0.0;0;20.1215;25;0.228736;1;3.44909e-06;31;0.0450712;31;0.0557654;25;0.00851802;1;20.1219;107;20.1218;50;91.0257;666700;33.9669;300015;0.0583558;25;0.100952;1;0.048431;1;159.102;1;158.671;25;0.0584423;25;0.371323;25;0.000952123;25;none;cg;10.000000;3e-05;1e-05;0.4;3e-05;1;28;10;normal;;none;cg;90226688;4096;105050112;589484032;[3, 2, 3];28;80;347;none;gmres;0.037057;9.1279e-10;vc-18;162.62;1481;1984;1480;1470;1481;1984;1915;347;
2021/1/16 16:14:54;pcsgs02;opendihu 1.2, built Jan 16 2021, C++ 201402, GCC 10.2.0;18;14;0.00229561;31;0.133657;28;0.0282342;28;0.0674197;700;0.129237;25;0.0160602;25;27.0738;25;0.501982;3;0.501864;1;0.362115;25;0.000296712;25;6.75197e-06;2;0.000701868;25;0.000224641;2;0.0;0;0.0;0;27.0753;25;0.188748;1;3.13087e-06;31;0.0452463;31;0.0557227;25;0.00851502;1;27.0757;107;27.0756;50;84.3357;666700;33.9143;300015;0.0566458;25;0.100309;1;0.0479427;1;159.102;1;158.671;25;0.0567371;25;0.373439;25;0.000955315;25;none;cg;10.000000;3e-05;1e-05;0.4;3e-05;1;28;10;normal;;none;cg;90329088;4096;103903232;589586432;[3, 2, 3];28;80;347;none;gmres;0.037057;9.1279e-10;vc-18;162.69;1481;1984;1480;1470;1481;1984;1915;347;
2021/1/16 16:14:54;pcsgs02;opendihu 1.2, built Jan 16 2021, C++ 201402, GCC 10.2.0;18;15;0.00229589;33;0.184951;30;0.0314921;30;0.0703602;750;0.0266289;25;0.016507;25;19.2694;50;0.501999;5;0.501859;1;0.362102;25;0.045406;50;9.52301e-06;4;0.00249995;50;0.00033038;5;8.463e-05;1;0.0259499;25;19.3208;50;0.227316;1;3.64502e-06;33;0.0460226;33;0.0558764;25;0.00851777;1;19.3215;136;19.3213;75;100.124;666700;37.547;300015;0.103541;25;0.108626;1;0.052698;1;159.104;1;158.619;25;0.156649;25;0.326278;25;0.00119421;25;none;cg;10.000000;3e-05;1e-05;0.4;3e-05;1;30;10;normal;;none;cg;96231424;4096;110161920;595488768;[3, 2, 3];30;80;347;none;gmres;0.037057;9.1279e-10;vc-18;162.68;1481;1984;1480;1470;1481;1984;1915;347;
2021/1/16 16:14:54;pcsgs02;opendihu 1.2, built Jan 16 2021, C++ 201402, GCC 10.2.0;18;16;0.00229428;27;0.0479001;24;0.0246403;24;0.0605437;600;0.223181;25;0.0165589;25;47.3328;50;0.501977;5;0.50187;1;0.362096;25;0.045255;50;7.37992e-06;4;0.00232824;50;0.000268881;5;8.5069e-05;1;0.025969;25;47.3838;50;0.118444;1;2.90392e-06;27;0.0433609;27;0.05577;25;0.00851643;1;47.3843;124;47.3842;75;80.5769;666700;30.1027;300015;0.0583082;25;0.0870573;1;0.0417453;1;159.104;1;158.619;25;0.111437;25;0.372174;25;0.00103935;25;none;cg;10.000000;3e-05;1e-05;0.4;3e-05;1;24;10;normal;;none;cg;87330816;4096;101847040;586588160;[3, 2, 3];24;80;347;none;gmres;0.037057;9.1279e-10;vc-18;162.7;1481;1984;1480;1470;1481;1984;1915;347;
2021/1/16 16:14:54;pcsgs02;opendihu 1.2, built Jan 16 2021, C++ 201402, GCC 10.2.0;18;17;0.00229242;27;0.232605;24;0.0243743;24;0.0586959;600;0.0417418;25;0.017087;25;55.9532;50;0.501956;5;0.501865;1;0.362295;25;0.0452667;50;7.36699e-06;4;0.00232414;50;0.000235725;5;8.7951e-05;1;0.0261391;25;56.0041;50;0.228834;1;2.8892e-06;27;0.0434616;27;0.0557176;25;0.00851804;1;56.0047;124;56.0045;75;70.8491;666700;30.1496;300015;0.0566309;25;0.0862528;1;0.0412038;1;159.104;1;158.619;25;0.109731;25;0.373898;25;0.00106539;25;none;cg;10.000000;3e-05;1e-05;0.4;3e-05;1;24;10;normal;;none;cg;87515136;4096;101924864;586772480;[3, 2, 3];24;80;347;none;gmres;0.037057;9.1279e-10;vc-18;162.7;1481;1984;1480;1470;1481;1984;1915;347;
